Day,counterbalancing,Pavlovian_cbx,DevaluedOutcome1,DevaluedStimulus,DevaluedLever,timebins,subject,LPFreq_Flash,LPDur_Flash,LPFreq_Steady,LPDur_Steady,Reinforcer_Flash,Reinforcer_Steady,Stimulus,LPFreq,LPDur,Reinforcer
1,A,X,Banana,Steady,Right,1,17____,31,8.19999999999976,2,3.52,7,0,Devalued,2,3.52,0
1,A,X,Banana,Steady,Right,1,17____,31,8.19999999999976,2,3.52,7,0,NonDevalued,31,8.19999999999976,7
1,A,X,Banana,Steady,Right,2,17____,21,10.1000000000003,1,1.38,4,0,Devalued,1,1.38,0
1,A,X,Banana,Steady,Right,2,17____,21,10.1000000000003,1,1.38,4,0,NonDevalued,21,10.1000000000003,4
1,A,X,Banana,Steady,Right,3,17____,26,17.5599999999999,1,1.87999999999988,7,0,Devalued,1,1.87999999999988,0
1,A,X,Banana,Steady,Right,3,17____,26,17.5599999999999,1,1.87999999999988,7,0,NonDevalued,26,17.5599999999999,7
1,A,X,Chocolate,Flash,Left,1,21____,0,0,3,1.06,0,1,Devalued,0,0,0
1,A,X,Chocolate,Flash,Left,1,21____,0,0,3,1.06,0,1,NonDevalued,3,1.06,1
1,A,X,Chocolate,Flash,Left,1,23____,17,7.71999999999994,15,48.5800000000001,4,5,Devalued,17,7.71999999999994,4
1,A,X,Chocolate,Flash,Left,1,23____,17,7.71999999999994,15,48.5800000000001,4,5,NonDevalued,15,48.5800000000001,5
1,A,X,Chocolate,Flash,Left,1,44____,5,0.560000000000031,15,2.43999999999988,1,6,Devalued,5,0.560000000000031,1
1,A,X,Chocolate,Flash,Left,1,44____,5,0.560000000000031,15,2.43999999999988,1,6,NonDevalued,15,2.43999999999988,6
1,A,X,Chocolate,Flash,Left,2,21____,1,0.200000000000045,1,0.700000000000046,0,1,Devalued,1,0.200000000000045,0
1,A,X,Chocolate,Flash,Left,2,21____,1,0.200000000000045,1,0.700000000000046,0,1,NonDevalued,1,0.700000000000046,1
1,A,X,Chocolate,Flash,Left,2,23____,42,8.74000000000024,23,47.0000000000002,7,9,Devalued,42,8.74000000000024,7
1,A,X,Chocolate,Flash,Left,2,23____,42,8.74000000000024,23,47.0000000000002,7,9,NonDevalued,23,47.0000000000002,9
1,A,X,Chocolate,Flash,Left,2,44____,5,0.819999999999936,1,1.01999999999998,2,0,Devalued,5,0.819999999999936,2
1,A,X,Chocolate,Flash,Left,2,44____,5,0.819999999999936,1,1.01999999999998,2,0,NonDevalued,1,1.01999999999998,0
1,A,X,Chocolate,Flash,Left,3,21____,0,0,0,0,0,0,Devalued,0,0,0
1,A,X,Chocolate,Flash,Left,3,21____,0,0,0,0,0,0,NonDevalued,0,0,0
1,A,X,Chocolate,Flash,Left,3,23____,28,13.0800000000002,1,2.75999999999999,8,0,Devalued,28,13.0800000000002,8
1,A,X,Chocolate,Flash,Left,3,23____,28,13.0800000000002,1,2.75999999999999,8,0,NonDevalued,1,2.75999999999999,0
1,A,X,Chocolate,Flash,Left,3,44____,6,3.06000000000017,10,2.46000000000004,2,2,Devalued,6,3.06000000000017,2
1,A,X,Chocolate,Flash,Left,3,44____,6,3.06000000000017,10,2.46000000000004,2,2,NonDevalued,10,2.46000000000004,2
1,A,Y,Banana,Flash,Left,1,42____,10,8.12,10,8.12,3,6,Devalued,10,8.12,3
1,A,Y,Banana,Flash,Left,1,42____,10,8.12,10,8.12,3,6,NonDevalued,10,8.12,6
1,A,Y,Banana,Flash,Left,2,42____,9,4.88,9,4.88,2,1,Devalued,9,4.88,2
1,A,Y,Banana,Flash,Left,2,42____,9,4.88,9,4.88,2,1,NonDevalued,9,4.88,1
1,A,Y,Banana,Flash,Left,3,42____,3,7.51999999999998,3,7.51999999999998,3,1,Devalued,3,7.51999999999998,3
1,A,Y,Banana,Flash,Left,3,42____,3,7.51999999999998,3,7.51999999999998,3,1,NonDevalued,3,7.51999999999998,1
1,A,Y,Chocolate,Steady,Left,1,19____,4,4.78000000000005,4,4.78000000000005,0,3,Devalued,4,4.78000000000005,3
1,A,Y,Chocolate,Steady,Left,1,19____,4,4.78000000000005,4,4.78000000000005,0,3,NonDevalued,4,4.78000000000005,0
1,A,Y,Chocolate,Steady,Left,2,19____,10,1.68000000000006,10,1.68000000000006,3,6,Devalued,10,1.68000000000006,6
1,A,Y,Chocolate,Steady,Left,2,19____,10,1.68000000000006,10,1.68000000000006,3,6,NonDevalued,10,1.68000000000006,3
1,A,Y,Chocolate,Steady,Left,3,19____,1,0.159999999999854,1,0.159999999999854,0,4,Devalued,1,0.159999999999854,4
1,A,Y,Chocolate,Steady,Left,3,19____,1,0.159999999999854,1,0.159999999999854,0,4,NonDevalued,1,0.159999999999854,0
1,B,X,Banana,Steady,Right,1,22____,23,14.9999999999999,23,14.9999999999999,9,0,Devalued,23,14.9999999999999,0
1,B,X,Banana,Steady,Right,1,22____,23,14.9999999999999,23,14.9999999999999,9,0,NonDevalued,23,14.9999999999999,9
1,B,X,Banana,Steady,Right,2,22____,1,1.25999999999999,1,1.25999999999999,0,0,Devalued,1,1.25999999999999,0
1,B,X,Banana,Steady,Right,2,22____,1,1.25999999999999,1,1.25999999999999,0,0,NonDevalued,1,1.25999999999999,0
1,B,X,Banana,Steady,Right,3,22____,3,2.34000000000015,3,2.34000000000015,1,0,Devalued,3,2.34000000000015,0
1,B,X,Banana,Steady,Right,3,22____,3,2.34000000000015,3,2.34000000000015,1,0,NonDevalued,3,2.34000000000015,1
1,B,X,Chocolate,Flash,Right,1,18____,2,0.579999999999984,2,0.579999999999984,2,0,Devalued,2,0.579999999999984,2
1,B,X,Chocolate,Flash,Right,1,18____,2,0.579999999999984,2,0.579999999999984,2,0,NonDevalued,2,0.579999999999984,0
1,B,X,Chocolate,Flash,Right,2,18____,0,0,0,0,0,0,Devalued,0,0,0
1,B,X,Chocolate,Flash,Right,2,18____,0,0,0,0,0,0,NonDevalued,0,0,0
1,B,X,Chocolate,Flash,Right,3,18____,0,0,0,0,0,0,Devalued,0,0,0
1,B,X,Chocolate,Flash,Right,3,18____,0,0,0,0,0,0,NonDevalued,0,0,0
1,B,Y,Banana,Flash,Right,1,20____,0,0,7,8.16000000000005,0,2,Devalued,0,0,0
1,B,Y,Banana,Flash,Right,1,20____,0,0,7,8.16000000000005,0,2,NonDevalued,7,8.16000000000005,2
1,B,Y,Banana,Flash,Right,2,20____,1,0.759999999999991,7,1.90000000000009,1,3,Devalued,1,0.759999999999991,1
1,B,Y,Banana,Flash,Right,2,20____,1,0.759999999999991,7,1.90000000000009,1,3,NonDevalued,7,1.90000000000009,3
1,B,Y,Banana,Flash,Right,3,20____,0,0,6,5.88000000000034,0,3,Devalued,0,0,0
1,B,Y,Banana,Flash,Right,3,20____,0,0,6,5.88000000000034,0,3,NonDevalued,6,5.88000000000034,3
1,B,Y,Chocolate,Steady,Left,1,24____,6,1.96000000000004,2,0.340000000000032,2,1,Devalued,2,0.340000000000032,1
1,B,Y,Chocolate,Steady,Left,1,24____,6,1.96000000000004,2,0.340000000000032,2,1,NonDevalued,6,1.96000000000004,2
1,B,Y,Chocolate,Steady,Left,1,25____,13,11.1399999999998,3,2.32000000000005,4,1,Devalued,3,2.32000000000005,1
1,B,Y,Chocolate,Steady,Left,1,25____,13,11.1399999999998,3,2.32000000000005,4,1,NonDevalued,13,11.1399999999998,4
1,B,Y,Chocolate,Steady,Left,1,43____,65,11.02,23,5.11999999999985,14,4,Devalued,23,5.11999999999985,4
1,B,Y,Chocolate,Steady,Left,1,43____,65,11.02,23,5.11999999999985,14,4,NonDevalued,65,11.02,14
1,B,Y,Chocolate,Steady,Left,2,24____,17,15.4400000000006,4,2.53999999999996,7,2,Devalued,4,2.53999999999996,2
1,B,Y,Chocolate,Steady,Left,2,24____,17,15.4400000000006,4,2.53999999999996,7,2,NonDevalued,17,15.4400000000006,7
1,B,Y,Chocolate,Steady,Left,2,25____,8,6.49999999999989,11,5.19999999999993,2,3,Devalued,11,5.19999999999993,3
1,B,Y,Chocolate,Steady,Left,2,25____,8,6.49999999999989,11,5.19999999999993,2,3,NonDevalued,8,6.49999999999989,2
1,B,Y,Chocolate,Steady,Left,2,43____,40,9.58000000000004,36,40.2399999999996,10,8,Devalued,36,40.2399999999996,8
1,B,Y,Chocolate,Steady,Left,2,43____,40,9.58000000000004,36,40.2399999999996,10,8,NonDevalued,40,9.58000000000004,10
1,B,Y,Chocolate,Steady,Left,3,24____,15,13.3799999999997,5,2.02000000000021,7,1,Devalued,5,2.02000000000021,1
1,B,Y,Chocolate,Steady,Left,3,24____,15,13.3799999999997,5,2.02000000000021,7,1,NonDevalued,15,13.3799999999997,7
1,B,Y,Chocolate,Steady,Left,3,25____,4,7.58000000000016,9,6.49999999999977,1,4,Devalued,9,6.49999999999977,4
1,B,Y,Chocolate,Steady,Left,3,25____,4,7.58000000000016,9,6.49999999999977,1,4,NonDevalued,4,7.58000000000016,1
1,B,Y,Chocolate,Steady,Left,3,43____,13,7.82000000000016,0,0,3,0,Devalued,0,0,0
1,B,Y,Chocolate,Steady,Left,3,43____,13,7.82000000000016,0,0,3,0,NonDevalued,13,7.82000000000016,3
2,A,X,Banana,Steady,Right,1,17____,15,5.53999999999974,4,2.45999999999997,5,0,Devalued,4,2.45999999999997,0
2,A,X,Banana,Steady,Right,1,17____,15,5.53999999999974,4,2.45999999999997,5,0,NonDevalued,15,5.53999999999974,5
2,A,X,Banana,Steady,Right,2,17____,21,10.0399999999998,3,14.64,7,0,Devalued,3,14.64,0
2,A,X,Banana,Steady,Right,2,17____,21,10.0399999999998,3,14.64,7,0,NonDevalued,21,10.0399999999998,7
2,A,X,Banana,Steady,Right,3,17____,17,7.41999999999962,0,0,5,0,Devalued,0,0,0
2,A,X,Banana,Steady,Right,3,17____,17,7.41999999999962,0,0,5,0,NonDevalued,17,7.41999999999962,5
2,A,X,Chocolate,Flash,Left,1,21____,1,0.399999999999999,1,3.02,1,0,Devalued,1,0.399999999999999,1
2,A,X,Chocolate,Flash,Left,1,21____,1,0.399999999999999,1,3.02,1,0,NonDevalued,1,3.02,0
2,A,X,Chocolate,Flash,Left,1,23____,15,10.16,6,29.58,5,3,Devalued,15,10.16,5
2,A,X,Chocolate,Flash,Left,1,23____,15,10.16,6,29.58,5,3,NonDevalued,6,29.58,3
2,A,X,Chocolate,Flash,Left,1,44____,3,0.199999999999996,12,1.5799999999999499,2,4,Devalued,3,0.199999999999996,2
2,A,X,Chocolate,Flash,Left,1,44____,3,0.199999999999996,12,1.5799999999999499,2,4,NonDevalued,12,1.5799999999999499,4
2,A,X,Chocolate,Flash,Left,2,21____,0,0,0,0,0,0,Devalued,0,0,0
2,A,X,Chocolate,Flash,Left,2,21____,0,0,0,0,0,0,NonDevalued,0,0,0
2,A,X,Chocolate,Flash,Left,2,23____,31,25.5799999999998,9,67.26,10,4,Devalued,31,25.5799999999998,10
2,A,X,Chocolate,Flash,Left,2,23____,31,25.5799999999998,9,67.26,10,4,NonDevalued,9,67.26,4
2,A,X,Chocolate,Flash,Left,2,44____,7,4.10000000000014,4,1.50000000000011,2,1,Devalued,7,4.10000000000014,2
2,A,X,Chocolate,Flash,Left,2,44____,7,4.10000000000014,4,1.50000000000011,2,1,NonDevalued,4,1.50000000000011,1
2,A,X,Chocolate,Flash,Left,3,21____,0,0,1,0.0600000000001728,0,1,Devalued,0,0,0
2,A,X,Chocolate,Flash,Left,3,21____,0,0,1,0.0600000000001728,0,1,NonDevalued,1,0.0600000000001728,1
2,A,X,Chocolate,Flash,Left,3,23____,13,13.1199999999999,21,18.1000000000001,3,6,Devalued,13,13.1199999999999,3
2,A,X,Chocolate,Flash,Left,3,23____,13,13.1199999999999,21,18.1000000000001,3,6,NonDevalued,21,18.1000000000001,6
2,A,X,Chocolate,Flash,Left,3,44____,7,12.2200000000003,2,0.0999999999999091,3,1,Devalued,7,12.2200000000003,3
2,A,X,Chocolate,Flash,Left,3,44____,7,12.2200000000003,2,0.0999999999999091,3,1,NonDevalued,2,0.0999999999999091,1
2,A,Y,Banana,Flash,Left,1,42____,8,9.90000000000008,8,9.90000000000008,4,2,Devalued,8,9.90000000000008,4
2,A,Y,Banana,Flash,Left,1,42____,8,9.90000000000008,8,9.90000000000008,4,2,NonDevalued,8,9.90000000000008,2
2,A,Y,Banana,Flash,Left,2,42____,5,20.62,5,20.62,3,0,Devalued,5,20.62,3
2,A,Y,Banana,Flash,Left,2,42____,5,20.62,5,20.62,3,0,NonDevalued,5,20.62,0
2,A,Y,Banana,Flash,Left,3,42____,0,0,0,0,0,0,Devalued,0,0,0
2,A,Y,Banana,Flash,Left,3,42____,0,0,0,0,0,0,NonDevalued,0,0,0
2,A,Y,Chocolate,Steady,Left,1,19____,15,2.93999999999993,15,2.93999999999993,6,13,Devalued,15,2.93999999999993,13
2,A,Y,Chocolate,Steady,Left,1,19____,15,2.93999999999993,15,2.93999999999993,6,13,NonDevalued,15,2.93999999999993,6
2,A,Y,Chocolate,Steady,Left,2,19____,4,15.0799999999999,4,15.0799999999999,0,4,Devalued,4,15.0799999999999,4
2,A,Y,Chocolate,Steady,Left,2,19____,4,15.0799999999999,4,15.0799999999999,0,4,NonDevalued,4,15.0799999999999,0
2,A,Y,Chocolate,Steady,Left,3,19____,22,17.1199999999999,22,17.1199999999999,6,1,Devalued,22,17.1199999999999,1
2,A,Y,Chocolate,Steady,Left,3,19____,22,17.1199999999999,22,17.1199999999999,6,1,NonDevalued,22,17.1199999999999,6
2,B,X,Banana,Steady,Right,1,22____,15,4.96000000000014,15,4.96000000000014,7,0,Devalued,15,4.96000000000014,0
2,B,X,Banana,Steady,Right,1,22____,15,4.96000000000014,15,4.96000000000014,7,0,NonDevalued,15,4.96000000000014,7
2,B,X,Banana,Steady,Right,2,22____,7,4.15999999999997,7,4.15999999999997,4,0,Devalued,7,4.15999999999997,0
2,B,X,Banana,Steady,Right,2,22____,7,4.15999999999997,7,4.15999999999997,4,0,NonDevalued,7,4.15999999999997,4
2,B,X,Banana,Steady,Right,3,22____,5,3.22000000000048,5,3.22000000000048,3,6,Devalued,5,3.22000000000048,6
2,B,X,Banana,Steady,Right,3,22____,5,3.22000000000048,5,3.22000000000048,3,6,NonDevalued,5,3.22000000000048,3
2,B,X,Chocolate,Flash,Right,1,18____,1,2.61999999999995,1,2.61999999999995,0,1,Devalued,1,2.61999999999995,0
2,B,X,Chocolate,Flash,Right,1,18____,1,2.61999999999995,1,2.61999999999995,0,1,NonDevalued,1,2.61999999999995,1
2,B,X,Chocolate,Flash,Right,2,18____,1,2.1400000000001,1,2.1400000000001,0,1,Devalued,1,2.1400000000001,0
2,B,X,Chocolate,Flash,Right,2,18____,1,2.1400000000001,1,2.1400000000001,0,1,NonDevalued,1,2.1400000000001,1
2,B,X,Chocolate,Flash,Right,3,18____,0,0,0,0,0,0,Devalued,0,0,0
2,B,X,Chocolate,Flash,Right,3,18____,0,0,0,0,0,0,NonDevalued,0,0,0
2,B,Y,Banana,Flash,Right,1,20____,0,0,5,6.90000000000003,0,3,Devalued,0,0,0
2,B,Y,Banana,Flash,Right,1,20____,0,0,5,6.90000000000003,0,3,NonDevalued,5,6.90000000000003,3
2,B,Y,Banana,Flash,Right,2,20____,0,0,2,1.86000000000001,0,1,Devalued,0,0,0
2,B,Y,Banana,Flash,Right,2,20____,0,0,2,1.86000000000001,0,1,NonDevalued,2,1.86000000000001,1
2,B,Y,Banana,Flash,Right,3,20____,0,0,0,0,0,0,Devalued,0,0,0
2,B,Y,Banana,Flash,Right,3,20____,0,0,0,0,0,0,NonDevalued,0,0,0
2,B,Y,Chocolate,Steady,Left,1,24____,20,9.99999999999983,1,0.319999999999993,6,0,Devalued,1,0.319999999999993,0
2,B,Y,Chocolate,Steady,Left,1,24____,20,9.99999999999983,1,0.319999999999993,6,0,NonDevalued,20,9.99999999999983,6
2,B,Y,Chocolate,Steady,Left,1,25____,5,3.5800000000001,11,9.62000000000002,2,5,Devalued,11,9.62000000000002,5
2,B,Y,Chocolate,Steady,Left,1,25____,5,3.5800000000001,11,9.62000000000002,2,5,NonDevalued,5,3.5800000000001,2
2,B,Y,Chocolate,Steady,Left,1,43____,32,16.52,8,5.4,6,4,Devalued,8,5.4,4
2,B,Y,Chocolate,Steady,Left,1,43____,32,16.52,8,5.4,6,4,NonDevalued,32,16.52,6
2,B,Y,Chocolate,Steady,Left,2,24____,34,20.2600000000001,0,0,11,0,Devalued,0,0,0
2,B,Y,Chocolate,Steady,Left,2,24____,34,20.2600000000001,0,0,11,0,NonDevalued,34,20.2600000000001,11
2,B,Y,Chocolate,Steady,Left,2,25____,8,6.60000000000002,5,4.7199999999998,3,1,Devalued,5,4.7199999999998,1
2,B,Y,Chocolate,Steady,Left,2,25____,8,6.60000000000002,5,4.7199999999998,3,1,NonDevalued,8,6.60000000000002,3
2,B,Y,Chocolate,Steady,Left,2,43____,4,4.57999999999981,0,0,2,0,Devalued,0,0,0
2,B,Y,Chocolate,Steady,Left,2,43____,4,4.57999999999981,0,0,2,0,NonDevalued,4,4.57999999999981,2
2,B,Y,Chocolate,Steady,Left,3,24____,22,11.0399999999997,11,6.13999999999942,7,3,Devalued,11,6.13999999999942,3
2,B,Y,Chocolate,Steady,Left,3,24____,22,11.0399999999997,11,6.13999999999942,7,3,NonDevalued,22,11.0399999999997,7
2,B,Y,Chocolate,Steady,Left,3,25____,4,1.74000000000001,2,2.90000000000009,1,0,Devalued,2,2.90000000000009,0
2,B,Y,Chocolate,Steady,Left,3,25____,4,1.74000000000001,2,2.90000000000009,1,0,NonDevalued,4,1.74000000000001,1
2,B,Y,Chocolate,Steady,Left,3,43____,0,0,2,5.18000000000006,0,1,Devalued,2,5.18000000000006,1
2,B,Y,Chocolate,Steady,Left,3,43____,0,0,2,5.18000000000006,0,1,NonDevalued,0,0,0
3,A,X,Banana,Steady,Right,1,17____,15,4.80000000000015,3,187.46,6,0,Devalued,3,187.46,0
3,A,X,Banana,Steady,Right,1,17____,15,4.80000000000015,3,187.46,6,0,NonDevalued,15,4.80000000000015,6
3,A,X,Banana,Steady,Right,2,17____,7,1.82000000000028,1,4.07999999999993,4,0,Devalued,1,4.07999999999993,0
3,A,X,Banana,Steady,Right,2,17____,7,1.82000000000028,1,4.07999999999993,4,0,NonDevalued,7,1.82000000000028,4
3,A,X,Banana,Steady,Right,3,17____,7,2.09999999999991,0,0,3,0,Devalued,0,0,0
3,A,X,Banana,Steady,Right,3,17____,7,2.09999999999991,0,0,3,0,NonDevalued,7,2.09999999999991,3
3,A,X,Chocolate,Flash,Left,1,21____,0,0,0,0,0,0,Devalued,0,0,0
3,A,X,Chocolate,Flash,Left,1,21____,0,0,0,0,0,0,NonDevalued,0,0,0
3,A,X,Chocolate,Flash,Left,1,23____,5,2.22000000000003,14,105.32,1,9,Devalued,5,2.22000000000003,1
3,A,X,Chocolate,Flash,Left,1,23____,5,2.22000000000003,14,105.32,1,9,NonDevalued,14,105.32,9
3,A,X,Chocolate,Flash,Left,1,44____,2,0.520000000000039,11,1.03999999999995,1,3,Devalued,2,0.520000000000039,1
3,A,X,Chocolate,Flash,Left,1,44____,2,0.520000000000039,11,1.03999999999995,1,3,NonDevalued,11,1.03999999999995,3
3,A,X,Chocolate,Flash,Left,2,21____,0,0,2,0.839999999999918,0,1,Devalued,0,0,0
3,A,X,Chocolate,Flash,Left,2,21____,0,0,2,0.839999999999918,0,1,NonDevalued,2,0.839999999999918,1
3,A,X,Chocolate,Flash,Left,2,23____,17,6.97999999999991,13,153.54,6,3,Devalued,17,6.97999999999991,6
3,A,X,Chocolate,Flash,Left,2,23____,17,6.97999999999991,13,153.54,6,3,NonDevalued,13,153.54,3
3,A,X,Chocolate,Flash,Left,2,44____,5,1,4,0.7800000000002,2,1,Devalued,5,1,2
3,A,X,Chocolate,Flash,Left,2,44____,5,1,4,0.7800000000002,2,1,NonDevalued,4,0.7800000000002,1
3,A,X,Chocolate,Flash,Left,3,21____,1,0.159999999999854,1,2,1,0,Devalued,1,0.159999999999854,1
3,A,X,Chocolate,Flash,Left,3,21____,1,0.159999999999854,1,2,1,0,NonDevalued,1,2,0
3,A,X,Chocolate,Flash,Left,3,23____,2,9.15999999999985,0,0,0,0,Devalued,2,9.15999999999985,0
3,A,X,Chocolate,Flash,Left,3,23____,2,9.15999999999985,0,0,0,0,NonDevalued,0,0,0
3,A,X,Chocolate,Flash,Left,3,44____,3,3.01999999999998,5,0.339999999999691,1,1,Devalued,3,3.01999999999998,1
3,A,X,Chocolate,Flash,Left,3,44____,3,3.01999999999998,5,0.339999999999691,1,1,NonDevalued,5,0.339999999999691,1
3,A,Y,Banana,Flash,Left,1,42____,1,0.68,1,0.68,1,1,Devalued,1,0.68,1
3,A,Y,Banana,Flash,Left,1,42____,1,0.68,1,0.68,1,1,NonDevalued,1,0.68,1
3,A,Y,Banana,Flash,Left,2,42____,4,3.72000000000003,4,3.72000000000003,3,0,Devalued,4,3.72000000000003,3
3,A,Y,Banana,Flash,Left,2,42____,4,3.72000000000003,4,3.72000000000003,3,0,NonDevalued,4,3.72000000000003,0
3,A,Y,Banana,Flash,Left,3,42____,0,0,0,0,0,1,Devalued,0,0,0
3,A,Y,Banana,Flash,Left,3,42____,0,0,0,0,0,1,NonDevalued,0,0,1
3,A,Y,Chocolate,Steady,Left,1,19____,17,2.45999999999989,17,2.45999999999989,4,7,Devalued,17,2.45999999999989,7
3,A,Y,Chocolate,Steady,Left,1,19____,17,2.45999999999989,17,2.45999999999989,4,7,NonDevalued,17,2.45999999999989,4
3,A,Y,Chocolate,Steady,Left,2,19____,4,0.779999999999973,4,0.779999999999973,1,4,Devalued,4,0.779999999999973,4
3,A,Y,Chocolate,Steady,Left,2,19____,4,0.779999999999973,4,0.779999999999973,1,4,NonDevalued,4,0.779999999999973,1
3,A,Y,Chocolate,Steady,Left,3,19____,2,0.299999999999727,2,0.299999999999727,0,2,Devalued,2,0.299999999999727,2
3,A,Y,Chocolate,Steady,Left,3,19____,2,0.299999999999727,2,0.299999999999727,0,2,NonDevalued,2,0.299999999999727,0
3,B,X,Banana,Steady,Right,1,22____,29,8.70000000000006,29,8.70000000000006,10,3,Devalued,29,8.70000000000006,3
3,B,X,Banana,Steady,Right,1,22____,29,8.70000000000006,29,8.70000000000006,10,3,NonDevalued,29,8.70000000000006,10
3,B,X,Banana,Steady,Right,2,22____,2,2.93999999999994,2,2.93999999999994,0,3,Devalued,2,2.93999999999994,3
3,B,X,Banana,Steady,Right,2,22____,2,2.93999999999994,2,2.93999999999994,0,3,NonDevalued,2,2.93999999999994,0
3,B,X,Banana,Steady,Right,3,22____,7,3.60000000000036,7,3.60000000000036,1,0,Devalued,7,3.60000000000036,0
3,B,X,Banana,Steady,Right,3,22____,7,3.60000000000036,7,3.60000000000036,1,0,NonDevalued,7,3.60000000000036,1
3,B,X,Chocolate,Flash,Right,1,18____,0,0,0,0,0,0,Devalued,0,0,0
3,B,X,Chocolate,Flash,Right,1,18____,0,0,0,0,0,0,NonDevalued,0,0,0
3,B,X,Chocolate,Flash,Right,2,18____,0,0,0,0,0,0,Devalued,0,0,0
3,B,X,Chocolate,Flash,Right,2,18____,0,0,0,0,0,0,NonDevalued,0,0,0
3,B,X,Chocolate,Flash,Right,3,18____,0,0,0,0,0,0,Devalued,0,0,0
3,B,X,Chocolate,Flash,Right,3,18____,0,0,0,0,0,0,NonDevalued,0,0,0
3,B,Y,Banana,Flash,Right,1,20____,0,0,6,5.2399999999999,0,2,Devalued,0,0,0
3,B,Y,Banana,Flash,Right,1,20____,0,0,6,5.2399999999999,0,2,NonDevalued,6,5.2399999999999,2
3,B,Y,Banana,Flash,Right,2,20____,0,0,5,4.10000000000002,0,3,Devalued,0,0,0
3,B,Y,Banana,Flash,Right,2,20____,0,0,5,4.10000000000002,0,3,NonDevalued,5,4.10000000000002,3
3,B,Y,Banana,Flash,Right,3,20____,2,0.900000000000091,6,6.87999999999965,2,3,Devalued,2,0.900000000000091,2
3,B,Y,Banana,Flash,Right,3,20____,2,0.900000000000091,6,6.87999999999965,2,3,NonDevalued,6,6.87999999999965,3
3,B,Y,Chocolate,Steady,Left,1,24____,18,18.0000000000001,2,0.32000000000005,7,1,Devalued,2,0.32000000000005,1
3,B,Y,Chocolate,Steady,Left,1,24____,18,18.0000000000001,2,0.32000000000005,7,1,NonDevalued,18,18.0000000000001,7
3,B,Y,Chocolate,Steady,Left,1,25____,2,0.300000000000011,1,0.520000000000039,2,1,Devalued,1,0.520000000000039,1
3,B,Y,Chocolate,Steady,Left,1,25____,2,0.300000000000011,1,0.520000000000039,2,1,NonDevalued,2,0.300000000000011,2
3,B,Y,Chocolate,Steady,Left,1,43____,18,5.72000000000004,19,6.74000000000001,6,5,Devalued,19,6.74000000000001,5
3,B,Y,Chocolate,Steady,Left,1,43____,18,5.72000000000004,19,6.74000000000001,6,5,NonDevalued,18,5.72000000000004,6
3,B,Y,Chocolate,Steady,Left,2,24____,24,18.66,19,9.25999999999999,7,5,Devalued,19,9.25999999999999,5
3,B,Y,Chocolate,Steady,Left,2,24____,24,18.66,19,9.25999999999999,7,5,NonDevalued,24,18.66,7
3,B,Y,Chocolate,Steady,Left,2,25____,5,1.77999999999997,1,0.0200000000000955,2,0,Devalued,1,0.0200000000000955,0
3,B,Y,Chocolate,Steady,Left,2,25____,5,1.77999999999997,1,0.0200000000000955,2,0,NonDevalued,5,1.77999999999997,2
3,B,Y,Chocolate,Steady,Left,2,43____,8,1.63999999999987,2,0.159999999999854,3,1,Devalued,2,0.159999999999854,1
3,B,Y,Chocolate,Steady,Left,2,43____,8,1.63999999999987,2,0.159999999999854,3,1,NonDevalued,8,1.63999999999987,3
3,B,Y,Chocolate,Steady,Left,3,24____,8,3.7999999999994998,3,3.29999999999995,3,1,Devalued,3,3.29999999999995,1
3,B,Y,Chocolate,Steady,Left,3,24____,8,3.7999999999994998,3,3.29999999999995,3,1,NonDevalued,8,3.7999999999994998,3
3,B,Y,Chocolate,Steady,Left,3,25____,1,0.200000000000045,0,0,0,0,Devalued,0,0,0
3,B,Y,Chocolate,Steady,Left,3,25____,1,0.200000000000045,0,0,0,0,NonDevalued,1,0.200000000000045,0
3,B,Y,Chocolate,Steady,Left,3,43____,5,0.799999999999955,0,0,1,0,Devalued,0,0,0
3,B,Y,Chocolate,Steady,Left,3,43____,5,0.799999999999955,0,0,1,0,NonDevalued,5,0.799999999999955,1
4,A,X,Banana,Steady,Right,1,17____,14,3.29999999999991,1,0.64,4,0,Devalued,1,0.64,0
4,A,X,Banana,Steady,Right,1,17____,14,3.29999999999991,1,0.64,4,0,NonDevalued,14,3.29999999999991,4
4,A,X,Banana,Steady,Right,2,17____,23,9.72000000000003,3,1.10000000000002,6,0,Devalued,3,1.10000000000002,0
4,A,X,Banana,Steady,Right,2,17____,23,9.72000000000003,3,1.10000000000002,6,0,NonDevalued,23,9.72000000000003,6
4,A,X,Banana,Steady,Right,3,17____,12,6.25999999999999,1,1.52000000000021,4,0,Devalued,1,1.52000000000021,0
4,A,X,Banana,Steady,Right,3,17____,12,6.25999999999999,1,1.52000000000021,4,0,NonDevalued,12,6.25999999999999,4
4,A,X,Chocolate,Flash,Left,1,21____,0,0,0,0,0,0,Devalued,0,0,0
4,A,X,Chocolate,Flash,Left,1,21____,0,0,0,0,0,0,NonDevalued,0,0,0
4,A,X,Chocolate,Flash,Left,1,23____,5,3.50000000000006,6,2.72000000000001,3,2,Devalued,5,3.50000000000006,3
4,A,X,Chocolate,Flash,Left,1,23____,5,3.50000000000006,6,2.72000000000001,3,2,NonDevalued,6,2.72000000000001,2
4,A,X,Chocolate,Flash,Left,1,44____,22,5.95999999999987,9,0.600000000000016,4,2,Devalued,22,5.95999999999987,4
4,A,X,Chocolate,Flash,Left,1,44____,22,5.95999999999987,9,0.600000000000016,4,2,NonDevalued,9,0.600000000000016,2
4,A,X,Chocolate,Flash,Left,2,21____,1,0.239999999999895,0,0,0,0,Devalued,1,0.239999999999895,0
4,A,X,Chocolate,Flash,Left,2,21____,1,0.239999999999895,0,0,0,0,NonDevalued,0,0,0
4,A,X,Chocolate,Flash,Left,2,23____,4,3.05999999999995,3,2.79999999999995,3,0,Devalued,4,3.05999999999995,3
4,A,X,Chocolate,Flash,Left,2,23____,4,3.05999999999995,3,2.79999999999995,3,0,NonDevalued,3,2.79999999999995,0
4,A,X,Chocolate,Flash,Left,2,44____,0,0,1,0,0,1,Devalued,0,0,0
4,A,X,Chocolate,Flash,Left,2,44____,0,0,1,0,0,1,NonDevalued,1,0,1
4,A,X,Chocolate,Flash,Left,3,21____,0,0,0,0,0,0,Devalued,0,0,0
4,A,X,Chocolate,Flash,Left,3,21____,0,0,0,0,0,0,NonDevalued,0,0,0
4,A,X,Chocolate,Flash,Left,3,23____,1,0.299999999999955,0,0,0,0,Devalued,1,0.299999999999955,0
4,A,X,Chocolate,Flash,Left,3,23____,1,0.299999999999955,0,0,0,0,NonDevalued,0,0,0
4,A,X,Chocolate,Flash,Left,3,44____,0,0,0,0,0,0,Devalued,0,0,0
4,A,X,Chocolate,Flash,Left,3,44____,0,0,0,0,0,0,NonDevalued,0,0,0
4,A,Y,Banana,Flash,Left,1,42____,2,1.75999999999993,2,1.75999999999993,1,0,Devalued,2,1.75999999999993,1
4,A,Y,Banana,Flash,Left,1,42____,2,1.75999999999993,2,1.75999999999993,1,0,NonDevalued,2,1.75999999999993,0
4,A,Y,Banana,Flash,Left,2,42____,0,0,0,0,0,0,Devalued,0,0,0
4,A,Y,Banana,Flash,Left,2,42____,0,0,0,0,0,0,NonDevalued,0,0,0
4,A,Y,Banana,Flash,Left,3,42____,3,2.03999999999996,3,2.03999999999996,1,0,Devalued,3,2.03999999999996,1
4,A,Y,Banana,Flash,Left,3,42____,3,2.03999999999996,3,2.03999999999996,1,0,NonDevalued,3,2.03999999999996,0
4,A,Y,Chocolate,Steady,Left,1,19____,12,3.79999999999999,12,3.79999999999999,4,3,Devalued,12,3.79999999999999,3
4,A,Y,Chocolate,Steady,Left,1,19____,12,3.79999999999999,12,3.79999999999999,4,3,NonDevalued,12,3.79999999999999,4
4,A,Y,Chocolate,Steady,Left,2,19____,20,22.5800000000006,20,22.5800000000006,4,1,Devalued,20,22.5800000000006,1
4,A,Y,Chocolate,Steady,Left,2,19____,20,22.5800000000006,20,22.5800000000006,4,1,NonDevalued,20,22.5800000000006,4
4,A,Y,Chocolate,Steady,Left,3,19____,13,10.1000000000004,13,10.1000000000004,3,3,Devalued,13,10.1000000000004,3
4,A,Y,Chocolate,Steady,Left,3,19____,13,10.1000000000004,13,10.1000000000004,3,3,NonDevalued,13,10.1000000000004,3
4,B,X,Banana,Steady,Right,1,22____,8,4.85999999999993,8,4.85999999999993,5,1,Devalued,8,4.85999999999993,1
4,B,X,Banana,Steady,Right,1,22____,8,4.85999999999993,8,4.85999999999993,5,1,NonDevalued,8,4.85999999999993,5
4,B,X,Banana,Steady,Right,2,22____,16,8.67999999999984,16,8.67999999999984,6,5,Devalued,16,8.67999999999984,5
4,B,X,Banana,Steady,Right,2,22____,16,8.67999999999984,16,8.67999999999984,6,5,NonDevalued,16,8.67999999999984,6
4,B,X,Banana,Steady,Right,3,22____,3,0.380000000000109,3,0.380000000000109,1,0,Devalued,3,0.380000000000109,0
4,B,X,Banana,Steady,Right,3,22____,3,0.380000000000109,3,0.380000000000109,1,0,NonDevalued,3,0.380000000000109,1
4,B,X,Chocolate,Flash,Right,1,18____,0,0,0,0,0,4,Devalued,0,0,0
4,B,X,Chocolate,Flash,Right,1,18____,0,0,0,0,0,4,NonDevalued,0,0,4
4,B,X,Chocolate,Flash,Right,2,18____,0,0,0,0,0,1,Devalued,0,0,0
4,B,X,Chocolate,Flash,Right,2,18____,0,0,0,0,0,1,NonDevalued,0,0,1
4,B,X,Chocolate,Flash,Right,3,18____,0,0,0,0,0,0,Devalued,0,0,0
4,B,X,Chocolate,Flash,Right,3,18____,0,0,0,0,0,0,NonDevalued,0,0,0
4,B,Y,Banana,Flash,Right,1,20____,1,0.600000000000023,9,4.92000000000007,0,4,Devalued,1,0.600000000000023,0
4,B,Y,Banana,Flash,Right,1,20____,1,0.600000000000023,9,4.92000000000007,0,4,NonDevalued,9,4.92000000000007,4
4,B,Y,Banana,Flash,Right,2,20____,0,0,9,6.96000000000015,0,4,Devalued,0,0,0
4,B,Y,Banana,Flash,Right,2,20____,0,0,9,6.96000000000015,0,4,NonDevalued,9,6.96000000000015,4
4,B,Y,Banana,Flash,Right,3,20____,0,0,32,61.3200000000011,0,13,Devalued,0,0,0
4,B,Y,Banana,Flash,Right,3,20____,0,0,32,61.3200000000011,0,13,NonDevalued,32,61.3200000000011,13
4,B,Y,Chocolate,Steady,Left,1,24____,10,9.16,1,2.42000000000002,5,0,Devalued,1,2.42000000000002,0
4,B,Y,Chocolate,Steady,Left,1,24____,10,9.16,1,2.42000000000002,5,0,NonDevalued,10,9.16,5
4,B,Y,Chocolate,Steady,Left,1,25____,3,1.66,2,0.28000000000003,2,0,Devalued,2,0.28000000000003,0
4,B,Y,Chocolate,Steady,Left,1,25____,3,1.66,2,0.28000000000003,2,0,NonDevalued,3,1.66,2
4,B,Y,Chocolate,Steady,Left,1,43____,6,0.97999999999999,2,0.680000000000007,1,0,Devalued,2,0.680000000000007,0
4,B,Y,Chocolate,Steady,Left,1,43____,6,0.97999999999999,2,0.680000000000007,1,0,NonDevalued,6,0.97999999999999,1
4,B,Y,Chocolate,Steady,Left,2,24____,8,5.89999999999998,2,1.34000000000003,3,0,Devalued,2,1.34000000000003,0
4,B,Y,Chocolate,Steady,Left,2,24____,8,5.89999999999998,2,1.34000000000003,3,0,NonDevalued,8,5.89999999999998,3
4,B,Y,Chocolate,Steady,Left,2,25____,7,7.17999999999995,7,4.40000000000009,2,2,Devalued,7,4.40000000000009,2
4,B,Y,Chocolate,Steady,Left,2,25____,7,7.17999999999995,7,4.40000000000009,2,2,NonDevalued,7,7.17999999999995,2
4,B,Y,Chocolate,Steady,Left,2,43____,5,0.419999999999845,0,0,2,0,Devalued,0,0,0
4,B,Y,Chocolate,Steady,Left,2,43____,5,0.419999999999845,0,0,2,0,NonDevalued,5,0.419999999999845,2
4,B,Y,Chocolate,Steady,Left,3,24____,7,5.46000000000026,7,2.07999999999947,4,2,Devalued,7,2.07999999999947,2
4,B,Y,Chocolate,Steady,Left,3,24____,7,5.46000000000026,7,2.07999999999947,4,2,NonDevalued,7,5.46000000000026,4
4,B,Y,Chocolate,Steady,Left,3,25____,2,2.86000000000013,0,0,1,0,Devalued,0,0,0
4,B,Y,Chocolate,Steady,Left,3,25____,2,2.86000000000013,0,0,1,0,NonDevalued,2,2.86000000000013,1
4,B,Y,Chocolate,Steady,Left,3,43____,20,5.18000000000052,1,2.20000000000005,4,0,Devalued,1,2.20000000000005,0
4,B,Y,Chocolate,Steady,Left,3,43____,20,5.18000000000052,1,2.20000000000005,4,0,NonDevalued,20,5.18000000000052,4
16,A,X,Banana,Steady,Right,1,17____,31,9.19999999999993,12,121.18,13,2,Devalued,12,121.18,2
16,A,X,Banana,Steady,Right,1,17____,31,9.19999999999993,12,121.18,13,2,NonDevalued,31,9.19999999999993,13
16,A,X,Banana,Steady,Right,2,17____,17,7.08000000000038,11,147.4,6,4,Devalued,11,147.4,4
16,A,X,Banana,Steady,Right,2,17____,17,7.08000000000038,11,147.4,6,4,NonDevalued,17,7.08000000000038,6
16,A,X,Banana,Steady,Right,3,17____,15,11.0399999999997,5,12.7800000000002,6,0,Devalued,5,12.7800000000002,0
16,A,X,Banana,Steady,Right,3,17____,15,11.0399999999997,5,12.7800000000002,6,0,NonDevalued,15,11.0399999999997,6
16,A,X,Chocolate,Flash,Left,1,21____,17,25.0999999999999,0,0,7,0,Devalued,17,25.0999999999999,7
16,A,X,Chocolate,Flash,Left,1,21____,17,25.0999999999999,0,0,7,0,NonDevalued,0,0,0
16,A,X,Chocolate,Flash,Left,1,23____,0,0,1,0.5,0,1,Devalued,0,0,0
16,A,X,Chocolate,Flash,Left,1,23____,0,0,1,0.5,0,1,NonDevalued,1,0.5,1
16,A,X,Chocolate,Flash,Left,1,44____,56,12.2599999999999,7,0.46000000000015,16,3,Devalued,56,12.2599999999999,16
16,A,X,Chocolate,Flash,Left,1,44____,56,12.2599999999999,7,0.46000000000015,16,3,NonDevalued,7,0.46000000000015,3
16,A,X,Chocolate,Flash,Left,2,21____,13,21.5800000000002,0,0,5,0,Devalued,13,21.5800000000002,5
16,A,X,Chocolate,Flash,Left,2,21____,13,21.5800000000002,0,0,5,0,NonDevalued,0,0,0
16,A,X,Chocolate,Flash,Left,2,23____,0,0,5,33.72,0,4,Devalued,0,0,0
16,A,X,Chocolate,Flash,Left,2,23____,0,0,5,33.72,0,4,NonDevalued,5,33.72,4
16,A,X,Chocolate,Flash,Left,2,44____,15,4.17999999999995,2,0.139999999999986,4,0,Devalued,15,4.17999999999995,4
16,A,X,Chocolate,Flash,Left,2,44____,15,4.17999999999995,2,0.139999999999986,4,0,NonDevalued,2,0.139999999999986,0
16,A,X,Chocolate,Flash,Left,3,21____,5,7.22000000000003,31,9.38000000000011,3,9,Devalued,5,7.22000000000003,3
16,A,X,Chocolate,Flash,Left,3,21____,5,7.22000000000003,31,9.38000000000011,3,9,NonDevalued,31,9.38000000000011,9
16,A,X,Chocolate,Flash,Left,3,23____,1,0.660000000000082,4,23.3600000000004,0,2,Devalued,1,0.660000000000082,0
16,A,X,Chocolate,Flash,Left,3,23____,1,0.660000000000082,4,23.3600000000004,0,2,NonDevalued,4,23.3600000000004,2
16,A,X,Chocolate,Flash,Left,3,44____,0,0,0,0,0,0,Devalued,0,0,0
16,A,X,Chocolate,Flash,Left,3,44____,0,0,0,0,0,0,NonDevalued,0,0,0
16,A,Y,Banana,Flash,Left,1,42____,18,13.28,18,13.28,9,0,Devalued,18,13.28,9
16,A,Y,Banana,Flash,Left,1,42____,18,13.28,18,13.28,9,0,NonDevalued,18,13.28,0
16,A,Y,Banana,Flash,Left,2,42____,46,31.8199999999998,46,31.8199999999998,14,4,Devalued,46,31.8199999999998,14
16,A,Y,Banana,Flash,Left,2,42____,46,31.8199999999998,46,31.8199999999998,14,4,NonDevalued,46,31.8199999999998,4
16,A,Y,Banana,Flash,Left,3,42____,7,18.54,7,18.54,5,0,Devalued,7,18.54,5
16,A,Y,Banana,Flash,Left,3,42____,7,18.54,7,18.54,5,0,NonDevalued,7,18.54,0
16,A,Y,Chocolate,Steady,Left,1,19____,59,8.01999999999975,59,8.01999999999975,21,7,Devalued,59,8.01999999999975,7
16,A,Y,Chocolate,Steady,Left,1,19____,59,8.01999999999975,59,8.01999999999975,21,7,NonDevalued,59,8.01999999999975,21
16,A,Y,Chocolate,Steady,Left,2,19____,20,3.34000000000037,20,3.34000000000037,6,5,Devalued,20,3.34000000000037,5
16,A,Y,Chocolate,Steady,Left,2,19____,20,3.34000000000037,20,3.34000000000037,6,5,NonDevalued,20,3.34000000000037,6
16,A,Y,Chocolate,Steady,Left,3,19____,12,0.960000000000264,12,0.960000000000264,2,2,Devalued,12,0.960000000000264,2
16,A,Y,Chocolate,Steady,Left,3,19____,12,0.960000000000264,12,0.960000000000264,2,2,NonDevalued,12,0.960000000000264,2
16,B,X,Banana,Steady,Right,1,22____,33,29.9399999999999,33,29.9399999999999,16,4,Devalued,33,29.9399999999999,4
16,B,X,Banana,Steady,Right,1,22____,33,29.9399999999999,33,29.9399999999999,16,4,NonDevalued,33,29.9399999999999,16
16,B,X,Banana,Steady,Right,2,22____,11,11.18,11,11.18,6,3,Devalued,11,11.18,3
16,B,X,Banana,Steady,Right,2,22____,11,11.18,11,11.18,6,3,NonDevalued,11,11.18,6
16,B,X,Banana,Steady,Right,3,22____,15,20.9399999999998,15,20.9399999999998,4,8,Devalued,15,20.9399999999998,8
16,B,X,Banana,Steady,Right,3,22____,15,20.9399999999998,15,20.9399999999998,4,8,NonDevalued,15,20.9399999999998,4
16,B,X,Chocolate,Flash,Right,1,18____,4,1.43999999999999,4,1.43999999999999,2,5,Devalued,4,1.43999999999999,2
16,B,X,Chocolate,Flash,Right,1,18____,4,1.43999999999999,4,1.43999999999999,2,5,NonDevalued,4,1.43999999999999,5
16,B,X,Chocolate,Flash,Right,2,18____,0,0,0,0,0,3,Devalued,0,0,0
16,B,X,Chocolate,Flash,Right,2,18____,0,0,0,0,0,3,NonDevalued,0,0,3
16,B,X,Chocolate,Flash,Right,3,18____,0,0,0,0,0,6,Devalued,0,0,0
16,B,X,Chocolate,Flash,Right,3,18____,0,0,0,0,0,6,NonDevalued,0,0,6
16,B,Y,Banana,Flash,Right,1,20____,2,0.140000000000015,3,0.660000000000082,1,2,Devalued,2,0.140000000000015,1
16,B,Y,Banana,Flash,Right,1,20____,2,0.140000000000015,3,0.660000000000082,1,2,NonDevalued,3,0.660000000000082,2
16,B,Y,Banana,Flash,Right,2,20____,2,1.12000000000012,19,31.8599999999999,1,10,Devalued,2,1.12000000000012,1
16,B,Y,Banana,Flash,Right,2,20____,2,1.12000000000012,19,31.8599999999999,1,10,NonDevalued,19,31.8599999999999,10
16,B,Y,Banana,Flash,Right,3,20____,4,1.01999999999975,33,40.6200000000004,1,12,Devalued,4,1.01999999999975,1
16,B,Y,Banana,Flash,Right,3,20____,4,1.01999999999975,33,40.6200000000004,1,12,NonDevalued,33,40.6200000000004,12
16,B,Y,Chocolate,Steady,Left,1,24____,13,9.05999999999995,2,0.519999999999996,6,0,Devalued,2,0.519999999999996,0
16,B,Y,Chocolate,Steady,Left,1,24____,13,9.05999999999995,2,0.519999999999996,6,0,NonDevalued,13,9.05999999999995,6
16,B,Y,Chocolate,Steady,Left,1,25____,26,31.2999999999998,8,2.45999999999992,11,5,Devalued,8,2.45999999999992,5
16,B,Y,Chocolate,Steady,Left,1,25____,26,31.2999999999998,8,2.45999999999992,11,5,NonDevalued,26,31.2999999999998,11
16,B,Y,Chocolate,Steady,Left,1,43____,40,6.44000000000011,2,0.100000000000023,20,0,Devalued,2,0.100000000000023,0
16,B,Y,Chocolate,Steady,Left,1,43____,40,6.44000000000011,2,0.100000000000023,20,0,NonDevalued,40,6.44000000000011,20
16,B,Y,Chocolate,Steady,Left,2,24____,17,21.6000000000005,12,3.39999999999975,3,5,Devalued,12,3.39999999999975,5
16,B,Y,Chocolate,Steady,Left,2,24____,17,21.6000000000005,12,3.39999999999975,3,5,NonDevalued,17,21.6000000000005,3
16,B,Y,Chocolate,Steady,Left,2,25____,18,40.8999999999996,9,8.3399999999998,10,2,Devalued,9,8.3399999999998,2
16,B,Y,Chocolate,Steady,Left,2,25____,18,40.8999999999996,9,8.3399999999998,10,2,NonDevalued,18,40.8999999999996,10
16,B,Y,Chocolate,Steady,Left,2,43____,10,2.73999999999978,3,6.57999999999993,3,1,Devalued,3,6.57999999999993,1
16,B,Y,Chocolate,Steady,Left,2,43____,10,2.73999999999978,3,6.57999999999993,3,1,NonDevalued,10,2.73999999999978,3
16,B,Y,Chocolate,Steady,Left,3,24____,49,54.6999999999998,8,6.5,13,2,Devalued,8,6.5,2
16,B,Y,Chocolate,Steady,Left,3,24____,49,54.6999999999998,8,6.5,13,2,NonDevalued,49,54.6999999999998,13
16,B,Y,Chocolate,Steady,Left,3,25____,17,33.4599999999998,8,16.4800000000002,7,3,Devalued,8,16.4800000000002,3
16,B,Y,Chocolate,Steady,Left,3,25____,17,33.4599999999998,8,16.4800000000002,7,3,NonDevalued,17,33.4599999999998,7
16,B,Y,Chocolate,Steady,Left,3,43____,0,0,0,0,0,0,Devalued,0,0,0
16,B,Y,Chocolate,Steady,Left,3,43____,0,0,0,0,0,0,NonDevalued,0,0,0
17,A,X,Banana,Steady,Right,1,17____,45,13.26,13,139.42,14,5,Devalued,13,139.42,5
17,A,X,Banana,Steady,Right,1,17____,45,13.26,13,139.42,14,5,NonDevalued,45,13.26,14
17,A,X,Banana,Steady,Right,2,17____,7,3.86000000000001,8,300.06,2,3,Devalued,8,300.06,3
17,A,X,Banana,Steady,Right,2,17____,7,3.86000000000001,8,300.06,2,3,NonDevalued,7,3.86000000000001,2
17,A,X,Banana,Steady,Right,3,17____,14,12.02,4,134.4,7,0,Devalued,4,134.4,0
17,A,X,Banana,Steady,Right,3,17____,14,12.02,4,134.4,7,0,NonDevalued,14,12.02,7
17,A,X,Chocolate,Flash,Left,1,21____,29,41.3200000000001,23,4.92000000000006,14,5,Devalued,29,41.3200000000001,14
17,A,X,Chocolate,Flash,Left,1,21____,29,41.3200000000001,23,4.92000000000006,14,5,NonDevalued,23,4.92000000000006,5
17,A,X,Chocolate,Flash,Left,1,23____,3,3.00000000000006,5,4.97999999999991,0,2,Devalued,3,3.00000000000006,0
17,A,X,Chocolate,Flash,Left,1,23____,3,3.00000000000006,5,4.97999999999991,0,2,NonDevalued,5,4.97999999999991,2
17,A,X,Chocolate,Flash,Left,1,44____,25,6.07999999999998,5,0.339999999999975,10,1,Devalued,25,6.07999999999998,10
17,A,X,Chocolate,Flash,Left,1,44____,25,6.07999999999998,5,0.339999999999975,10,1,NonDevalued,5,0.339999999999975,1
17,A,X,Chocolate,Flash,Left,2,21____,6,3.79999999999995,31,5.62000000000023,1,5,Devalued,6,3.79999999999995,1
17,A,X,Chocolate,Flash,Left,2,21____,6,3.79999999999995,31,5.62000000000023,1,5,NonDevalued,31,5.62000000000023,5
17,A,X,Chocolate,Flash,Left,2,23____,1,3.22000000000003,4,183,0,2,Devalued,1,3.22000000000003,0
17,A,X,Chocolate,Flash,Left,2,23____,1,3.22000000000003,4,183,0,2,NonDevalued,4,183,2
17,A,X,Chocolate,Flash,Left,2,44____,23,9.31999999999982,12,1.75999999999965,8,2,Devalued,23,9.31999999999982,8
17,A,X,Chocolate,Flash,Left,2,44____,23,9.31999999999982,12,1.75999999999965,8,2,NonDevalued,12,1.75999999999965,2
17,A,X,Chocolate,Flash,Left,3,21____,1,0.0999999999999091,1,0.740000000000009,0,0,Devalued,1,0.0999999999999091,0
17,A,X,Chocolate,Flash,Left,3,21____,1,0.0999999999999091,1,0.740000000000009,0,0,NonDevalued,1,0.740000000000009,0
17,A,X,Chocolate,Flash,Left,3,23____,1,0.160000000000082,7,174.26,0,3,Devalued,1,0.160000000000082,0
17,A,X,Chocolate,Flash,Left,3,23____,1,0.160000000000082,7,174.26,0,3,NonDevalued,7,174.26,3
17,A,X,Chocolate,Flash,Left,3,44____,0,0,0,0,0,0,Devalued,0,0,0
17,A,X,Chocolate,Flash,Left,3,44____,0,0,0,0,0,0,NonDevalued,0,0,0
17,A,Y,Banana,Flash,Left,1,42____,33,35.0399999999999,33,35.0399999999999,14,1,Devalued,33,35.0399999999999,14
17,A,Y,Banana,Flash,Left,1,42____,33,35.0399999999999,33,35.0399999999999,14,1,NonDevalued,33,35.0399999999999,1
17,A,Y,Banana,Flash,Left,2,42____,50,48.8,50,48.8,13,0,Devalued,50,48.8,13
17,A,Y,Banana,Flash,Left,2,42____,50,48.8,50,48.8,13,0,NonDevalued,50,48.8,0
17,A,Y,Banana,Flash,Left,3,42____,20,15.1600000000008,20,15.1600000000008,3,0,Devalued,20,15.1600000000008,3
17,A,Y,Banana,Flash,Left,3,42____,20,15.1600000000008,20,15.1600000000008,3,0,NonDevalued,20,15.1600000000008,0
17,A,Y,Chocolate,Steady,Left,1,19____,45,11.1799999999999,45,11.1799999999999,16,5,Devalued,45,11.1799999999999,5
17,A,Y,Chocolate,Steady,Left,1,19____,45,11.1799999999999,45,11.1799999999999,16,5,NonDevalued,45,11.1799999999999,16
17,A,Y,Chocolate,Steady,Left,2,19____,5,1.70000000000005,5,1.70000000000005,2,2,Devalued,5,1.70000000000005,2
17,A,Y,Chocolate,Steady,Left,2,19____,5,1.70000000000005,5,1.70000000000005,2,2,NonDevalued,5,1.70000000000005,2
17,A,Y,Chocolate,Steady,Left,3,19____,9,0.479999999999791,9,0.479999999999791,3,3,Devalued,9,0.479999999999791,3
17,A,Y,Chocolate,Steady,Left,3,19____,9,0.479999999999791,9,0.479999999999791,3,3,NonDevalued,9,0.479999999999791,3
17,B,X,Banana,Steady,Right,1,22____,30,17.6600000000001,30,17.6600000000001,9,13,Devalued,30,17.6600000000001,13
17,B,X,Banana,Steady,Right,1,22____,30,17.6600000000001,30,17.6600000000001,9,13,NonDevalued,30,17.6600000000001,9
17,B,X,Banana,Steady,Right,2,22____,8,6.38,8,6.38,0,15,Devalued,8,6.38,15
17,B,X,Banana,Steady,Right,2,22____,8,6.38,8,6.38,0,15,NonDevalued,8,6.38,0
17,B,X,Banana,Steady,Right,3,22____,2,1.25999999999999,2,1.25999999999999,0,5,Devalued,2,1.25999999999999,5
17,B,X,Banana,Steady,Right,3,22____,2,1.25999999999999,2,1.25999999999999,0,5,NonDevalued,2,1.25999999999999,0
17,B,X,Chocolate,Flash,Right,1,18____,0,0,0,0,0,10,Devalued,0,0,0
17,B,X,Chocolate,Flash,Right,1,18____,0,0,0,0,0,10,NonDevalued,0,0,10
17,B,X,Chocolate,Flash,Right,2,18____,0,0,0,0,0,9,Devalued,0,0,0
17,B,X,Chocolate,Flash,Right,2,18____,0,0,0,0,0,9,NonDevalued,0,0,9
17,B,X,Chocolate,Flash,Right,3,18____,0,0,0,0,0,4,Devalued,0,0,0
17,B,X,Chocolate,Flash,Right,3,18____,0,0,0,0,0,4,NonDevalued,0,0,4
17,B,Y,Banana,Flash,Right,1,20____,0,0,4,1.04000000000004,0,3,Devalued,0,0,0
17,B,Y,Banana,Flash,Right,1,20____,0,0,4,1.04000000000004,0,3,NonDevalued,4,1.04000000000004,3
17,B,Y,Banana,Flash,Right,2,20____,2,0.400000000000091,44,45.8600000000006,1,18,Devalued,2,0.400000000000091,1
17,B,Y,Banana,Flash,Right,2,20____,2,0.400000000000091,44,45.8600000000006,1,18,NonDevalued,44,45.8600000000006,18
17,B,Y,Banana,Flash,Right,3,20____,5,5.03999999999974,43,43.1799999999998,2,13,Devalued,5,5.03999999999974,2
17,B,Y,Banana,Flash,Right,3,20____,5,5.03999999999974,43,43.1799999999998,2,13,NonDevalued,43,43.1799999999998,13
17,B,Y,Chocolate,Steady,Left,1,24____,30,20.08,34,17.5800000000002,7,12,Devalued,34,17.5800000000002,12
17,B,Y,Chocolate,Steady,Left,1,24____,30,20.08,34,17.5800000000002,7,12,NonDevalued,30,20.08,7
17,B,Y,Chocolate,Steady,Left,1,25____,25,26.7400000000001,8,2.95999999999998,15,2,Devalued,8,2.95999999999998,2
17,B,Y,Chocolate,Steady,Left,1,25____,25,26.7400000000001,8,2.95999999999998,15,2,NonDevalued,25,26.7400000000001,15
17,B,Y,Chocolate,Steady,Left,1,43____,12,6.77999999999999,1,0.0200000000000102,4,1,Devalued,1,0.0200000000000102,1
17,B,Y,Chocolate,Steady,Left,1,43____,12,6.77999999999999,1,0.0200000000000102,4,1,NonDevalued,12,6.77999999999999,4
17,B,Y,Chocolate,Steady,Left,2,24____,32,19.92,22,10.139999999999599,7,8,Devalued,22,10.139999999999599,8
17,B,Y,Chocolate,Steady,Left,2,24____,32,19.92,22,10.139999999999599,7,8,NonDevalued,32,19.92,7
17,B,Y,Chocolate,Steady,Left,2,25____,13,19.5599999999997,4,4.55999999999983,6,1,Devalued,4,4.55999999999983,1
17,B,Y,Chocolate,Steady,Left,2,25____,13,19.5599999999997,4,4.55999999999983,6,1,NonDevalued,13,19.5599999999997,6
17,B,Y,Chocolate,Steady,Left,2,43____,2,1.10000000000002,0,0,0,0,Devalued,0,0,0
17,B,Y,Chocolate,Steady,Left,2,43____,2,1.10000000000002,0,0,0,0,NonDevalued,2,1.10000000000002,0
17,B,Y,Chocolate,Steady,Left,3,24____,9,9.97999999999979,14,5.58000000000016,4,4,Devalued,14,5.58000000000016,4
17,B,Y,Chocolate,Steady,Left,3,24____,9,9.97999999999979,14,5.58000000000016,4,4,NonDevalued,9,9.97999999999979,4
17,B,Y,Chocolate,Steady,Left,3,25____,9,21.0199999999995,10,13.9199999999996,3,6,Devalued,10,13.9199999999996,6
17,B,Y,Chocolate,Steady,Left,3,25____,9,21.0199999999995,10,13.9199999999996,3,6,NonDevalued,9,21.0199999999995,3
17,B,Y,Chocolate,Steady,Left,3,43____,0,0,0,0,0,0,Devalued,0,0,0
17,B,Y,Chocolate,Steady,Left,3,43____,0,0,0,0,0,0,NonDevalued,0,0,0
