Subj,Drug,time_mins,activity,bin5mins,bin10mins,bin15mins,bin20mins,bin30mins,bin60mins
1,Veh_LY,1,195,-11,-5,-3,-2,-1,0
1,Veh_LY,2,94,-11,-5,-3,-2,-1,0
1,Veh_LY,3,156,-11,-5,-3,-2,-1,0
1,Veh_LY,4,143,-11,-5,-3,-2,-1,0
1,Veh_LY,5,103,-11,-5,-3,-2,-1,0
1,Veh_LY,6,6,-10,-5,-3,-2,-1,0
1,Veh_LY,7,100,-10,-5,-3,-2,-1,0
1,Veh_LY,8,69,-10,-5,-3,-2,-1,0
1,Veh_LY,9,19,-10,-5,-3,-2,-1,0
1,Veh_LY,10,0,-10,-5,-3,-2,-1,0
1,Veh_LY,11,18,-9,-4,-3,-2,-1,0
1,Veh_LY,12,12,-9,-4,-3,-2,-1,0
1,Veh_LY,13,16,-9,-4,-3,-2,-1,0
1,Veh_LY,14,49,-9,-4,-3,-2,-1,0
1,Veh_LY,15,78,-9,-4,-3,-2,-1,0
1,Veh_LY,16,60,-8,-4,-2,-2,-1,0
1,Veh_LY,17,18,-8,-4,-2,-2,-1,0
1,Veh_LY,18,6,-8,-4,-2,-2,-1,0
1,Veh_LY,19,10,-8,-4,-2,-2,-1,0
1,Veh_LY,20,2,-8,-4,-2,-2,-1,0
1,Veh_LY,21,0,-7,-3,-2,-1,-1,0
1,Veh_LY,22,1,-7,-3,-2,-1,-1,0
1,Veh_LY,23,0,-7,-3,-2,-1,-1,0
1,Veh_LY,24,0,-7,-3,-2,-1,-1,0
1,Veh_LY,25,0,-7,-3,-2,-1,-1,0
1,Veh_LY,26,0,-6,-3,-2,-1,-1,0
1,Veh_LY,27,0,-6,-3,-2,-1,-1,0
1,Veh_LY,28,0,-6,-3,-2,-1,-1,0
1,Veh_LY,29,1,-6,-3,-2,-1,-1,0
1,Veh_LY,30,2,-6,-3,-2,-1,-1,0
1,Veh_LY,31,1,-5,-2,-1,-1,0,0
1,Veh_LY,32,1,-5,-2,-1,-1,0,0
1,Veh_LY,33,0,-5,-2,-1,-1,0,0
1,Veh_LY,34,0,-5,-2,-1,-1,0,0
1,Veh_LY,35,1,-5,-2,-1,-1,0,0
1,Veh_LY,36,0,-4,-2,-1,-1,0,0
1,Veh_LY,37,0,-4,-2,-1,-1,0,0
1,Veh_LY,38,1,-4,-2,-1,-1,0,0
1,Veh_LY,39,0,-4,-2,-1,-1,0,0
1,Veh_LY,40,9,-4,-2,-1,-1,0,0
1,Veh_LY,41,0,-3,-1,-1,0,0,0
1,Veh_LY,42,0,-3,-1,-1,0,0,0
1,Veh_LY,43,0,-3,-1,-1,0,0,0
1,Veh_LY,44,0,-3,-1,-1,0,0,0
1,Veh_LY,45,0,-3,-1,-1,0,0,0
1,Veh_LY,46,0,-2,-1,0,0,0,0
1,Veh_LY,47,0,-2,-1,0,0,0,0
1,Veh_LY,48,0,-2,-1,0,0,0,0
1,Veh_LY,49,0,-2,-1,0,0,0,0
1,Veh_LY,50,1,-2,-1,0,0,0,0
1,Veh_LY,51,0,-1,0,0,0,0,0
1,Veh_LY,52,0,-1,0,0,0,0,0
1,Veh_LY,53,0,-1,0,0,0,0,0
1,Veh_LY,54,0,-1,0,0,0,0,0
1,Veh_LY,55,0,-1,0,0,0,0,0
1,Veh_LY,56,0,0,0,0,0,0,0
1,Veh_LY,57,0,0,0,0,0,0,0
1,Veh_LY,58,5,0,0,0,0,0,0
1,Veh_LY,59,3,0,0,0,0,0,0
1,Veh_LY,60,0,0,0,0,0,0,0
2,Veh_Amph,1,223,-11,-5,-3,-2,-1,0
2,Veh_Amph,2,163,-11,-5,-3,-2,-1,0
2,Veh_Amph,3,171,-11,-5,-3,-2,-1,0
2,Veh_Amph,4,148,-11,-5,-3,-2,-1,0
2,Veh_Amph,5,100,-11,-5,-3,-2,-1,0
2,Veh_Amph,6,46,-10,-5,-3,-2,-1,0
2,Veh_Amph,7,108,-10,-5,-3,-2,-1,0
2,Veh_Amph,8,40,-10,-5,-3,-2,-1,0
2,Veh_Amph,9,11,-10,-5,-3,-2,-1,0
2,Veh_Amph,10,8,-10,-5,-3,-2,-1,0
2,Veh_Amph,11,27,-9,-4,-3,-2,-1,0
2,Veh_Amph,12,69,-9,-4,-3,-2,-1,0
2,Veh_Amph,13,38,-9,-4,-3,-2,-1,0
2,Veh_Amph,14,4,-9,-4,-3,-2,-1,0
2,Veh_Amph,15,1,-9,-4,-3,-2,-1,0
2,Veh_Amph,16,20,-8,-4,-2,-2,-1,0
2,Veh_Amph,17,8,-8,-4,-2,-2,-1,0
2,Veh_Amph,18,4,-8,-4,-2,-2,-1,0
2,Veh_Amph,19,10,-8,-4,-2,-2,-1,0
2,Veh_Amph,20,7,-8,-4,-2,-2,-1,0
2,Veh_Amph,21,0,-7,-3,-2,-1,-1,0
2,Veh_Amph,22,0,-7,-3,-2,-1,-1,0
2,Veh_Amph,23,0,-7,-3,-2,-1,-1,0
2,Veh_Amph,24,0,-7,-3,-2,-1,-1,0
2,Veh_Amph,25,0,-7,-3,-2,-1,-1,0
2,Veh_Amph,26,0,-6,-3,-2,-1,-1,0
2,Veh_Amph,27,0,-6,-3,-2,-1,-1,0
2,Veh_Amph,28,1,-6,-3,-2,-1,-1,0
2,Veh_Amph,29,0,-6,-3,-2,-1,-1,0
2,Veh_Amph,30,0,-6,-3,-2,-1,-1,0
2,Veh_Amph,31,0,-5,-2,-1,-1,0,0
2,Veh_Amph,32,1,-5,-2,-1,-1,0,0
2,Veh_Amph,33,0,-5,-2,-1,-1,0,0
2,Veh_Amph,34,0,-5,-2,-1,-1,0,0
2,Veh_Amph,35,0,-5,-2,-1,-1,0,0
2,Veh_Amph,36,3,-4,-2,-1,-1,0,0
2,Veh_Amph,37,0,-4,-2,-1,-1,0,0
2,Veh_Amph,38,0,-4,-2,-1,-1,0,0
2,Veh_Amph,39,2,-4,-2,-1,-1,0,0
2,Veh_Amph,40,1,-4,-2,-1,-1,0,0
2,Veh_Amph,41,1,-3,-1,-1,0,0,0
2,Veh_Amph,42,0,-3,-1,-1,0,0,0
2,Veh_Amph,43,0,-3,-1,-1,0,0,0
2,Veh_Amph,44,0,-3,-1,-1,0,0,0
2,Veh_Amph,45,0,-3,-1,-1,0,0,0
2,Veh_Amph,46,0,-2,-1,0,0,0,0
2,Veh_Amph,47,0,-2,-1,0,0,0,0
2,Veh_Amph,48,0,-2,-1,0,0,0,0
2,Veh_Amph,49,0,-2,-1,0,0,0,0
2,Veh_Amph,50,0,-2,-1,0,0,0,0
2,Veh_Amph,51,0,-1,0,0,0,0,0
2,Veh_Amph,52,0,-1,0,0,0,0,0
2,Veh_Amph,53,17,-1,0,0,0,0,0
2,Veh_Amph,54,0,-1,0,0,0,0,0
2,Veh_Amph,55,0,-1,0,0,0,0,0
2,Veh_Amph,56,0,0,0,0,0,0,0
2,Veh_Amph,57,0,0,0,0,0,0,0
2,Veh_Amph,58,0,0,0,0,0,0,0
2,Veh_Amph,59,0,0,0,0,0,0,0
2,Veh_Amph,60,0,0,0,0,0,0,0
3,Veh_Veh,1,102,-11,-5,-3,-2,-1,0
3,Veh_Veh,2,70,-11,-5,-3,-2,-1,0
3,Veh_Veh,3,57,-11,-5,-3,-2,-1,0
3,Veh_Veh,4,62,-11,-5,-3,-2,-1,0
3,Veh_Veh,5,77,-11,-5,-3,-2,-1,0
3,Veh_Veh,6,64,-10,-5,-3,-2,-1,0
3,Veh_Veh,7,11,-10,-5,-3,-2,-1,0
3,Veh_Veh,8,10,-10,-5,-3,-2,-1,0
3,Veh_Veh,9,64,-10,-5,-3,-2,-1,0
3,Veh_Veh,10,33,-10,-5,-3,-2,-1,0
3,Veh_Veh,11,66,-9,-4,-3,-2,-1,0
3,Veh_Veh,12,33,-9,-4,-3,-2,-1,0
3,Veh_Veh,13,8,-9,-4,-3,-2,-1,0
3,Veh_Veh,14,14,-9,-4,-3,-2,-1,0
3,Veh_Veh,15,4,-9,-4,-3,-2,-1,0
3,Veh_Veh,16,10,-8,-4,-2,-2,-1,0
3,Veh_Veh,17,13,-8,-4,-2,-2,-1,0
3,Veh_Veh,18,0,-8,-4,-2,-2,-1,0
3,Veh_Veh,19,0,-8,-4,-2,-2,-1,0
3,Veh_Veh,20,0,-8,-4,-2,-2,-1,0
3,Veh_Veh,21,23,-7,-3,-2,-1,-1,0
3,Veh_Veh,22,14,-7,-3,-2,-1,-1,0
3,Veh_Veh,23,8,-7,-3,-2,-1,-1,0
3,Veh_Veh,24,13,-7,-3,-2,-1,-1,0
3,Veh_Veh,25,24,-7,-3,-2,-1,-1,0
3,Veh_Veh,26,28,-6,-3,-2,-1,-1,0
3,Veh_Veh,27,15,-6,-3,-2,-1,-1,0
3,Veh_Veh,28,0,-6,-3,-2,-1,-1,0
3,Veh_Veh,29,12,-6,-3,-2,-1,-1,0
3,Veh_Veh,30,0,-6,-3,-2,-1,-1,0
3,Veh_Veh,31,0,-5,-2,-1,-1,0,0
3,Veh_Veh,32,5,-5,-2,-1,-1,0,0
3,Veh_Veh,33,4,-5,-2,-1,-1,0,0
3,Veh_Veh,34,3,-5,-2,-1,-1,0,0
3,Veh_Veh,35,0,-5,-2,-1,-1,0,0
3,Veh_Veh,36,1,-4,-2,-1,-1,0,0
3,Veh_Veh,37,0,-4,-2,-1,-1,0,0
3,Veh_Veh,38,2,-4,-2,-1,-1,0,0
3,Veh_Veh,39,0,-4,-2,-1,-1,0,0
3,Veh_Veh,40,0,-4,-2,-1,-1,0,0
3,Veh_Veh,41,0,-3,-1,-1,0,0,0
3,Veh_Veh,42,0,-3,-1,-1,0,0,0
3,Veh_Veh,43,0,-3,-1,-1,0,0,0
3,Veh_Veh,44,0,-3,-1,-1,0,0,0
3,Veh_Veh,45,0,-3,-1,-1,0,0,0
3,Veh_Veh,46,0,-2,-1,0,0,0,0
3,Veh_Veh,47,0,-2,-1,0,0,0,0
3,Veh_Veh,48,0,-2,-1,0,0,0,0
3,Veh_Veh,49,0,-2,-1,0,0,0,0
3,Veh_Veh,50,0,-2,-1,0,0,0,0
3,Veh_Veh,51,0,-1,0,0,0,0,0
3,Veh_Veh,52,0,-1,0,0,0,0,0
3,Veh_Veh,53,10,-1,0,0,0,0,0
3,Veh_Veh,54,7,-1,0,0,0,0,0
3,Veh_Veh,55,1,-1,0,0,0,0,0
3,Veh_Veh,56,2,0,0,0,0,0,0
3,Veh_Veh,57,0,0,0,0,0,0,0
3,Veh_Veh,58,0,0,0,0,0,0,0
3,Veh_Veh,59,0,0,0,0,0,0,0
3,Veh_Veh,60,0,0,0,0,0,0,0
4,LY_Amph,1,219,-11,-5,-3,-2,-1,0
4,LY_Amph,2,127,-11,-5,-3,-2,-1,0
4,LY_Amph,3,133,-11,-5,-3,-2,-1,0
4,LY_Amph,4,88,-11,-5,-3,-2,-1,0
4,LY_Amph,5,99,-11,-5,-3,-2,-1,0
4,LY_Amph,6,98,-10,-5,-3,-2,-1,0
4,LY_Amph,7,41,-10,-5,-3,-2,-1,0
4,LY_Amph,8,26,-10,-5,-3,-2,-1,0
4,LY_Amph,9,10,-10,-5,-3,-2,-1,0
4,LY_Amph,10,23,-10,-5,-3,-2,-1,0
4,LY_Amph,11,24,-9,-4,-3,-2,-1,0
4,LY_Amph,12,56,-9,-4,-3,-2,-1,0
4,LY_Amph,13,14,-9,-4,-3,-2,-1,0
4,LY_Amph,14,10,-9,-4,-3,-2,-1,0
4,LY_Amph,15,42,-9,-4,-3,-2,-1,0
4,LY_Amph,16,55,-8,-4,-2,-2,-1,0
4,LY_Amph,17,32,-8,-4,-2,-2,-1,0
4,LY_Amph,18,11,-8,-4,-2,-2,-1,0
4,LY_Amph,19,67,-8,-4,-2,-2,-1,0
4,LY_Amph,20,7,-8,-4,-2,-2,-1,0
4,LY_Amph,21,1,-7,-3,-2,-1,-1,0
4,LY_Amph,22,27,-7,-3,-2,-1,-1,0
4,LY_Amph,23,47,-7,-3,-2,-1,-1,0
4,LY_Amph,24,56,-7,-3,-2,-1,-1,0
4,LY_Amph,25,0,-7,-3,-2,-1,-1,0
4,LY_Amph,26,51,-6,-3,-2,-1,-1,0
4,LY_Amph,27,61,-6,-3,-2,-1,-1,0
4,LY_Amph,28,8,-6,-3,-2,-1,-1,0
4,LY_Amph,29,20,-6,-3,-2,-1,-1,0
4,LY_Amph,30,8,-6,-3,-2,-1,-1,0
4,LY_Amph,31,0,-5,-2,-1,-1,0,0
4,LY_Amph,32,0,-5,-2,-1,-1,0,0
4,LY_Amph,33,0,-5,-2,-1,-1,0,0
4,LY_Amph,34,0,-5,-2,-1,-1,0,0
4,LY_Amph,35,0,-5,-2,-1,-1,0,0
4,LY_Amph,36,0,-4,-2,-1,-1,0,0
4,LY_Amph,37,0,-4,-2,-1,-1,0,0
4,LY_Amph,38,0,-4,-2,-1,-1,0,0
4,LY_Amph,39,0,-4,-2,-1,-1,0,0
4,LY_Amph,40,0,-4,-2,-1,-1,0,0
4,LY_Amph,41,0,-3,-1,-1,0,0,0
4,LY_Amph,42,0,-3,-1,-1,0,0,0
4,LY_Amph,43,0,-3,-1,-1,0,0,0
4,LY_Amph,44,0,-3,-1,-1,0,0,0
4,LY_Amph,45,0,-3,-1,-1,0,0,0
4,LY_Amph,46,0,-2,-1,0,0,0,0
4,LY_Amph,47,0,-2,-1,0,0,0,0
4,LY_Amph,48,35,-2,-1,0,0,0,0
4,LY_Amph,49,100,-2,-1,0,0,0,0
4,LY_Amph,50,2,-2,-1,0,0,0,0
4,LY_Amph,51,5,-1,0,0,0,0,0
4,LY_Amph,52,3,-1,0,0,0,0,0
4,LY_Amph,53,3,-1,0,0,0,0,0
4,LY_Amph,54,0,-1,0,0,0,0,0
4,LY_Amph,55,0,-1,0,0,0,0,0
4,LY_Amph,56,2,0,0,0,0,0,0
4,LY_Amph,57,0,0,0,0,0,0,0
4,LY_Amph,58,2,0,0,0,0,0,0
4,LY_Amph,59,1,0,0,0,0,0,0
4,LY_Amph,60,0,0,0,0,0,0,0
5,LY_Amph,1,185,-11,-5,-3,-2,-1,0
5,LY_Amph,2,121,-11,-5,-3,-2,-1,0
5,LY_Amph,3,159,-11,-5,-3,-2,-1,0
5,LY_Amph,4,81,-11,-5,-3,-2,-1,0
5,LY_Amph,5,131,-11,-5,-3,-2,-1,0
5,LY_Amph,6,108,-10,-5,-3,-2,-1,0
5,LY_Amph,7,88,-10,-5,-3,-2,-1,0
5,LY_Amph,8,118,-10,-5,-3,-2,-1,0
5,LY_Amph,9,55,-10,-5,-3,-2,-1,0
5,LY_Amph,10,27,-10,-5,-3,-2,-1,0
5,LY_Amph,11,19,-9,-4,-3,-2,-1,0
5,LY_Amph,12,3,-9,-4,-3,-2,-1,0
5,LY_Amph,13,33,-9,-4,-3,-2,-1,0
5,LY_Amph,14,95,-9,-4,-3,-2,-1,0
5,LY_Amph,15,18,-9,-4,-3,-2,-1,0
5,LY_Amph,16,9,-8,-4,-2,-2,-1,0
5,LY_Amph,17,17,-8,-4,-2,-2,-1,0
5,LY_Amph,18,23,-8,-4,-2,-2,-1,0
5,LY_Amph,19,9,-8,-4,-2,-2,-1,0
5,LY_Amph,20,9,-8,-4,-2,-2,-1,0
5,LY_Amph,21,0,-7,-3,-2,-1,-1,0
5,LY_Amph,22,0,-7,-3,-2,-1,-1,0
5,LY_Amph,23,0,-7,-3,-2,-1,-1,0
5,LY_Amph,24,0,-7,-3,-2,-1,-1,0
5,LY_Amph,25,0,-7,-3,-2,-1,-1,0
5,LY_Amph,26,14,-6,-3,-2,-1,-1,0
5,LY_Amph,27,6,-6,-3,-2,-1,-1,0
5,LY_Amph,28,9,-6,-3,-2,-1,-1,0
5,LY_Amph,29,0,-6,-3,-2,-1,-1,0
5,LY_Amph,30,22,-6,-3,-2,-1,-1,0
5,LY_Amph,31,0,-5,-2,-1,-1,0,0
5,LY_Amph,32,0,-5,-2,-1,-1,0,0
5,LY_Amph,33,0,-5,-2,-1,-1,0,0
5,LY_Amph,34,0,-5,-2,-1,-1,0,0
5,LY_Amph,35,0,-5,-2,-1,-1,0,0
5,LY_Amph,36,0,-4,-2,-1,-1,0,0
5,LY_Amph,37,0,-4,-2,-1,-1,0,0
5,LY_Amph,38,0,-4,-2,-1,-1,0,0
5,LY_Amph,39,0,-4,-2,-1,-1,0,0
5,LY_Amph,40,0,-4,-2,-1,-1,0,0
5,LY_Amph,41,0,-3,-1,-1,0,0,0
5,LY_Amph,42,0,-3,-1,-1,0,0,0
5,LY_Amph,43,0,-3,-1,-1,0,0,0
5,LY_Amph,44,0,-3,-1,-1,0,0,0
5,LY_Amph,45,0,-3,-1,-1,0,0,0
5,LY_Amph,46,0,-2,-1,0,0,0,0
5,LY_Amph,47,0,-2,-1,0,0,0,0
5,LY_Amph,48,0,-2,-1,0,0,0,0
5,LY_Amph,49,0,-2,-1,0,0,0,0
5,LY_Amph,50,0,-2,-1,0,0,0,0
5,LY_Amph,51,0,-1,0,0,0,0,0
5,LY_Amph,52,0,-1,0,0,0,0,0
5,LY_Amph,53,0,-1,0,0,0,0,0
5,LY_Amph,54,0,-1,0,0,0,0,0
5,LY_Amph,55,6,-1,0,0,0,0,0
5,LY_Amph,56,1,0,0,0,0,0,0
5,LY_Amph,57,19,0,0,0,0,0,0
5,LY_Amph,58,0,0,0,0,0,0,0
5,LY_Amph,59,0,0,0,0,0,0,0
5,LY_Amph,60,1,0,0,0,0,0,0
6,Veh_LY,1,193,-11,-5,-3,-2,-1,0
6,Veh_LY,2,92,-11,-5,-3,-2,-1,0
6,Veh_LY,3,85,-11,-5,-3,-2,-1,0
6,Veh_LY,4,109,-11,-5,-3,-2,-1,0
6,Veh_LY,5,86,-11,-5,-3,-2,-1,0
6,Veh_LY,6,116,-10,-5,-3,-2,-1,0
6,Veh_LY,7,56,-10,-5,-3,-2,-1,0
6,Veh_LY,8,48,-10,-5,-3,-2,-1,0
6,Veh_LY,9,25,-10,-5,-3,-2,-1,0
6,Veh_LY,10,63,-10,-5,-3,-2,-1,0
6,Veh_LY,11,93,-9,-4,-3,-2,-1,0
6,Veh_LY,12,3,-9,-4,-3,-2,-1,0
6,Veh_LY,13,0,-9,-4,-3,-2,-1,0
6,Veh_LY,14,23,-9,-4,-3,-2,-1,0
6,Veh_LY,15,7,-9,-4,-3,-2,-1,0
6,Veh_LY,16,9,-8,-4,-2,-2,-1,0
6,Veh_LY,17,59,-8,-4,-2,-2,-1,0
6,Veh_LY,18,44,-8,-4,-2,-2,-1,0
6,Veh_LY,19,81,-8,-4,-2,-2,-1,0
6,Veh_LY,20,9,-8,-4,-2,-2,-1,0
6,Veh_LY,21,0,-7,-3,-2,-1,-1,0
6,Veh_LY,22,10,-7,-3,-2,-1,-1,0
6,Veh_LY,23,0,-7,-3,-2,-1,-1,0
6,Veh_LY,24,16,-7,-3,-2,-1,-1,0
6,Veh_LY,25,18,-7,-3,-2,-1,-1,0
6,Veh_LY,26,12,-6,-3,-2,-1,-1,0
6,Veh_LY,27,0,-6,-3,-2,-1,-1,0
6,Veh_LY,28,2,-6,-3,-2,-1,-1,0
6,Veh_LY,29,8,-6,-3,-2,-1,-1,0
6,Veh_LY,30,0,-6,-3,-2,-1,-1,0
6,Veh_LY,31,0,-5,-2,-1,-1,0,0
6,Veh_LY,32,0,-5,-2,-1,-1,0,0
6,Veh_LY,33,0,-5,-2,-1,-1,0,0
6,Veh_LY,34,0,-5,-2,-1,-1,0,0
6,Veh_LY,35,0,-5,-2,-1,-1,0,0
6,Veh_LY,36,0,-4,-2,-1,-1,0,0
6,Veh_LY,37,0,-4,-2,-1,-1,0,0
6,Veh_LY,38,0,-4,-2,-1,-1,0,0
6,Veh_LY,39,0,-4,-2,-1,-1,0,0
6,Veh_LY,40,0,-4,-2,-1,-1,0,0
6,Veh_LY,41,0,-3,-1,-1,0,0,0
6,Veh_LY,42,0,-3,-1,-1,0,0,0
6,Veh_LY,43,0,-3,-1,-1,0,0,0
6,Veh_LY,44,0,-3,-1,-1,0,0,0
6,Veh_LY,45,0,-3,-1,-1,0,0,0
6,Veh_LY,46,0,-2,-1,0,0,0,0
6,Veh_LY,47,0,-2,-1,0,0,0,0
6,Veh_LY,48,1,-2,-1,0,0,0,0
6,Veh_LY,49,11,-2,-1,0,0,0,0
6,Veh_LY,50,0,-2,-1,0,0,0,0
6,Veh_LY,51,0,-1,0,0,0,0,0
6,Veh_LY,52,2,-1,0,0,0,0,0
6,Veh_LY,53,5,-1,0,0,0,0,0
6,Veh_LY,54,0,-1,0,0,0,0,0
6,Veh_LY,55,0,-1,0,0,0,0,0
6,Veh_LY,56,0,0,0,0,0,0,0
6,Veh_LY,57,0,0,0,0,0,0,0
6,Veh_LY,58,0,0,0,0,0,0,0
6,Veh_LY,59,0,0,0,0,0,0,0
6,Veh_LY,60,0,0,0,0,0,0,0
7,Veh_Veh,1,156,-11,-5,-3,-2,-1,0
7,Veh_Veh,2,147,-11,-5,-3,-2,-1,0
7,Veh_Veh,3,47,-11,-5,-3,-2,-1,0
7,Veh_Veh,4,109,-11,-5,-3,-2,-1,0
7,Veh_Veh,5,56,-11,-5,-3,-2,-1,0
7,Veh_Veh,6,101,-10,-5,-3,-2,-1,0
7,Veh_Veh,7,41,-10,-5,-3,-2,-1,0
7,Veh_Veh,8,110,-10,-5,-3,-2,-1,0
7,Veh_Veh,9,85,-10,-5,-3,-2,-1,0
7,Veh_Veh,10,27,-10,-5,-3,-2,-1,0
7,Veh_Veh,11,34,-9,-4,-3,-2,-1,0
7,Veh_Veh,12,14,-9,-4,-3,-2,-1,0
7,Veh_Veh,13,71,-9,-4,-3,-2,-1,0
7,Veh_Veh,14,32,-9,-4,-3,-2,-1,0
7,Veh_Veh,15,16,-9,-4,-3,-2,-1,0
7,Veh_Veh,16,11,-8,-4,-2,-2,-1,0
7,Veh_Veh,17,14,-8,-4,-2,-2,-1,0
7,Veh_Veh,18,65,-8,-4,-2,-2,-1,0
7,Veh_Veh,19,59,-8,-4,-2,-2,-1,0
7,Veh_Veh,20,74,-8,-4,-2,-2,-1,0
7,Veh_Veh,21,8,-7,-3,-2,-1,-1,0
7,Veh_Veh,22,79,-7,-3,-2,-1,-1,0
7,Veh_Veh,23,24,-7,-3,-2,-1,-1,0
7,Veh_Veh,24,17,-7,-3,-2,-1,-1,0
7,Veh_Veh,25,0,-7,-3,-2,-1,-1,0
7,Veh_Veh,26,13,-6,-3,-2,-1,-1,0
7,Veh_Veh,27,64,-6,-3,-2,-1,-1,0
7,Veh_Veh,28,4,-6,-3,-2,-1,-1,0
7,Veh_Veh,29,21,-6,-3,-2,-1,-1,0
7,Veh_Veh,30,0,-6,-3,-2,-1,-1,0
7,Veh_Veh,31,1,-5,-2,-1,-1,0,0
7,Veh_Veh,32,6,-5,-2,-1,-1,0,0
7,Veh_Veh,33,60,-5,-2,-1,-1,0,0
7,Veh_Veh,34,48,-5,-2,-1,-1,0,0
7,Veh_Veh,35,10,-5,-2,-1,-1,0,0
7,Veh_Veh,36,5,-4,-2,-1,-1,0,0
7,Veh_Veh,37,1,-4,-2,-1,-1,0,0
7,Veh_Veh,38,1,-4,-2,-1,-1,0,0
7,Veh_Veh,39,1,-4,-2,-1,-1,0,0
7,Veh_Veh,40,0,-4,-2,-1,-1,0,0
7,Veh_Veh,41,0,-3,-1,-1,0,0,0
7,Veh_Veh,42,12,-3,-1,-1,0,0,0
7,Veh_Veh,43,0,-3,-1,-1,0,0,0
7,Veh_Veh,44,0,-3,-1,-1,0,0,0
7,Veh_Veh,45,0,-3,-1,-1,0,0,0
7,Veh_Veh,46,0,-2,-1,0,0,0,0
7,Veh_Veh,47,0,-2,-1,0,0,0,0
7,Veh_Veh,48,0,-2,-1,0,0,0,0
7,Veh_Veh,49,0,-2,-1,0,0,0,0
7,Veh_Veh,50,0,-2,-1,0,0,0,0
7,Veh_Veh,51,0,-1,0,0,0,0,0
7,Veh_Veh,52,0,-1,0,0,0,0,0
7,Veh_Veh,53,0,-1,0,0,0,0,0
7,Veh_Veh,54,0,-1,0,0,0,0,0
7,Veh_Veh,55,1,-1,0,0,0,0,0
7,Veh_Veh,56,0,0,0,0,0,0,0
7,Veh_Veh,57,0,0,0,0,0,0,0
7,Veh_Veh,58,23,0,0,0,0,0,0
7,Veh_Veh,59,0,0,0,0,0,0,0
7,Veh_Veh,60,0,0,0,0,0,0,0
8,Veh_Amph,1,164,-11,-5,-3,-2,-1,0
8,Veh_Amph,2,133,-11,-5,-3,-2,-1,0
8,Veh_Amph,3,137,-11,-5,-3,-2,-1,0
8,Veh_Amph,4,161,-11,-5,-3,-2,-1,0
8,Veh_Amph,5,110,-11,-5,-3,-2,-1,0
8,Veh_Amph,6,47,-10,-5,-3,-2,-1,0
8,Veh_Amph,7,119,-10,-5,-3,-2,-1,0
8,Veh_Amph,8,49,-10,-5,-3,-2,-1,0
8,Veh_Amph,9,39,-10,-5,-3,-2,-1,0
8,Veh_Amph,10,31,-10,-5,-3,-2,-1,0
8,Veh_Amph,11,100,-9,-4,-3,-2,-1,0
8,Veh_Amph,12,76,-9,-4,-3,-2,-1,0
8,Veh_Amph,13,64,-9,-4,-3,-2,-1,0
8,Veh_Amph,14,60,-9,-4,-3,-2,-1,0
8,Veh_Amph,15,4,-9,-4,-3,-2,-1,0
8,Veh_Amph,16,14,-8,-4,-2,-2,-1,0
8,Veh_Amph,17,27,-8,-4,-2,-2,-1,0
8,Veh_Amph,18,11,-8,-4,-2,-2,-1,0
8,Veh_Amph,19,20,-8,-4,-2,-2,-1,0
8,Veh_Amph,20,17,-8,-4,-2,-2,-1,0
8,Veh_Amph,21,1,-7,-3,-2,-1,-1,0
8,Veh_Amph,22,1,-7,-3,-2,-1,-1,0
8,Veh_Amph,23,7,-7,-3,-2,-1,-1,0
8,Veh_Amph,24,58,-7,-3,-2,-1,-1,0
8,Veh_Amph,25,0,-7,-3,-2,-1,-1,0
8,Veh_Amph,26,0,-6,-3,-2,-1,-1,0
8,Veh_Amph,27,0,-6,-3,-2,-1,-1,0
8,Veh_Amph,28,6,-6,-3,-2,-1,-1,0
8,Veh_Amph,29,0,-6,-3,-2,-1,-1,0
8,Veh_Amph,30,0,-6,-3,-2,-1,-1,0
8,Veh_Amph,31,0,-5,-2,-1,-1,0,0
8,Veh_Amph,32,0,-5,-2,-1,-1,0,0
8,Veh_Amph,33,0,-5,-2,-1,-1,0,0
8,Veh_Amph,34,0,-5,-2,-1,-1,0,0
8,Veh_Amph,35,0,-5,-2,-1,-1,0,0
8,Veh_Amph,36,0,-4,-2,-1,-1,0,0
8,Veh_Amph,37,0,-4,-2,-1,-1,0,0
8,Veh_Amph,38,0,-4,-2,-1,-1,0,0
8,Veh_Amph,39,0,-4,-2,-1,-1,0,0
8,Veh_Amph,40,0,-4,-2,-1,-1,0,0
8,Veh_Amph,41,0,-3,-1,-1,0,0,0
8,Veh_Amph,42,0,-3,-1,-1,0,0,0
8,Veh_Amph,43,0,-3,-1,-1,0,0,0
8,Veh_Amph,44,0,-3,-1,-1,0,0,0
8,Veh_Amph,45,0,-3,-1,-1,0,0,0
8,Veh_Amph,46,1,-2,-1,0,0,0,0
8,Veh_Amph,47,0,-2,-1,0,0,0,0
8,Veh_Amph,48,0,-2,-1,0,0,0,0
8,Veh_Amph,49,0,-2,-1,0,0,0,0
8,Veh_Amph,50,1,-2,-1,0,0,0,0
8,Veh_Amph,51,4,-1,0,0,0,0,0
8,Veh_Amph,52,1,-1,0,0,0,0,0
8,Veh_Amph,53,4,-1,0,0,0,0,0
8,Veh_Amph,54,1,-1,0,0,0,0,0
8,Veh_Amph,55,1,-1,0,0,0,0,0
8,Veh_Amph,56,11,0,0,0,0,0,0
8,Veh_Amph,57,0,0,0,0,0,0,0
8,Veh_Amph,58,0,0,0,0,0,0,0
8,Veh_Amph,59,0,0,0,0,0,0,0
8,Veh_Amph,60,0,0,0,0,0,0,0
9,Veh_LY,1,219,-11,-5,-3,-2,-1,0
9,Veh_LY,2,133,-11,-5,-3,-2,-1,0
9,Veh_LY,3,115,-11,-5,-3,-2,-1,0
9,Veh_LY,4,117,-11,-5,-3,-2,-1,0
9,Veh_LY,5,33,-11,-5,-3,-2,-1,0
9,Veh_LY,6,59,-10,-5,-3,-2,-1,0
9,Veh_LY,7,14,-10,-5,-3,-2,-1,0
9,Veh_LY,8,21,-10,-5,-3,-2,-1,0
9,Veh_LY,9,2,-10,-5,-3,-2,-1,0
9,Veh_LY,10,0,-10,-5,-3,-2,-1,0
9,Veh_LY,11,20,-9,-4,-3,-2,-1,0
9,Veh_LY,12,8,-9,-4,-3,-2,-1,0
9,Veh_LY,13,0,-9,-4,-3,-2,-1,0
9,Veh_LY,14,3,-9,-4,-3,-2,-1,0
9,Veh_LY,15,0,-9,-4,-3,-2,-1,0
9,Veh_LY,16,0,-8,-4,-2,-2,-1,0
9,Veh_LY,17,49,-8,-4,-2,-2,-1,0
9,Veh_LY,18,78,-8,-4,-2,-2,-1,0
9,Veh_LY,19,30,-8,-4,-2,-2,-1,0
9,Veh_LY,20,24,-8,-4,-2,-2,-1,0
9,Veh_LY,21,5,-7,-3,-2,-1,-1,0
9,Veh_LY,22,0,-7,-3,-2,-1,-1,0
9,Veh_LY,23,0,-7,-3,-2,-1,-1,0
9,Veh_LY,24,0,-7,-3,-2,-1,-1,0
9,Veh_LY,25,0,-7,-3,-2,-1,-1,0
9,Veh_LY,26,0,-6,-3,-2,-1,-1,0
9,Veh_LY,27,4,-6,-3,-2,-1,-1,0
9,Veh_LY,28,0,-6,-3,-2,-1,-1,0
9,Veh_LY,29,13,-6,-3,-2,-1,-1,0
9,Veh_LY,30,0,-6,-3,-2,-1,-1,0
9,Veh_LY,31,1,-5,-2,-1,-1,0,0
9,Veh_LY,32,0,-5,-2,-1,-1,0,0
9,Veh_LY,33,9,-5,-2,-1,-1,0,0
9,Veh_LY,34,1,-5,-2,-1,-1,0,0
9,Veh_LY,35,0,-5,-2,-1,-1,0,0
9,Veh_LY,36,0,-4,-2,-1,-1,0,0
9,Veh_LY,37,0,-4,-2,-1,-1,0,0
9,Veh_LY,38,0,-4,-2,-1,-1,0,0
9,Veh_LY,39,1,-4,-2,-1,-1,0,0
9,Veh_LY,40,0,-4,-2,-1,-1,0,0
9,Veh_LY,41,0,-3,-1,-1,0,0,0
9,Veh_LY,42,20,-3,-1,-1,0,0,0
9,Veh_LY,43,0,-3,-1,-1,0,0,0
9,Veh_LY,44,0,-3,-1,-1,0,0,0
9,Veh_LY,45,0,-3,-1,-1,0,0,0
9,Veh_LY,46,0,-2,-1,0,0,0,0
9,Veh_LY,47,0,-2,-1,0,0,0,0
9,Veh_LY,48,0,-2,-1,0,0,0,0
9,Veh_LY,49,0,-2,-1,0,0,0,0
9,Veh_LY,50,0,-2,-1,0,0,0,0
9,Veh_LY,51,0,-1,0,0,0,0,0
9,Veh_LY,52,0,-1,0,0,0,0,0
9,Veh_LY,53,0,-1,0,0,0,0,0
9,Veh_LY,54,0,-1,0,0,0,0,0
9,Veh_LY,55,0,-1,0,0,0,0,0
9,Veh_LY,56,0,0,0,0,0,0,0
9,Veh_LY,57,0,0,0,0,0,0,0
9,Veh_LY,58,0,0,0,0,0,0,0
9,Veh_LY,59,0,0,0,0,0,0,0
9,Veh_LY,60,0,0,0,0,0,0,0
10,Veh_Veh,1,151,-11,-5,-3,-2,-1,0
10,Veh_Veh,2,75,-11,-5,-3,-2,-1,0
10,Veh_Veh,3,46,-11,-5,-3,-2,-1,0
10,Veh_Veh,4,51,-11,-5,-3,-2,-1,0
10,Veh_Veh,5,113,-11,-5,-3,-2,-1,0
10,Veh_Veh,6,82,-10,-5,-3,-2,-1,0
10,Veh_Veh,7,48,-10,-5,-3,-2,-1,0
10,Veh_Veh,8,29,-10,-5,-3,-2,-1,0
10,Veh_Veh,9,41,-10,-5,-3,-2,-1,0
10,Veh_Veh,10,14,-10,-5,-3,-2,-1,0
10,Veh_Veh,11,28,-9,-4,-3,-2,-1,0
10,Veh_Veh,12,27,-9,-4,-3,-2,-1,0
10,Veh_Veh,13,10,-9,-4,-3,-2,-1,0
10,Veh_Veh,14,42,-9,-4,-3,-2,-1,0
10,Veh_Veh,15,7,-9,-4,-3,-2,-1,0
10,Veh_Veh,16,10,-8,-4,-2,-2,-1,0
10,Veh_Veh,17,32,-8,-4,-2,-2,-1,0
10,Veh_Veh,18,59,-8,-4,-2,-2,-1,0
10,Veh_Veh,19,3,-8,-4,-2,-2,-1,0
10,Veh_Veh,20,15,-8,-4,-2,-2,-1,0
10,Veh_Veh,21,16,-7,-3,-2,-1,-1,0
10,Veh_Veh,22,3,-7,-3,-2,-1,-1,0
10,Veh_Veh,23,22,-7,-3,-2,-1,-1,0
10,Veh_Veh,24,19,-7,-3,-2,-1,-1,0
10,Veh_Veh,25,32,-7,-3,-2,-1,-1,0
10,Veh_Veh,26,11,-6,-3,-2,-1,-1,0
10,Veh_Veh,27,18,-6,-3,-2,-1,-1,0
10,Veh_Veh,28,9,-6,-3,-2,-1,-1,0
10,Veh_Veh,29,25,-6,-3,-2,-1,-1,0
10,Veh_Veh,30,2,-6,-3,-2,-1,-1,0
10,Veh_Veh,31,0,-5,-2,-1,-1,0,0
10,Veh_Veh,32,5,-5,-2,-1,-1,0,0
10,Veh_Veh,33,4,-5,-2,-1,-1,0,0
10,Veh_Veh,34,0,-5,-2,-1,-1,0,0
10,Veh_Veh,35,16,-5,-2,-1,-1,0,0
10,Veh_Veh,36,1,-4,-2,-1,-1,0,0
10,Veh_Veh,37,6,-4,-2,-1,-1,0,0
10,Veh_Veh,38,3,-4,-2,-1,-1,0,0
10,Veh_Veh,39,2,-4,-2,-1,-1,0,0
10,Veh_Veh,40,0,-4,-2,-1,-1,0,0
10,Veh_Veh,41,0,-3,-1,-1,0,0,0
10,Veh_Veh,42,2,-3,-1,-1,0,0,0
10,Veh_Veh,43,2,-3,-1,-1,0,0,0
10,Veh_Veh,44,15,-3,-1,-1,0,0,0
10,Veh_Veh,45,64,-3,-1,-1,0,0,0
10,Veh_Veh,46,19,-2,-1,0,0,0,0
10,Veh_Veh,47,9,-2,-1,0,0,0,0
10,Veh_Veh,48,5,-2,-1,0,0,0,0
10,Veh_Veh,49,11,-2,-1,0,0,0,0
10,Veh_Veh,50,9,-2,-1,0,0,0,0
10,Veh_Veh,51,12,-1,0,0,0,0,0
10,Veh_Veh,52,13,-1,0,0,0,0,0
10,Veh_Veh,53,15,-1,0,0,0,0,0
10,Veh_Veh,54,15,-1,0,0,0,0,0
10,Veh_Veh,55,15,-1,0,0,0,0,0
10,Veh_Veh,56,23,0,0,0,0,0,0
10,Veh_Veh,57,18,0,0,0,0,0,0
10,Veh_Veh,58,21,0,0,0,0,0,0
10,Veh_Veh,59,13,0,0,0,0,0,0
10,Veh_Veh,60,13,0,0,0,0,0,0
11,Veh_Amph,1,192,-11,-5,-3,-2,-1,0
11,Veh_Amph,2,70,-11,-5,-3,-2,-1,0
11,Veh_Amph,3,118,-11,-5,-3,-2,-1,0
11,Veh_Amph,4,110,-11,-5,-3,-2,-1,0
11,Veh_Amph,5,123,-11,-5,-3,-2,-1,0
11,Veh_Amph,6,84,-10,-5,-3,-2,-1,0
11,Veh_Amph,7,45,-10,-5,-3,-2,-1,0
11,Veh_Amph,8,3,-10,-5,-3,-2,-1,0
11,Veh_Amph,9,42,-10,-5,-3,-2,-1,0
11,Veh_Amph,10,33,-10,-5,-3,-2,-1,0
11,Veh_Amph,11,34,-9,-4,-3,-2,-1,0
11,Veh_Amph,12,23,-9,-4,-3,-2,-1,0
11,Veh_Amph,13,73,-9,-4,-3,-2,-1,0
11,Veh_Amph,14,10,-9,-4,-3,-2,-1,0
11,Veh_Amph,15,9,-9,-4,-3,-2,-1,0
11,Veh_Amph,16,4,-8,-4,-2,-2,-1,0
11,Veh_Amph,17,42,-8,-4,-2,-2,-1,0
11,Veh_Amph,18,107,-8,-4,-2,-2,-1,0
11,Veh_Amph,19,95,-8,-4,-2,-2,-1,0
11,Veh_Amph,20,17,-8,-4,-2,-2,-1,0
11,Veh_Amph,21,1,-7,-3,-2,-1,-1,0
11,Veh_Amph,22,0,-7,-3,-2,-1,-1,0
11,Veh_Amph,23,18,-7,-3,-2,-1,-1,0
11,Veh_Amph,24,14,-7,-3,-2,-1,-1,0
11,Veh_Amph,25,16,-7,-3,-2,-1,-1,0
11,Veh_Amph,26,8,-6,-3,-2,-1,-1,0
11,Veh_Amph,27,0,-6,-3,-2,-1,-1,0
11,Veh_Amph,28,0,-6,-3,-2,-1,-1,0
11,Veh_Amph,29,0,-6,-3,-2,-1,-1,0
11,Veh_Amph,30,0,-6,-3,-2,-1,-1,0
11,Veh_Amph,31,0,-5,-2,-1,-1,0,0
11,Veh_Amph,32,0,-5,-2,-1,-1,0,0
11,Veh_Amph,33,0,-5,-2,-1,-1,0,0
11,Veh_Amph,34,11,-5,-2,-1,-1,0,0
11,Veh_Amph,35,8,-5,-2,-1,-1,0,0
11,Veh_Amph,36,0,-4,-2,-1,-1,0,0
11,Veh_Amph,37,2,-4,-2,-1,-1,0,0
11,Veh_Amph,38,0,-4,-2,-1,-1,0,0
11,Veh_Amph,39,0,-4,-2,-1,-1,0,0
11,Veh_Amph,40,0,-4,-2,-1,-1,0,0
11,Veh_Amph,41,0,-3,-1,-1,0,0,0
11,Veh_Amph,42,0,-3,-1,-1,0,0,0
11,Veh_Amph,43,0,-3,-1,-1,0,0,0
11,Veh_Amph,44,0,-3,-1,-1,0,0,0
11,Veh_Amph,45,0,-3,-1,-1,0,0,0
11,Veh_Amph,46,4,-2,-1,0,0,0,0
11,Veh_Amph,47,0,-2,-1,0,0,0,0
11,Veh_Amph,48,0,-2,-1,0,0,0,0
11,Veh_Amph,49,0,-2,-1,0,0,0,0
11,Veh_Amph,50,0,-2,-1,0,0,0,0
11,Veh_Amph,51,2,-1,0,0,0,0,0
11,Veh_Amph,52,0,-1,0,0,0,0,0
11,Veh_Amph,53,0,-1,0,0,0,0,0
11,Veh_Amph,54,0,-1,0,0,0,0,0
11,Veh_Amph,55,0,-1,0,0,0,0,0
11,Veh_Amph,56,1,0,0,0,0,0,0
11,Veh_Amph,57,0,0,0,0,0,0,0
11,Veh_Amph,58,0,0,0,0,0,0,0
11,Veh_Amph,59,0,0,0,0,0,0,0
11,Veh_Amph,60,9,0,0,0,0,0,0
12,LY_Amph,1,228,-11,-5,-3,-2,-1,0
12,LY_Amph,2,107,-11,-5,-3,-2,-1,0
12,LY_Amph,3,95,-11,-5,-3,-2,-1,0
12,LY_Amph,4,54,-11,-5,-3,-2,-1,0
12,LY_Amph,5,48,-11,-5,-3,-2,-1,0
12,LY_Amph,6,19,-10,-5,-3,-2,-1,0
12,LY_Amph,7,11,-10,-5,-3,-2,-1,0
12,LY_Amph,8,99,-10,-5,-3,-2,-1,0
12,LY_Amph,9,62,-10,-5,-3,-2,-1,0
12,LY_Amph,10,16,-10,-5,-3,-2,-1,0
12,LY_Amph,11,17,-9,-4,-3,-2,-1,0
12,LY_Amph,12,11,-9,-4,-3,-2,-1,0
12,LY_Amph,13,4,-9,-4,-3,-2,-1,0
12,LY_Amph,14,3,-9,-4,-3,-2,-1,0
12,LY_Amph,15,7,-9,-4,-3,-2,-1,0
12,LY_Amph,16,13,-8,-4,-2,-2,-1,0
12,LY_Amph,17,9,-8,-4,-2,-2,-1,0
12,LY_Amph,18,15,-8,-4,-2,-2,-1,0
12,LY_Amph,19,4,-8,-4,-2,-2,-1,0
12,LY_Amph,20,11,-8,-4,-2,-2,-1,0
12,LY_Amph,21,25,-7,-3,-2,-1,-1,0
12,LY_Amph,22,14,-7,-3,-2,-1,-1,0
12,LY_Amph,23,7,-7,-3,-2,-1,-1,0
12,LY_Amph,24,19,-7,-3,-2,-1,-1,0
12,LY_Amph,25,75,-7,-3,-2,-1,-1,0
12,LY_Amph,26,84,-6,-3,-2,-1,-1,0
12,LY_Amph,27,8,-6,-3,-2,-1,-1,0
12,LY_Amph,28,18,-6,-3,-2,-1,-1,0
12,LY_Amph,29,5,-6,-3,-2,-1,-1,0
12,LY_Amph,30,0,-6,-3,-2,-1,-1,0
12,LY_Amph,31,0,-5,-2,-1,-1,0,0
12,LY_Amph,32,0,-5,-2,-1,-1,0,0
12,LY_Amph,33,0,-5,-2,-1,-1,0,0
12,LY_Amph,34,0,-5,-2,-1,-1,0,0
12,LY_Amph,35,2,-5,-2,-1,-1,0,0
12,LY_Amph,36,0,-4,-2,-1,-1,0,0
12,LY_Amph,37,0,-4,-2,-1,-1,0,0
12,LY_Amph,38,0,-4,-2,-1,-1,0,0
12,LY_Amph,39,5,-4,-2,-1,-1,0,0
12,LY_Amph,40,5,-4,-2,-1,-1,0,0
12,LY_Amph,41,0,-3,-1,-1,0,0,0
12,LY_Amph,42,1,-3,-1,-1,0,0,0
12,LY_Amph,43,0,-3,-1,-1,0,0,0
12,LY_Amph,44,0,-3,-1,-1,0,0,0
12,LY_Amph,45,2,-3,-1,-1,0,0,0
12,LY_Amph,46,3,-2,-1,0,0,0,0
12,LY_Amph,47,1,-2,-1,0,0,0,0
12,LY_Amph,48,10,-2,-1,0,0,0,0
12,LY_Amph,49,1,-2,-1,0,0,0,0
12,LY_Amph,50,0,-2,-1,0,0,0,0
12,LY_Amph,51,0,-1,0,0,0,0,0
12,LY_Amph,52,6,-1,0,0,0,0,0
12,LY_Amph,53,0,-1,0,0,0,0,0
12,LY_Amph,54,0,-1,0,0,0,0,0
12,LY_Amph,55,0,-1,0,0,0,0,0
12,LY_Amph,56,0,0,0,0,0,0,0
12,LY_Amph,57,0,0,0,0,0,0,0
12,LY_Amph,58,0,0,0,0,0,0,0
12,LY_Amph,59,0,0,0,0,0,0,0
12,LY_Amph,60,0,0,0,0,0,0,0
13,Veh_Veh,1,184,-11,-5,-3,-2,-1,0
13,Veh_Veh,2,139,-11,-5,-3,-2,-1,0
13,Veh_Veh,3,131,-11,-5,-3,-2,-1,0
13,Veh_Veh,4,92,-11,-5,-3,-2,-1,0
13,Veh_Veh,5,56,-11,-5,-3,-2,-1,0
13,Veh_Veh,6,54,-10,-5,-3,-2,-1,0
13,Veh_Veh,7,121,-10,-5,-3,-2,-1,0
13,Veh_Veh,8,90,-10,-5,-3,-2,-1,0
13,Veh_Veh,9,71,-10,-5,-3,-2,-1,0
13,Veh_Veh,10,43,-10,-5,-3,-2,-1,0
13,Veh_Veh,11,54,-9,-4,-3,-2,-1,0
13,Veh_Veh,12,9,-9,-4,-3,-2,-1,0
13,Veh_Veh,13,24,-9,-4,-3,-2,-1,0
13,Veh_Veh,14,12,-9,-4,-3,-2,-1,0
13,Veh_Veh,15,7,-9,-4,-3,-2,-1,0
13,Veh_Veh,16,20,-8,-4,-2,-2,-1,0
13,Veh_Veh,17,23,-8,-4,-2,-2,-1,0
13,Veh_Veh,18,91,-8,-4,-2,-2,-1,0
13,Veh_Veh,19,45,-8,-4,-2,-2,-1,0
13,Veh_Veh,20,49,-8,-4,-2,-2,-1,0
13,Veh_Veh,21,89,-7,-3,-2,-1,-1,0
13,Veh_Veh,22,123,-7,-3,-2,-1,-1,0
13,Veh_Veh,23,104,-7,-3,-2,-1,-1,0
13,Veh_Veh,24,72,-7,-3,-2,-1,-1,0
13,Veh_Veh,25,17,-7,-3,-2,-1,-1,0
13,Veh_Veh,26,72,-6,-3,-2,-1,-1,0
13,Veh_Veh,27,58,-6,-3,-2,-1,-1,0
13,Veh_Veh,28,55,-6,-3,-2,-1,-1,0
13,Veh_Veh,29,94,-6,-3,-2,-1,-1,0
13,Veh_Veh,30,25,-6,-3,-2,-1,-1,0
13,Veh_Veh,31,12,-5,-2,-1,-1,0,0
13,Veh_Veh,32,39,-5,-2,-1,-1,0,0
13,Veh_Veh,33,28,-5,-2,-1,-1,0,0
13,Veh_Veh,34,20,-5,-2,-1,-1,0,0
13,Veh_Veh,35,2,-5,-2,-1,-1,0,0
13,Veh_Veh,36,3,-4,-2,-1,-1,0,0
13,Veh_Veh,37,0,-4,-2,-1,-1,0,0
13,Veh_Veh,38,0,-4,-2,-1,-1,0,0
13,Veh_Veh,39,0,-4,-2,-1,-1,0,0
13,Veh_Veh,40,1,-4,-2,-1,-1,0,0
13,Veh_Veh,41,0,-3,-1,-1,0,0,0
13,Veh_Veh,42,0,-3,-1,-1,0,0,0
13,Veh_Veh,43,0,-3,-1,-1,0,0,0
13,Veh_Veh,44,1,-3,-1,-1,0,0,0
13,Veh_Veh,45,1,-3,-1,-1,0,0,0
13,Veh_Veh,46,0,-2,-1,0,0,0,0
13,Veh_Veh,47,1,-2,-1,0,0,0,0
13,Veh_Veh,48,0,-2,-1,0,0,0,0
13,Veh_Veh,49,1,-2,-1,0,0,0,0
13,Veh_Veh,50,7,-2,-1,0,0,0,0
13,Veh_Veh,51,2,-1,0,0,0,0,0
13,Veh_Veh,52,0,-1,0,0,0,0,0
13,Veh_Veh,53,0,-1,0,0,0,0,0
13,Veh_Veh,54,0,-1,0,0,0,0,0
13,Veh_Veh,55,0,-1,0,0,0,0,0
13,Veh_Veh,56,0,0,0,0,0,0,0
13,Veh_Veh,57,0,0,0,0,0,0,0
13,Veh_Veh,58,0,0,0,0,0,0,0
13,Veh_Veh,59,0,0,0,0,0,0,0
13,Veh_Veh,60,2,0,0,0,0,0,0
14,Veh_Amph,1,212,-11,-5,-3,-2,-1,0
14,Veh_Amph,2,172,-11,-5,-3,-2,-1,0
14,Veh_Amph,3,143,-11,-5,-3,-2,-1,0
14,Veh_Amph,4,146,-11,-5,-3,-2,-1,0
14,Veh_Amph,5,62,-11,-5,-3,-2,-1,0
14,Veh_Amph,6,94,-10,-5,-3,-2,-1,0
14,Veh_Amph,7,69,-10,-5,-3,-2,-1,0
14,Veh_Amph,8,79,-10,-5,-3,-2,-1,0
14,Veh_Amph,9,113,-10,-5,-3,-2,-1,0
14,Veh_Amph,10,41,-10,-5,-3,-2,-1,0
14,Veh_Amph,11,37,-9,-4,-3,-2,-1,0
14,Veh_Amph,12,56,-9,-4,-3,-2,-1,0
14,Veh_Amph,13,2,-9,-4,-3,-2,-1,0
14,Veh_Amph,14,16,-9,-4,-3,-2,-1,0
14,Veh_Amph,15,17,-9,-4,-3,-2,-1,0
14,Veh_Amph,16,50,-8,-4,-2,-2,-1,0
14,Veh_Amph,17,85,-8,-4,-2,-2,-1,0
14,Veh_Amph,18,77,-8,-4,-2,-2,-1,0
14,Veh_Amph,19,38,-8,-4,-2,-2,-1,0
14,Veh_Amph,20,19,-8,-4,-2,-2,-1,0
14,Veh_Amph,21,17,-7,-3,-2,-1,-1,0
14,Veh_Amph,22,20,-7,-3,-2,-1,-1,0
14,Veh_Amph,23,3,-7,-3,-2,-1,-1,0
14,Veh_Amph,24,0,-7,-3,-2,-1,-1,0
14,Veh_Amph,25,13,-7,-3,-2,-1,-1,0
14,Veh_Amph,26,3,-6,-3,-2,-1,-1,0
14,Veh_Amph,27,6,-6,-3,-2,-1,-1,0
14,Veh_Amph,28,3,-6,-3,-2,-1,-1,0
14,Veh_Amph,29,0,-6,-3,-2,-1,-1,0
14,Veh_Amph,30,14,-6,-3,-2,-1,-1,0
14,Veh_Amph,31,0,-5,-2,-1,-1,0,0
14,Veh_Amph,32,0,-5,-2,-1,-1,0,0
14,Veh_Amph,33,0,-5,-2,-1,-1,0,0
14,Veh_Amph,34,1,-5,-2,-1,-1,0,0
14,Veh_Amph,35,2,-5,-2,-1,-1,0,0
14,Veh_Amph,36,0,-4,-2,-1,-1,0,0
14,Veh_Amph,37,5,-4,-2,-1,-1,0,0
14,Veh_Amph,38,0,-4,-2,-1,-1,0,0
14,Veh_Amph,39,0,-4,-2,-1,-1,0,0
14,Veh_Amph,40,1,-4,-2,-1,-1,0,0
14,Veh_Amph,41,18,-3,-1,-1,0,0,0
14,Veh_Amph,42,0,-3,-1,-1,0,0,0
14,Veh_Amph,43,0,-3,-1,-1,0,0,0
14,Veh_Amph,44,0,-3,-1,-1,0,0,0
14,Veh_Amph,45,0,-3,-1,-1,0,0,0
14,Veh_Amph,46,0,-2,-1,0,0,0,0
14,Veh_Amph,47,1,-2,-1,0,0,0,0
14,Veh_Amph,48,0,-2,-1,0,0,0,0
14,Veh_Amph,49,0,-2,-1,0,0,0,0
14,Veh_Amph,50,0,-2,-1,0,0,0,0
14,Veh_Amph,51,0,-1,0,0,0,0,0
14,Veh_Amph,52,0,-1,0,0,0,0,0
14,Veh_Amph,53,0,-1,0,0,0,0,0
14,Veh_Amph,54,8,-1,0,0,0,0,0
14,Veh_Amph,55,2,-1,0,0,0,0,0
14,Veh_Amph,56,1,0,0,0,0,0,0
14,Veh_Amph,57,2,0,0,0,0,0,0
14,Veh_Amph,58,0,0,0,0,0,0,0
14,Veh_Amph,59,1,0,0,0,0,0,0
14,Veh_Amph,60,1,0,0,0,0,0,0
15,Veh_LY,1,203,-11,-5,-3,-2,-1,0
15,Veh_LY,2,125,-11,-5,-3,-2,-1,0
15,Veh_LY,3,63,-11,-5,-3,-2,-1,0
15,Veh_LY,4,140,-11,-5,-3,-2,-1,0
15,Veh_LY,5,111,-11,-5,-3,-2,-1,0
15,Veh_LY,6,61,-10,-5,-3,-2,-1,0
15,Veh_LY,7,5,-10,-5,-3,-2,-1,0
15,Veh_LY,8,36,-10,-5,-3,-2,-1,0
15,Veh_LY,9,84,-10,-5,-3,-2,-1,0
15,Veh_LY,10,130,-10,-5,-3,-2,-1,0
15,Veh_LY,11,96,-9,-4,-3,-2,-1,0
15,Veh_LY,12,7,-9,-4,-3,-2,-1,0
15,Veh_LY,13,7,-9,-4,-3,-2,-1,0
15,Veh_LY,14,7,-9,-4,-3,-2,-1,0
15,Veh_LY,15,27,-9,-4,-3,-2,-1,0
15,Veh_LY,16,62,-8,-4,-2,-2,-1,0
15,Veh_LY,17,19,-8,-4,-2,-2,-1,0
15,Veh_LY,18,20,-8,-4,-2,-2,-1,0
15,Veh_LY,19,36,-8,-4,-2,-2,-1,0
15,Veh_LY,20,28,-8,-4,-2,-2,-1,0
15,Veh_LY,21,53,-7,-3,-2,-1,-1,0
15,Veh_LY,22,14,-7,-3,-2,-1,-1,0
15,Veh_LY,23,0,-7,-3,-2,-1,-1,0
15,Veh_LY,24,2,-7,-3,-2,-1,-1,0
15,Veh_LY,25,1,-7,-3,-2,-1,-1,0
15,Veh_LY,26,3,-6,-3,-2,-1,-1,0
15,Veh_LY,27,22,-6,-3,-2,-1,-1,0
15,Veh_LY,28,16,-6,-3,-2,-1,-1,0
15,Veh_LY,29,0,-6,-3,-2,-1,-1,0
15,Veh_LY,30,0,-6,-3,-2,-1,-1,0
15,Veh_LY,31,0,-5,-2,-1,-1,0,0
15,Veh_LY,32,0,-5,-2,-1,-1,0,0
15,Veh_LY,33,0,-5,-2,-1,-1,0,0
15,Veh_LY,34,0,-5,-2,-1,-1,0,0
15,Veh_LY,35,0,-5,-2,-1,-1,0,0
15,Veh_LY,36,0,-4,-2,-1,-1,0,0
15,Veh_LY,37,0,-4,-2,-1,-1,0,0
15,Veh_LY,38,1,-4,-2,-1,-1,0,0
15,Veh_LY,39,8,-4,-2,-1,-1,0,0
15,Veh_LY,40,16,-4,-2,-1,-1,0,0
15,Veh_LY,41,0,-3,-1,-1,0,0,0
15,Veh_LY,42,0,-3,-1,-1,0,0,0
15,Veh_LY,43,0,-3,-1,-1,0,0,0
15,Veh_LY,44,1,-3,-1,-1,0,0,0
15,Veh_LY,45,0,-3,-1,-1,0,0,0
15,Veh_LY,46,0,-2,-1,0,0,0,0
15,Veh_LY,47,0,-2,-1,0,0,0,0
15,Veh_LY,48,0,-2,-1,0,0,0,0
15,Veh_LY,49,0,-2,-1,0,0,0,0
15,Veh_LY,50,3,-2,-1,0,0,0,0
15,Veh_LY,51,1,-1,0,0,0,0,0
15,Veh_LY,52,1,-1,0,0,0,0,0
15,Veh_LY,53,0,-1,0,0,0,0,0
15,Veh_LY,54,0,-1,0,0,0,0,0
15,Veh_LY,55,0,-1,0,0,0,0,0
15,Veh_LY,56,1,0,0,0,0,0,0
15,Veh_LY,57,2,0,0,0,0,0,0
15,Veh_LY,58,11,0,0,0,0,0,0
15,Veh_LY,59,0,0,0,0,0,0,0
15,Veh_LY,60,0,0,0,0,0,0,0
16,LY_Amph,1,145,-11,-5,-3,-2,-1,0
16,LY_Amph,2,105,-11,-5,-3,-2,-1,0
16,LY_Amph,3,135,-11,-5,-3,-2,-1,0
16,LY_Amph,4,145,-11,-5,-3,-2,-1,0
16,LY_Amph,5,53,-11,-5,-3,-2,-1,0
16,LY_Amph,6,92,-10,-5,-3,-2,-1,0
16,LY_Amph,7,58,-10,-5,-3,-2,-1,0
16,LY_Amph,8,0,-10,-5,-3,-2,-1,0
16,LY_Amph,9,4,-10,-5,-3,-2,-1,0
16,LY_Amph,10,0,-10,-5,-3,-2,-1,0
16,LY_Amph,11,13,-9,-4,-3,-2,-1,0
16,LY_Amph,12,37,-9,-4,-3,-2,-1,0
16,LY_Amph,13,94,-9,-4,-3,-2,-1,0
16,LY_Amph,14,64,-9,-4,-3,-2,-1,0
16,LY_Amph,15,6,-9,-4,-3,-2,-1,0
16,LY_Amph,16,9,-8,-4,-2,-2,-1,0
16,LY_Amph,17,0,-8,-4,-2,-2,-1,0
16,LY_Amph,18,0,-8,-4,-2,-2,-1,0
16,LY_Amph,19,4,-8,-4,-2,-2,-1,0
16,LY_Amph,20,5,-8,-4,-2,-2,-1,0
16,LY_Amph,21,7,-7,-3,-2,-1,-1,0
16,LY_Amph,22,0,-7,-3,-2,-1,-1,0
16,LY_Amph,23,1,-7,-3,-2,-1,-1,0
16,LY_Amph,24,2,-7,-3,-2,-1,-1,0
16,LY_Amph,25,2,-7,-3,-2,-1,-1,0
16,LY_Amph,26,0,-6,-3,-2,-1,-1,0
16,LY_Amph,27,8,-6,-3,-2,-1,-1,0
16,LY_Amph,28,0,-6,-3,-2,-1,-1,0
16,LY_Amph,29,0,-6,-3,-2,-1,-1,0
16,LY_Amph,30,0,-6,-3,-2,-1,-1,0
16,LY_Amph,31,0,-5,-2,-1,-1,0,0
16,LY_Amph,32,0,-5,-2,-1,-1,0,0
16,LY_Amph,33,0,-5,-2,-1,-1,0,0
16,LY_Amph,34,0,-5,-2,-1,-1,0,0
16,LY_Amph,35,0,-5,-2,-1,-1,0,0
16,LY_Amph,36,0,-4,-2,-1,-1,0,0
16,LY_Amph,37,0,-4,-2,-1,-1,0,0
16,LY_Amph,38,0,-4,-2,-1,-1,0,0
16,LY_Amph,39,0,-4,-2,-1,-1,0,0
16,LY_Amph,40,0,-4,-2,-1,-1,0,0
16,LY_Amph,41,0,-3,-1,-1,0,0,0
16,LY_Amph,42,2,-3,-1,-1,0,0,0
16,LY_Amph,43,0,-3,-1,-1,0,0,0
16,LY_Amph,44,16,-3,-1,-1,0,0,0
16,LY_Amph,45,20,-3,-1,-1,0,0,0
16,LY_Amph,46,0,-2,-1,0,0,0,0
16,LY_Amph,47,0,-2,-1,0,0,0,0
16,LY_Amph,48,0,-2,-1,0,0,0,0
16,LY_Amph,49,0,-2,-1,0,0,0,0
16,LY_Amph,50,0,-2,-1,0,0,0,0
16,LY_Amph,51,0,-1,0,0,0,0,0
16,LY_Amph,52,0,-1,0,0,0,0,0
16,LY_Amph,53,0,-1,0,0,0,0,0
16,LY_Amph,54,0,-1,0,0,0,0,0
16,LY_Amph,55,0,-1,0,0,0,0,0
16,LY_Amph,56,0,0,0,0,0,0,0
16,LY_Amph,57,0,0,0,0,0,0,0
16,LY_Amph,58,0,0,0,0,0,0,0
16,LY_Amph,59,0,0,0,0,0,0,0
16,LY_Amph,60,0,0,0,0,0,0,0
17,Veh_Amph,1,247,-11,-5,-3,-2,-1,0
17,Veh_Amph,2,144,-11,-5,-3,-2,-1,0
17,Veh_Amph,3,97,-11,-5,-3,-2,-1,0
17,Veh_Amph,4,32,-11,-5,-3,-2,-1,0
17,Veh_Amph,5,15,-11,-5,-3,-2,-1,0
17,Veh_Amph,6,118,-10,-5,-3,-2,-1,0
17,Veh_Amph,7,83,-10,-5,-3,-2,-1,0
17,Veh_Amph,8,27,-10,-5,-3,-2,-1,0
17,Veh_Amph,9,22,-10,-5,-3,-2,-1,0
17,Veh_Amph,10,87,-10,-5,-3,-2,-1,0
17,Veh_Amph,11,65,-9,-4,-3,-2,-1,0
17,Veh_Amph,12,12,-9,-4,-3,-2,-1,0
17,Veh_Amph,13,0,-9,-4,-3,-2,-1,0
17,Veh_Amph,14,10,-9,-4,-3,-2,-1,0
17,Veh_Amph,15,19,-9,-4,-3,-2,-1,0
17,Veh_Amph,16,8,-8,-4,-2,-2,-1,0
17,Veh_Amph,17,19,-8,-4,-2,-2,-1,0
17,Veh_Amph,18,1,-8,-4,-2,-2,-1,0
17,Veh_Amph,19,5,-8,-4,-2,-2,-1,0
17,Veh_Amph,20,8,-8,-4,-2,-2,-1,0
17,Veh_Amph,21,0,-7,-3,-2,-1,-1,0
17,Veh_Amph,22,0,-7,-3,-2,-1,-1,0
17,Veh_Amph,23,0,-7,-3,-2,-1,-1,0
17,Veh_Amph,24,0,-7,-3,-2,-1,-1,0
17,Veh_Amph,25,38,-7,-3,-2,-1,-1,0
17,Veh_Amph,26,19,-6,-3,-2,-1,-1,0
17,Veh_Amph,27,69,-6,-3,-2,-1,-1,0
17,Veh_Amph,28,35,-6,-3,-2,-1,-1,0
17,Veh_Amph,29,13,-6,-3,-2,-1,-1,0
17,Veh_Amph,30,2,-6,-3,-2,-1,-1,0
17,Veh_Amph,31,0,-5,-2,-1,-1,0,0
17,Veh_Amph,32,0,-5,-2,-1,-1,0,0
17,Veh_Amph,33,0,-5,-2,-1,-1,0,0
17,Veh_Amph,34,0,-5,-2,-1,-1,0,0
17,Veh_Amph,35,0,-5,-2,-1,-1,0,0
17,Veh_Amph,36,0,-4,-2,-1,-1,0,0
17,Veh_Amph,37,0,-4,-2,-1,-1,0,0
17,Veh_Amph,38,0,-4,-2,-1,-1,0,0
17,Veh_Amph,39,0,-4,-2,-1,-1,0,0
17,Veh_Amph,40,0,-4,-2,-1,-1,0,0
17,Veh_Amph,41,0,-3,-1,-1,0,0,0
17,Veh_Amph,42,0,-3,-1,-1,0,0,0
17,Veh_Amph,43,0,-3,-1,-1,0,0,0
17,Veh_Amph,44,0,-3,-1,-1,0,0,0
17,Veh_Amph,45,4,-3,-1,-1,0,0,0
17,Veh_Amph,46,2,-2,-1,0,0,0,0
17,Veh_Amph,47,0,-2,-1,0,0,0,0
17,Veh_Amph,48,4,-2,-1,0,0,0,0
17,Veh_Amph,49,29,-2,-1,0,0,0,0
17,Veh_Amph,50,0,-2,-1,0,0,0,0
17,Veh_Amph,51,0,-1,0,0,0,0,0
17,Veh_Amph,52,0,-1,0,0,0,0,0
17,Veh_Amph,53,3,-1,0,0,0,0,0
17,Veh_Amph,54,0,-1,0,0,0,0,0
17,Veh_Amph,55,0,-1,0,0,0,0,0
17,Veh_Amph,56,0,0,0,0,0,0,0
17,Veh_Amph,57,0,0,0,0,0,0,0
17,Veh_Amph,58,1,0,0,0,0,0,0
17,Veh_Amph,59,0,0,0,0,0,0,0
17,Veh_Amph,60,12,0,0,0,0,0,0
18,LY_Amph,1,182,-11,-5,-3,-2,-1,0
18,LY_Amph,2,148,-11,-5,-3,-2,-1,0
18,LY_Amph,3,161,-11,-5,-3,-2,-1,0
18,LY_Amph,4,24,-11,-5,-3,-2,-1,0
18,LY_Amph,5,63,-11,-5,-3,-2,-1,0
18,LY_Amph,6,91,-10,-5,-3,-2,-1,0
18,LY_Amph,7,26,-10,-5,-3,-2,-1,0
18,LY_Amph,8,82,-10,-5,-3,-2,-1,0
18,LY_Amph,9,47,-10,-5,-3,-2,-1,0
18,LY_Amph,10,29,-10,-5,-3,-2,-1,0
18,LY_Amph,11,67,-9,-4,-3,-2,-1,0
18,LY_Amph,12,44,-9,-4,-3,-2,-1,0
18,LY_Amph,13,48,-9,-4,-3,-2,-1,0
18,LY_Amph,14,0,-9,-4,-3,-2,-1,0
18,LY_Amph,15,1,-9,-4,-3,-2,-1,0
18,LY_Amph,16,0,-8,-4,-2,-2,-1,0
18,LY_Amph,17,0,-8,-4,-2,-2,-1,0
18,LY_Amph,18,13,-8,-4,-2,-2,-1,0
18,LY_Amph,19,0,-8,-4,-2,-2,-1,0
18,LY_Amph,20,1,-8,-4,-2,-2,-1,0
18,LY_Amph,21,0,-7,-3,-2,-1,-1,0
18,LY_Amph,22,0,-7,-3,-2,-1,-1,0
18,LY_Amph,23,0,-7,-3,-2,-1,-1,0
18,LY_Amph,24,3,-7,-3,-2,-1,-1,0
18,LY_Amph,25,0,-7,-3,-2,-1,-1,0
18,LY_Amph,26,2,-6,-3,-2,-1,-1,0
18,LY_Amph,27,11,-6,-3,-2,-1,-1,0
18,LY_Amph,28,19,-6,-3,-2,-1,-1,0
18,LY_Amph,29,20,-6,-3,-2,-1,-1,0
18,LY_Amph,30,5,-6,-3,-2,-1,-1,0
18,LY_Amph,31,0,-5,-2,-1,-1,0,0
18,LY_Amph,32,0,-5,-2,-1,-1,0,0
18,LY_Amph,33,0,-5,-2,-1,-1,0,0
18,LY_Amph,34,0,-5,-2,-1,-1,0,0
18,LY_Amph,35,0,-5,-2,-1,-1,0,0
18,LY_Amph,36,0,-4,-2,-1,-1,0,0
18,LY_Amph,37,0,-4,-2,-1,-1,0,0
18,LY_Amph,38,0,-4,-2,-1,-1,0,0
18,LY_Amph,39,0,-4,-2,-1,-1,0,0
18,LY_Amph,40,0,-4,-2,-1,-1,0,0
18,LY_Amph,41,0,-3,-1,-1,0,0,0
18,LY_Amph,42,0,-3,-1,-1,0,0,0
18,LY_Amph,43,0,-3,-1,-1,0,0,0
18,LY_Amph,44,1,-3,-1,-1,0,0,0
18,LY_Amph,45,3,-3,-1,-1,0,0,0
18,LY_Amph,46,0,-2,-1,0,0,0,0
18,LY_Amph,47,0,-2,-1,0,0,0,0
18,LY_Amph,48,0,-2,-1,0,0,0,0
18,LY_Amph,49,0,-2,-1,0,0,0,0
18,LY_Amph,50,0,-2,-1,0,0,0,0
18,LY_Amph,51,0,-1,0,0,0,0,0
18,LY_Amph,52,3,-1,0,0,0,0,0
18,LY_Amph,53,0,-1,0,0,0,0,0
18,LY_Amph,54,0,-1,0,0,0,0,0
18,LY_Amph,55,0,-1,0,0,0,0,0
18,LY_Amph,56,0,0,0,0,0,0,0
18,LY_Amph,57,0,0,0,0,0,0,0
18,LY_Amph,58,9,0,0,0,0,0,0
18,LY_Amph,59,0,0,0,0,0,0,0
18,LY_Amph,60,9,0,0,0,0,0,0
19,Veh_Veh,1,187,-11,-5,-3,-2,-1,0
19,Veh_Veh,2,110,-11,-5,-3,-2,-1,0
19,Veh_Veh,3,134,-11,-5,-3,-2,-1,0
19,Veh_Veh,4,54,-11,-5,-3,-2,-1,0
19,Veh_Veh,5,130,-11,-5,-3,-2,-1,0
19,Veh_Veh,6,25,-10,-5,-3,-2,-1,0
19,Veh_Veh,7,3,-10,-5,-3,-2,-1,0
19,Veh_Veh,8,38,-10,-5,-3,-2,-1,0
19,Veh_Veh,9,59,-10,-5,-3,-2,-1,0
19,Veh_Veh,10,43,-10,-5,-3,-2,-1,0
19,Veh_Veh,11,10,-9,-4,-3,-2,-1,0
19,Veh_Veh,12,33,-9,-4,-3,-2,-1,0
19,Veh_Veh,13,42,-9,-4,-3,-2,-1,0
19,Veh_Veh,14,62,-9,-4,-3,-2,-1,0
19,Veh_Veh,15,44,-9,-4,-3,-2,-1,0
19,Veh_Veh,16,0,-8,-4,-2,-2,-1,0
19,Veh_Veh,17,25,-8,-4,-2,-2,-1,0
19,Veh_Veh,18,26,-8,-4,-2,-2,-1,0
19,Veh_Veh,19,18,-8,-4,-2,-2,-1,0
19,Veh_Veh,20,15,-8,-4,-2,-2,-1,0
19,Veh_Veh,21,9,-7,-3,-2,-1,-1,0
19,Veh_Veh,22,4,-7,-3,-2,-1,-1,0
19,Veh_Veh,23,0,-7,-3,-2,-1,-1,0
19,Veh_Veh,24,4,-7,-3,-2,-1,-1,0
19,Veh_Veh,25,9,-7,-3,-2,-1,-1,0
19,Veh_Veh,26,2,-6,-3,-2,-1,-1,0
19,Veh_Veh,27,0,-6,-3,-2,-1,-1,0
19,Veh_Veh,28,0,-6,-3,-2,-1,-1,0
19,Veh_Veh,29,8,-6,-3,-2,-1,-1,0
19,Veh_Veh,30,3,-6,-3,-2,-1,-1,0
19,Veh_Veh,31,0,-5,-2,-1,-1,0,0
19,Veh_Veh,32,0,-5,-2,-1,-1,0,0
19,Veh_Veh,33,0,-5,-2,-1,-1,0,0
19,Veh_Veh,34,0,-5,-2,-1,-1,0,0
19,Veh_Veh,35,0,-5,-2,-1,-1,0,0
19,Veh_Veh,36,0,-4,-2,-1,-1,0,0
19,Veh_Veh,37,0,-4,-2,-1,-1,0,0
19,Veh_Veh,38,0,-4,-2,-1,-1,0,0
19,Veh_Veh,39,0,-4,-2,-1,-1,0,0
19,Veh_Veh,40,0,-4,-2,-1,-1,0,0
19,Veh_Veh,41,0,-3,-1,-1,0,0,0
19,Veh_Veh,42,0,-3,-1,-1,0,0,0
19,Veh_Veh,43,0,-3,-1,-1,0,0,0
19,Veh_Veh,44,0,-3,-1,-1,0,0,0
19,Veh_Veh,45,0,-3,-1,-1,0,0,0
19,Veh_Veh,46,4,-2,-1,0,0,0,0
19,Veh_Veh,47,13,-2,-1,0,0,0,0
19,Veh_Veh,48,0,-2,-1,0,0,0,0
19,Veh_Veh,49,0,-2,-1,0,0,0,0
19,Veh_Veh,50,0,-2,-1,0,0,0,0
19,Veh_Veh,51,0,-1,0,0,0,0,0
19,Veh_Veh,52,0,-1,0,0,0,0,0
19,Veh_Veh,53,0,-1,0,0,0,0,0
19,Veh_Veh,54,0,-1,0,0,0,0,0
19,Veh_Veh,55,0,-1,0,0,0,0,0
19,Veh_Veh,56,0,0,0,0,0,0,0
19,Veh_Veh,57,0,0,0,0,0,0,0
19,Veh_Veh,58,0,0,0,0,0,0,0
19,Veh_Veh,59,0,0,0,0,0,0,0
19,Veh_Veh,60,0,0,0,0,0,0,0
20,Veh_LY,1,193,-11,-5,-3,-2,-1,0
20,Veh_LY,2,107,-11,-5,-3,-2,-1,0
20,Veh_LY,3,128,-11,-5,-3,-2,-1,0
20,Veh_LY,4,72,-11,-5,-3,-2,-1,0
20,Veh_LY,5,116,-11,-5,-3,-2,-1,0
20,Veh_LY,6,52,-10,-5,-3,-2,-1,0
20,Veh_LY,7,31,-10,-5,-3,-2,-1,0
20,Veh_LY,8,7,-10,-5,-3,-2,-1,0
20,Veh_LY,9,12,-10,-5,-3,-2,-1,0
20,Veh_LY,10,8,-10,-5,-3,-2,-1,0
20,Veh_LY,11,10,-9,-4,-3,-2,-1,0
20,Veh_LY,12,2,-9,-4,-3,-2,-1,0
20,Veh_LY,13,17,-9,-4,-3,-2,-1,0
20,Veh_LY,14,8,-9,-4,-3,-2,-1,0
20,Veh_LY,15,62,-9,-4,-3,-2,-1,0
20,Veh_LY,16,71,-8,-4,-2,-2,-1,0
20,Veh_LY,17,0,-8,-4,-2,-2,-1,0
20,Veh_LY,18,7,-8,-4,-2,-2,-1,0
20,Veh_LY,19,3,-8,-4,-2,-2,-1,0
20,Veh_LY,20,0,-8,-4,-2,-2,-1,0
20,Veh_LY,21,2,-7,-3,-2,-1,-1,0
20,Veh_LY,22,23,-7,-3,-2,-1,-1,0
20,Veh_LY,23,7,-7,-3,-2,-1,-1,0
20,Veh_LY,24,2,-7,-3,-2,-1,-1,0
20,Veh_LY,25,1,-7,-3,-2,-1,-1,0
20,Veh_LY,26,13,-6,-3,-2,-1,-1,0
20,Veh_LY,27,8,-6,-3,-2,-1,-1,0
20,Veh_LY,28,2,-6,-3,-2,-1,-1,0
20,Veh_LY,29,9,-6,-3,-2,-1,-1,0
20,Veh_LY,30,36,-6,-3,-2,-1,-1,0
20,Veh_LY,31,3,-5,-2,-1,-1,0,0
20,Veh_LY,32,3,-5,-2,-1,-1,0,0
20,Veh_LY,33,0,-5,-2,-1,-1,0,0
20,Veh_LY,34,2,-5,-2,-1,-1,0,0
20,Veh_LY,35,0,-5,-2,-1,-1,0,0
20,Veh_LY,36,0,-4,-2,-1,-1,0,0
20,Veh_LY,37,0,-4,-2,-1,-1,0,0
20,Veh_LY,38,0,-4,-2,-1,-1,0,0
20,Veh_LY,39,0,-4,-2,-1,-1,0,0
20,Veh_LY,40,0,-4,-2,-1,-1,0,0
20,Veh_LY,41,0,-3,-1,-1,0,0,0
20,Veh_LY,42,0,-3,-1,-1,0,0,0
20,Veh_LY,43,0,-3,-1,-1,0,0,0
20,Veh_LY,44,0,-3,-1,-1,0,0,0
20,Veh_LY,45,0,-3,-1,-1,0,0,0
20,Veh_LY,46,0,-2,-1,0,0,0,0
20,Veh_LY,47,0,-2,-1,0,0,0,0
20,Veh_LY,48,0,-2,-1,0,0,0,0
20,Veh_LY,49,0,-2,-1,0,0,0,0
20,Veh_LY,50,0,-2,-1,0,0,0,0
20,Veh_LY,51,0,-1,0,0,0,0,0
20,Veh_LY,52,0,-1,0,0,0,0,0
20,Veh_LY,53,0,-1,0,0,0,0,0
20,Veh_LY,54,0,-1,0,0,0,0,0
20,Veh_LY,55,0,-1,0,0,0,0,0
20,Veh_LY,56,3,0,0,0,0,0,0
20,Veh_LY,57,0,0,0,0,0,0,0
20,Veh_LY,58,0,0,0,0,0,0,0
20,Veh_LY,59,0,0,0,0,0,0,0
20,Veh_LY,60,2,0,0,0,0,0,0
21,Veh_Amph,1,206,-11,-5,-3,-2,-1,0
21,Veh_Amph,2,105,-11,-5,-3,-2,-1,0
21,Veh_Amph,3,97,-11,-5,-3,-2,-1,0
21,Veh_Amph,4,158,-11,-5,-3,-2,-1,0
21,Veh_Amph,5,98,-11,-5,-3,-2,-1,0
21,Veh_Amph,6,70,-10,-5,-3,-2,-1,0
21,Veh_Amph,7,65,-10,-5,-3,-2,-1,0
21,Veh_Amph,8,62,-10,-5,-3,-2,-1,0
21,Veh_Amph,9,42,-10,-5,-3,-2,-1,0
21,Veh_Amph,10,69,-10,-5,-3,-2,-1,0
21,Veh_Amph,11,103,-9,-4,-3,-2,-1,0
21,Veh_Amph,12,85,-9,-4,-3,-2,-1,0
21,Veh_Amph,13,56,-9,-4,-3,-2,-1,0
21,Veh_Amph,14,39,-9,-4,-3,-2,-1,0
21,Veh_Amph,15,81,-9,-4,-3,-2,-1,0
21,Veh_Amph,16,15,-8,-4,-2,-2,-1,0
21,Veh_Amph,17,2,-8,-4,-2,-2,-1,0
21,Veh_Amph,18,10,-8,-4,-2,-2,-1,0
21,Veh_Amph,19,0,-8,-4,-2,-2,-1,0
21,Veh_Amph,20,18,-8,-4,-2,-2,-1,0
21,Veh_Amph,21,22,-7,-3,-2,-1,-1,0
21,Veh_Amph,22,0,-7,-3,-2,-1,-1,0
21,Veh_Amph,23,0,-7,-3,-2,-1,-1,0
21,Veh_Amph,24,1,-7,-3,-2,-1,-1,0
21,Veh_Amph,25,32,-7,-3,-2,-1,-1,0
21,Veh_Amph,26,47,-6,-3,-2,-1,-1,0
21,Veh_Amph,27,22,-6,-3,-2,-1,-1,0
21,Veh_Amph,28,0,-6,-3,-2,-1,-1,0
21,Veh_Amph,29,0,-6,-3,-2,-1,-1,0
21,Veh_Amph,30,2,-6,-3,-2,-1,-1,0
21,Veh_Amph,31,0,-5,-2,-1,-1,0,0
21,Veh_Amph,32,0,-5,-2,-1,-1,0,0
21,Veh_Amph,33,0,-5,-2,-1,-1,0,0
21,Veh_Amph,34,0,-5,-2,-1,-1,0,0
21,Veh_Amph,35,0,-5,-2,-1,-1,0,0
21,Veh_Amph,36,23,-4,-2,-1,-1,0,0
21,Veh_Amph,37,4,-4,-2,-1,-1,0,0
21,Veh_Amph,38,0,-4,-2,-1,-1,0,0
21,Veh_Amph,39,0,-4,-2,-1,-1,0,0
21,Veh_Amph,40,10,-4,-2,-1,-1,0,0
21,Veh_Amph,41,0,-3,-1,-1,0,0,0
21,Veh_Amph,42,0,-3,-1,-1,0,0,0
21,Veh_Amph,43,1,-3,-1,-1,0,0,0
21,Veh_Amph,44,0,-3,-1,-1,0,0,0
21,Veh_Amph,45,0,-3,-1,-1,0,0,0
21,Veh_Amph,46,0,-2,-1,0,0,0,0
21,Veh_Amph,47,0,-2,-1,0,0,0,0
21,Veh_Amph,48,0,-2,-1,0,0,0,0
21,Veh_Amph,49,0,-2,-1,0,0,0,0
21,Veh_Amph,50,0,-2,-1,0,0,0,0
21,Veh_Amph,51,0,-1,0,0,0,0,0
21,Veh_Amph,52,0,-1,0,0,0,0,0
21,Veh_Amph,53,0,-1,0,0,0,0,0
21,Veh_Amph,54,0,-1,0,0,0,0,0
21,Veh_Amph,55,0,-1,0,0,0,0,0
21,Veh_Amph,56,0,0,0,0,0,0,0
21,Veh_Amph,57,0,0,0,0,0,0,0
21,Veh_Amph,58,0,0,0,0,0,0,0
21,Veh_Amph,59,5,0,0,0,0,0,0
21,Veh_Amph,60,0,0,0,0,0,0,0
22,Veh_LY,1,199,-11,-5,-3,-2,-1,0
22,Veh_LY,2,103,-11,-5,-3,-2,-1,0
22,Veh_LY,3,100,-11,-5,-3,-2,-1,0
22,Veh_LY,4,148,-11,-5,-3,-2,-1,0
22,Veh_LY,5,125,-11,-5,-3,-2,-1,0
22,Veh_LY,6,120,-10,-5,-3,-2,-1,0
22,Veh_LY,7,84,-10,-5,-3,-2,-1,0
22,Veh_LY,8,65,-10,-5,-3,-2,-1,0
22,Veh_LY,9,62,-10,-5,-3,-2,-1,0
22,Veh_LY,10,27,-10,-5,-3,-2,-1,0
22,Veh_LY,11,36,-9,-4,-3,-2,-1,0
22,Veh_LY,12,70,-9,-4,-3,-2,-1,0
22,Veh_LY,13,116,-9,-4,-3,-2,-1,0
22,Veh_LY,14,19,-9,-4,-3,-2,-1,0
22,Veh_LY,15,20,-9,-4,-3,-2,-1,0
22,Veh_LY,16,13,-8,-4,-2,-2,-1,0
22,Veh_LY,17,36,-8,-4,-2,-2,-1,0
22,Veh_LY,18,9,-8,-4,-2,-2,-1,0
22,Veh_LY,19,28,-8,-4,-2,-2,-1,0
22,Veh_LY,20,1,-8,-4,-2,-2,-1,0
22,Veh_LY,21,16,-7,-3,-2,-1,-1,0
22,Veh_LY,22,0,-7,-3,-2,-1,-1,0
22,Veh_LY,23,12,-7,-3,-2,-1,-1,0
22,Veh_LY,24,13,-7,-3,-2,-1,-1,0
22,Veh_LY,25,11,-7,-3,-2,-1,-1,0
22,Veh_LY,26,0,-6,-3,-2,-1,-1,0
22,Veh_LY,27,0,-6,-3,-2,-1,-1,0
22,Veh_LY,28,0,-6,-3,-2,-1,-1,0
22,Veh_LY,29,3,-6,-3,-2,-1,-1,0
22,Veh_LY,30,5,-6,-3,-2,-1,-1,0
22,Veh_LY,31,11,-5,-2,-1,-1,0,0
22,Veh_LY,32,11,-5,-2,-1,-1,0,0
22,Veh_LY,33,1,-5,-2,-1,-1,0,0
22,Veh_LY,34,9,-5,-2,-1,-1,0,0
22,Veh_LY,35,2,-5,-2,-1,-1,0,0
22,Veh_LY,36,60,-4,-2,-1,-1,0,0
22,Veh_LY,37,65,-4,-2,-1,-1,0,0
22,Veh_LY,38,11,-4,-2,-1,-1,0,0
22,Veh_LY,39,5,-4,-2,-1,-1,0,0
22,Veh_LY,40,0,-4,-2,-1,-1,0,0
22,Veh_LY,41,1,-3,-1,-1,0,0,0
22,Veh_LY,42,0,-3,-1,-1,0,0,0
22,Veh_LY,43,2,-3,-1,-1,0,0,0
22,Veh_LY,44,0,-3,-1,-1,0,0,0
22,Veh_LY,45,0,-3,-1,-1,0,0,0
22,Veh_LY,46,0,-2,-1,0,0,0,0
22,Veh_LY,47,2,-2,-1,0,0,0,0
22,Veh_LY,48,0,-2,-1,0,0,0,0
22,Veh_LY,49,2,-2,-1,0,0,0,0
22,Veh_LY,50,0,-2,-1,0,0,0,0
22,Veh_LY,51,1,-1,0,0,0,0,0
22,Veh_LY,52,0,-1,0,0,0,0,0
22,Veh_LY,53,9,-1,0,0,0,0,0
22,Veh_LY,54,0,-1,0,0,0,0,0
22,Veh_LY,55,0,-1,0,0,0,0,0
22,Veh_LY,56,0,0,0,0,0,0,0
22,Veh_LY,57,0,0,0,0,0,0,0
22,Veh_LY,58,0,0,0,0,0,0,0
22,Veh_LY,59,0,0,0,0,0,0,0
22,Veh_LY,60,0,0,0,0,0,0,0
23,LY_Amph,1,171,-11,-5,-3,-2,-1,0
23,LY_Amph,2,146,-11,-5,-3,-2,-1,0
23,LY_Amph,3,81,-11,-5,-3,-2,-1,0
23,LY_Amph,4,67,-11,-5,-3,-2,-1,0
23,LY_Amph,5,82,-11,-5,-3,-2,-1,0
23,LY_Amph,6,85,-10,-5,-3,-2,-1,0
23,LY_Amph,7,72,-10,-5,-3,-2,-1,0
23,LY_Amph,8,68,-10,-5,-3,-2,-1,0
23,LY_Amph,9,51,-10,-5,-3,-2,-1,0
23,LY_Amph,10,48,-10,-5,-3,-2,-1,0
23,LY_Amph,11,66,-9,-4,-3,-2,-1,0
23,LY_Amph,12,19,-9,-4,-3,-2,-1,0
23,LY_Amph,13,15,-9,-4,-3,-2,-1,0
23,LY_Amph,14,12,-9,-4,-3,-2,-1,0
23,LY_Amph,15,26,-9,-4,-3,-2,-1,0
23,LY_Amph,16,30,-8,-4,-2,-2,-1,0
23,LY_Amph,17,43,-8,-4,-2,-2,-1,0
23,LY_Amph,18,63,-8,-4,-2,-2,-1,0
23,LY_Amph,19,20,-8,-4,-2,-2,-1,0
23,LY_Amph,20,6,-8,-4,-2,-2,-1,0
23,LY_Amph,21,2,-7,-3,-2,-1,-1,0
23,LY_Amph,22,18,-7,-3,-2,-1,-1,0
23,LY_Amph,23,5,-7,-3,-2,-1,-1,0
23,LY_Amph,24,20,-7,-3,-2,-1,-1,0
23,LY_Amph,25,9,-7,-3,-2,-1,-1,0
23,LY_Amph,26,2,-6,-3,-2,-1,-1,0
23,LY_Amph,27,0,-6,-3,-2,-1,-1,0
23,LY_Amph,28,0,-6,-3,-2,-1,-1,0
23,LY_Amph,29,0,-6,-3,-2,-1,-1,0
23,LY_Amph,30,0,-6,-3,-2,-1,-1,0
23,LY_Amph,31,0,-5,-2,-1,-1,0,0
23,LY_Amph,32,0,-5,-2,-1,-1,0,0
23,LY_Amph,33,0,-5,-2,-1,-1,0,0
23,LY_Amph,34,5,-5,-2,-1,-1,0,0
23,LY_Amph,35,0,-5,-2,-1,-1,0,0
23,LY_Amph,36,1,-4,-2,-1,-1,0,0
23,LY_Amph,37,0,-4,-2,-1,-1,0,0
23,LY_Amph,38,0,-4,-2,-1,-1,0,0
23,LY_Amph,39,0,-4,-2,-1,-1,0,0
23,LY_Amph,40,0,-4,-2,-1,-1,0,0
23,LY_Amph,41,0,-3,-1,-1,0,0,0
23,LY_Amph,42,0,-3,-1,-1,0,0,0
23,LY_Amph,43,0,-3,-1,-1,0,0,0
23,LY_Amph,44,1,-3,-1,-1,0,0,0
23,LY_Amph,45,0,-3,-1,-1,0,0,0
23,LY_Amph,46,2,-2,-1,0,0,0,0
23,LY_Amph,47,3,-2,-1,0,0,0,0
23,LY_Amph,48,14,-2,-1,0,0,0,0
23,LY_Amph,49,0,-2,-1,0,0,0,0
23,LY_Amph,50,0,-2,-1,0,0,0,0
23,LY_Amph,51,1,-1,0,0,0,0,0
23,LY_Amph,52,0,-1,0,0,0,0,0
23,LY_Amph,53,0,-1,0,0,0,0,0
23,LY_Amph,54,0,-1,0,0,0,0,0
23,LY_Amph,55,1,-1,0,0,0,0,0
23,LY_Amph,56,1,0,0,0,0,0,0
23,LY_Amph,57,0,0,0,0,0,0,0
23,LY_Amph,58,1,0,0,0,0,0,0
23,LY_Amph,59,0,0,0,0,0,0,0
23,LY_Amph,60,11,0,0,0,0,0,0
24,Veh_Veh,1,192,-11,-5,-3,-2,-1,0
24,Veh_Veh,2,141,-11,-5,-3,-2,-1,0
24,Veh_Veh,3,132,-11,-5,-3,-2,-1,0
24,Veh_Veh,4,115,-11,-5,-3,-2,-1,0
24,Veh_Veh,5,106,-11,-5,-3,-2,-1,0
24,Veh_Veh,6,133,-10,-5,-3,-2,-1,0
24,Veh_Veh,7,76,-10,-5,-3,-2,-1,0
24,Veh_Veh,8,87,-10,-5,-3,-2,-1,0
24,Veh_Veh,9,121,-10,-5,-3,-2,-1,0
24,Veh_Veh,10,89,-10,-5,-3,-2,-1,0
24,Veh_Veh,11,33,-9,-4,-3,-2,-1,0
24,Veh_Veh,12,38,-9,-4,-3,-2,-1,0
24,Veh_Veh,13,21,-9,-4,-3,-2,-1,0
24,Veh_Veh,14,6,-9,-4,-3,-2,-1,0
24,Veh_Veh,15,0,-9,-4,-3,-2,-1,0
24,Veh_Veh,16,2,-8,-4,-2,-2,-1,0
24,Veh_Veh,17,4,-8,-4,-2,-2,-1,0
24,Veh_Veh,18,4,-8,-4,-2,-2,-1,0
24,Veh_Veh,19,3,-8,-4,-2,-2,-1,0
24,Veh_Veh,20,3,-8,-4,-2,-2,-1,0
24,Veh_Veh,21,15,-7,-3,-2,-1,-1,0
24,Veh_Veh,22,10,-7,-3,-2,-1,-1,0
24,Veh_Veh,23,51,-7,-3,-2,-1,-1,0
24,Veh_Veh,24,60,-7,-3,-2,-1,-1,0
24,Veh_Veh,25,59,-7,-3,-2,-1,-1,0
24,Veh_Veh,26,0,-6,-3,-2,-1,-1,0
24,Veh_Veh,27,1,-6,-3,-2,-1,-1,0
24,Veh_Veh,28,4,-6,-3,-2,-1,-1,0
24,Veh_Veh,29,0,-6,-3,-2,-1,-1,0
24,Veh_Veh,30,0,-6,-3,-2,-1,-1,0
24,Veh_Veh,31,0,-5,-2,-1,-1,0,0
24,Veh_Veh,32,0,-5,-2,-1,-1,0,0
24,Veh_Veh,33,0,-5,-2,-1,-1,0,0
24,Veh_Veh,34,0,-5,-2,-1,-1,0,0
24,Veh_Veh,35,0,-5,-2,-1,-1,0,0
24,Veh_Veh,36,0,-4,-2,-1,-1,0,0
24,Veh_Veh,37,0,-4,-2,-1,-1,0,0
24,Veh_Veh,38,1,-4,-2,-1,-1,0,0
24,Veh_Veh,39,2,-4,-2,-1,-1,0,0
24,Veh_Veh,40,0,-4,-2,-1,-1,0,0
24,Veh_Veh,41,1,-3,-1,-1,0,0,0
24,Veh_Veh,42,4,-3,-1,-1,0,0,0
24,Veh_Veh,43,0,-3,-1,-1,0,0,0
24,Veh_Veh,44,0,-3,-1,-1,0,0,0
24,Veh_Veh,45,0,-3,-1,-1,0,0,0
24,Veh_Veh,46,0,-2,-1,0,0,0,0
24,Veh_Veh,47,0,-2,-1,0,0,0,0
24,Veh_Veh,48,0,-2,-1,0,0,0,0
24,Veh_Veh,49,0,-2,-1,0,0,0,0
24,Veh_Veh,50,0,-2,-1,0,0,0,0
24,Veh_Veh,51,3,-1,0,0,0,0,0
24,Veh_Veh,52,0,-1,0,0,0,0,0
24,Veh_Veh,53,0,-1,0,0,0,0,0
24,Veh_Veh,54,2,-1,0,0,0,0,0
24,Veh_Veh,55,20,-1,0,0,0,0,0
24,Veh_Veh,56,0,0,0,0,0,0,0
24,Veh_Veh,57,3,0,0,0,0,0,0
24,Veh_Veh,58,1,0,0,0,0,0,0
24,Veh_Veh,59,0,0,0,0,0,0,0
24,Veh_Veh,60,6,0,0,0,0,0,0
25,LY_Amph,1,228,-11,-5,-3,-2,-1,0
25,LY_Amph,2,69,-11,-5,-3,-2,-1,0
25,LY_Amph,3,42,-11,-5,-3,-2,-1,0
25,LY_Amph,4,126,-11,-5,-3,-2,-1,0
25,LY_Amph,5,59,-11,-5,-3,-2,-1,0
25,LY_Amph,6,28,-10,-5,-3,-2,-1,0
25,LY_Amph,7,26,-10,-5,-3,-2,-1,0
25,LY_Amph,8,24,-10,-5,-3,-2,-1,0
25,LY_Amph,9,12,-10,-5,-3,-2,-1,0
25,LY_Amph,10,9,-10,-5,-3,-2,-1,0
25,LY_Amph,11,4,-9,-4,-3,-2,-1,0
25,LY_Amph,12,3,-9,-4,-3,-2,-1,0
25,LY_Amph,13,8,-9,-4,-3,-2,-1,0
25,LY_Amph,14,10,-9,-4,-3,-2,-1,0
25,LY_Amph,15,2,-9,-4,-3,-2,-1,0
25,LY_Amph,16,0,-8,-4,-2,-2,-1,0
25,LY_Amph,17,0,-8,-4,-2,-2,-1,0
25,LY_Amph,18,0,-8,-4,-2,-2,-1,0
25,LY_Amph,19,0,-8,-4,-2,-2,-1,0
25,LY_Amph,20,0,-8,-4,-2,-2,-1,0
25,LY_Amph,21,9,-7,-3,-2,-1,-1,0
25,LY_Amph,22,0,-7,-3,-2,-1,-1,0
25,LY_Amph,23,0,-7,-3,-2,-1,-1,0
25,LY_Amph,24,0,-7,-3,-2,-1,-1,0
25,LY_Amph,25,3,-7,-3,-2,-1,-1,0
25,LY_Amph,26,0,-6,-3,-2,-1,-1,0
25,LY_Amph,27,0,-6,-3,-2,-1,-1,0
25,LY_Amph,28,0,-6,-3,-2,-1,-1,0
25,LY_Amph,29,0,-6,-3,-2,-1,-1,0
25,LY_Amph,30,0,-6,-3,-2,-1,-1,0
25,LY_Amph,31,0,-5,-2,-1,-1,0,0
25,LY_Amph,32,0,-5,-2,-1,-1,0,0
25,LY_Amph,33,0,-5,-2,-1,-1,0,0
25,LY_Amph,34,0,-5,-2,-1,-1,0,0
25,LY_Amph,35,0,-5,-2,-1,-1,0,0
25,LY_Amph,36,0,-4,-2,-1,-1,0,0
25,LY_Amph,37,1,-4,-2,-1,-1,0,0
25,LY_Amph,38,7,-4,-2,-1,-1,0,0
25,LY_Amph,39,0,-4,-2,-1,-1,0,0
25,LY_Amph,40,0,-4,-2,-1,-1,0,0
25,LY_Amph,41,0,-3,-1,-1,0,0,0
25,LY_Amph,42,0,-3,-1,-1,0,0,0
25,LY_Amph,43,0,-3,-1,-1,0,0,0
25,LY_Amph,44,1,-3,-1,-1,0,0,0
25,LY_Amph,45,0,-3,-1,-1,0,0,0
25,LY_Amph,46,0,-2,-1,0,0,0,0
25,LY_Amph,47,0,-2,-1,0,0,0,0
25,LY_Amph,48,3,-2,-1,0,0,0,0
25,LY_Amph,49,0,-2,-1,0,0,0,0
25,LY_Amph,50,1,-2,-1,0,0,0,0
25,LY_Amph,51,1,-1,0,0,0,0,0
25,LY_Amph,52,3,-1,0,0,0,0,0
25,LY_Amph,53,0,-1,0,0,0,0,0
25,LY_Amph,54,1,-1,0,0,0,0,0
25,LY_Amph,55,1,-1,0,0,0,0,0
25,LY_Amph,56,0,0,0,0,0,0,0
25,LY_Amph,57,0,0,0,0,0,0,0
25,LY_Amph,58,12,0,0,0,0,0,0
25,LY_Amph,59,62,0,0,0,0,0,0
25,LY_Amph,60,1,0,0,0,0,0,0
26,Veh_LY,1,167,-11,-5,-3,-2,-1,0
26,Veh_LY,2,133,-11,-5,-3,-2,-1,0
26,Veh_LY,3,19,-11,-5,-3,-2,-1,0
26,Veh_LY,4,60,-11,-5,-3,-2,-1,0
26,Veh_LY,5,155,-11,-5,-3,-2,-1,0
26,Veh_LY,6,49,-10,-5,-3,-2,-1,0
26,Veh_LY,7,122,-10,-5,-3,-2,-1,0
26,Veh_LY,8,78,-10,-5,-3,-2,-1,0
26,Veh_LY,9,108,-10,-5,-3,-2,-1,0
26,Veh_LY,10,93,-10,-5,-3,-2,-1,0
26,Veh_LY,11,17,-9,-4,-3,-2,-1,0
26,Veh_LY,12,23,-9,-4,-3,-2,-1,0
26,Veh_LY,13,48,-9,-4,-3,-2,-1,0
26,Veh_LY,14,80,-9,-4,-3,-2,-1,0
26,Veh_LY,15,45,-9,-4,-3,-2,-1,0
26,Veh_LY,16,38,-8,-4,-2,-2,-1,0
26,Veh_LY,17,40,-8,-4,-2,-2,-1,0
26,Veh_LY,18,13,-8,-4,-2,-2,-1,0
26,Veh_LY,19,0,-8,-4,-2,-2,-1,0
26,Veh_LY,20,32,-8,-4,-2,-2,-1,0
26,Veh_LY,21,9,-7,-3,-2,-1,-1,0
26,Veh_LY,22,5,-7,-3,-2,-1,-1,0
26,Veh_LY,23,1,-7,-3,-2,-1,-1,0
26,Veh_LY,24,0,-7,-3,-2,-1,-1,0
26,Veh_LY,25,0,-7,-3,-2,-1,-1,0
26,Veh_LY,26,33,-6,-3,-2,-1,-1,0
26,Veh_LY,27,77,-6,-3,-2,-1,-1,0
26,Veh_LY,28,64,-6,-3,-2,-1,-1,0
26,Veh_LY,29,35,-6,-3,-2,-1,-1,0
26,Veh_LY,30,14,-6,-3,-2,-1,-1,0
26,Veh_LY,31,6,-5,-2,-1,-1,0,0
26,Veh_LY,32,3,-5,-2,-1,-1,0,0
26,Veh_LY,33,0,-5,-2,-1,-1,0,0
26,Veh_LY,34,0,-5,-2,-1,-1,0,0
26,Veh_LY,35,0,-5,-2,-1,-1,0,0
26,Veh_LY,36,0,-4,-2,-1,-1,0,0
26,Veh_LY,37,0,-4,-2,-1,-1,0,0
26,Veh_LY,38,0,-4,-2,-1,-1,0,0
26,Veh_LY,39,0,-4,-2,-1,-1,0,0
26,Veh_LY,40,1,-4,-2,-1,-1,0,0
26,Veh_LY,41,14,-3,-1,-1,0,0,0
26,Veh_LY,42,0,-3,-1,-1,0,0,0
26,Veh_LY,43,36,-3,-1,-1,0,0,0
26,Veh_LY,44,1,-3,-1,-1,0,0,0
26,Veh_LY,45,3,-3,-1,-1,0,0,0
26,Veh_LY,46,5,-2,-1,0,0,0,0
26,Veh_LY,47,3,-2,-1,0,0,0,0
26,Veh_LY,48,9,-2,-1,0,0,0,0
26,Veh_LY,49,0,-2,-1,0,0,0,0
26,Veh_LY,50,0,-2,-1,0,0,0,0
26,Veh_LY,51,0,-1,0,0,0,0,0
26,Veh_LY,52,0,-1,0,0,0,0,0
26,Veh_LY,53,0,-1,0,0,0,0,0
26,Veh_LY,54,0,-1,0,0,0,0,0
26,Veh_LY,55,0,-1,0,0,0,0,0
26,Veh_LY,56,0,0,0,0,0,0,0
26,Veh_LY,57,0,0,0,0,0,0,0
26,Veh_LY,58,0,0,0,0,0,0,0
26,Veh_LY,59,0,0,0,0,0,0,0
26,Veh_LY,60,0,0,0,0,0,0,0
27,Veh_Amph,1,168,-11,-5,-3,-2,-1,0
27,Veh_Amph,2,93,-11,-5,-3,-2,-1,0
27,Veh_Amph,3,53,-11,-5,-3,-2,-1,0
27,Veh_Amph,4,16,-11,-5,-3,-2,-1,0
27,Veh_Amph,5,42,-11,-5,-3,-2,-1,0
27,Veh_Amph,6,112,-10,-5,-3,-2,-1,0
27,Veh_Amph,7,78,-10,-5,-3,-2,-1,0
27,Veh_Amph,8,11,-10,-5,-3,-2,-1,0
27,Veh_Amph,9,0,-10,-5,-3,-2,-1,0
27,Veh_Amph,10,3,-10,-5,-3,-2,-1,0
27,Veh_Amph,11,16,-9,-4,-3,-2,-1,0
27,Veh_Amph,12,8,-9,-4,-3,-2,-1,0
27,Veh_Amph,13,12,-9,-4,-3,-2,-1,0
27,Veh_Amph,14,47,-9,-4,-3,-2,-1,0
27,Veh_Amph,15,43,-9,-4,-3,-2,-1,0
27,Veh_Amph,16,90,-8,-4,-2,-2,-1,0
27,Veh_Amph,17,69,-8,-4,-2,-2,-1,0
27,Veh_Amph,18,60,-8,-4,-2,-2,-1,0
27,Veh_Amph,19,7,-8,-4,-2,-2,-1,0
27,Veh_Amph,20,0,-8,-4,-2,-2,-1,0
27,Veh_Amph,21,2,-7,-3,-2,-1,-1,0
27,Veh_Amph,22,0,-7,-3,-2,-1,-1,0
27,Veh_Amph,23,0,-7,-3,-2,-1,-1,0
27,Veh_Amph,24,4,-7,-3,-2,-1,-1,0
27,Veh_Amph,25,13,-7,-3,-2,-1,-1,0
27,Veh_Amph,26,0,-6,-3,-2,-1,-1,0
27,Veh_Amph,27,0,-6,-3,-2,-1,-1,0
27,Veh_Amph,28,0,-6,-3,-2,-1,-1,0
27,Veh_Amph,29,0,-6,-3,-2,-1,-1,0
27,Veh_Amph,30,0,-6,-3,-2,-1,-1,0
27,Veh_Amph,31,0,-5,-2,-1,-1,0,0
27,Veh_Amph,32,0,-5,-2,-1,-1,0,0
27,Veh_Amph,33,0,-5,-2,-1,-1,0,0
27,Veh_Amph,34,0,-5,-2,-1,-1,0,0
27,Veh_Amph,35,0,-5,-2,-1,-1,0,0
27,Veh_Amph,36,0,-4,-2,-1,-1,0,0
27,Veh_Amph,37,1,-4,-2,-1,-1,0,0
27,Veh_Amph,38,0,-4,-2,-1,-1,0,0
27,Veh_Amph,39,0,-4,-2,-1,-1,0,0
27,Veh_Amph,40,0,-4,-2,-1,-1,0,0
27,Veh_Amph,41,0,-3,-1,-1,0,0,0
27,Veh_Amph,42,1,-3,-1,-1,0,0,0
27,Veh_Amph,43,0,-3,-1,-1,0,0,0
27,Veh_Amph,44,0,-3,-1,-1,0,0,0
27,Veh_Amph,45,0,-3,-1,-1,0,0,0
27,Veh_Amph,46,0,-2,-1,0,0,0,0
27,Veh_Amph,47,25,-2,-1,0,0,0,0
27,Veh_Amph,48,0,-2,-1,0,0,0,0
27,Veh_Amph,49,3,-2,-1,0,0,0,0
27,Veh_Amph,50,3,-2,-1,0,0,0,0
27,Veh_Amph,51,0,-1,0,0,0,0,0
27,Veh_Amph,52,0,-1,0,0,0,0,0
27,Veh_Amph,53,0,-1,0,0,0,0,0
27,Veh_Amph,54,0,-1,0,0,0,0,0
27,Veh_Amph,55,0,-1,0,0,0,0,0
27,Veh_Amph,56,0,0,0,0,0,0,0
27,Veh_Amph,57,0,0,0,0,0,0,0
27,Veh_Amph,58,0,0,0,0,0,0,0
27,Veh_Amph,59,0,0,0,0,0,0,0
27,Veh_Amph,60,0,0,0,0,0,0,0
28,Veh_Veh,1,120,-11,-5,-3,-2,-1,0
28,Veh_Veh,2,13,-11,-5,-3,-2,-1,0
28,Veh_Veh,3,7,-11,-5,-3,-2,-1,0
28,Veh_Veh,4,3,-11,-5,-3,-2,-1,0
28,Veh_Veh,5,1,-11,-5,-3,-2,-1,0
28,Veh_Veh,6,0,-10,-5,-3,-2,-1,0
28,Veh_Veh,7,0,-10,-5,-3,-2,-1,0
28,Veh_Veh,8,0,-10,-5,-3,-2,-1,0
28,Veh_Veh,9,28,-10,-5,-3,-2,-1,0
28,Veh_Veh,10,114,-10,-5,-3,-2,-1,0
28,Veh_Veh,11,85,-9,-4,-3,-2,-1,0
28,Veh_Veh,12,79,-9,-4,-3,-2,-1,0
28,Veh_Veh,13,3,-9,-4,-3,-2,-1,0
28,Veh_Veh,14,1,-9,-4,-3,-2,-1,0
28,Veh_Veh,15,16,-9,-4,-3,-2,-1,0
28,Veh_Veh,16,82,-8,-4,-2,-2,-1,0
28,Veh_Veh,17,71,-8,-4,-2,-2,-1,0
28,Veh_Veh,18,5,-8,-4,-2,-2,-1,0
28,Veh_Veh,19,0,-8,-4,-2,-2,-1,0
28,Veh_Veh,20,15,-8,-4,-2,-2,-1,0
28,Veh_Veh,21,3,-7,-3,-2,-1,-1,0
28,Veh_Veh,22,21,-7,-3,-2,-1,-1,0
28,Veh_Veh,23,14,-7,-3,-2,-1,-1,0
28,Veh_Veh,24,15,-7,-3,-2,-1,-1,0
28,Veh_Veh,25,17,-7,-3,-2,-1,-1,0
28,Veh_Veh,26,13,-6,-3,-2,-1,-1,0
28,Veh_Veh,27,0,-6,-3,-2,-1,-1,0
28,Veh_Veh,28,4,-6,-3,-2,-1,-1,0
28,Veh_Veh,29,2,-6,-3,-2,-1,-1,0
28,Veh_Veh,30,1,-6,-3,-2,-1,-1,0
28,Veh_Veh,31,1,-5,-2,-1,-1,0,0
28,Veh_Veh,32,0,-5,-2,-1,-1,0,0
28,Veh_Veh,33,2,-5,-2,-1,-1,0,0
28,Veh_Veh,34,0,-5,-2,-1,-1,0,0
28,Veh_Veh,35,0,-5,-2,-1,-1,0,0
28,Veh_Veh,36,0,-4,-2,-1,-1,0,0
28,Veh_Veh,37,0,-4,-2,-1,-1,0,0
28,Veh_Veh,38,0,-4,-2,-1,-1,0,0
28,Veh_Veh,39,3,-4,-2,-1,-1,0,0
28,Veh_Veh,40,0,-4,-2,-1,-1,0,0
28,Veh_Veh,41,0,-3,-1,-1,0,0,0
28,Veh_Veh,42,0,-3,-1,-1,0,0,0
28,Veh_Veh,43,0,-3,-1,-1,0,0,0
28,Veh_Veh,44,1,-3,-1,-1,0,0,0
28,Veh_Veh,45,0,-3,-1,-1,0,0,0
28,Veh_Veh,46,0,-2,-1,0,0,0,0
28,Veh_Veh,47,0,-2,-1,0,0,0,0
28,Veh_Veh,48,0,-2,-1,0,0,0,0
28,Veh_Veh,49,0,-2,-1,0,0,0,0
28,Veh_Veh,50,2,-2,-1,0,0,0,0
28,Veh_Veh,51,4,-1,0,0,0,0,0
28,Veh_Veh,52,6,-1,0,0,0,0,0
28,Veh_Veh,53,1,-1,0,0,0,0,0
28,Veh_Veh,54,1,-1,0,0,0,0,0
28,Veh_Veh,55,0,-1,0,0,0,0,0
28,Veh_Veh,56,1,0,0,0,0,0,0
28,Veh_Veh,57,0,0,0,0,0,0,0
28,Veh_Veh,58,0,0,0,0,0,0,0
28,Veh_Veh,59,1,0,0,0,0,0,0
28,Veh_Veh,60,4,0,0,0,0,0,0
29,Veh_LY,1,184,-11,-5,-3,-2,-1,0
29,Veh_LY,2,127,-11,-5,-3,-2,-1,0
29,Veh_LY,3,122,-11,-5,-3,-2,-1,0
29,Veh_LY,4,97,-11,-5,-3,-2,-1,0
29,Veh_LY,5,38,-11,-5,-3,-2,-1,0
29,Veh_LY,6,134,-10,-5,-3,-2,-1,0
29,Veh_LY,7,69,-10,-5,-3,-2,-1,0
29,Veh_LY,8,82,-10,-5,-3,-2,-1,0
29,Veh_LY,9,3,-10,-5,-3,-2,-1,0
29,Veh_LY,10,10,-10,-5,-3,-2,-1,0
29,Veh_LY,11,7,-9,-4,-3,-2,-1,0
29,Veh_LY,12,6,-9,-4,-3,-2,-1,0
29,Veh_LY,13,3,-9,-4,-3,-2,-1,0
29,Veh_LY,14,0,-9,-4,-3,-2,-1,0
29,Veh_LY,15,0,-9,-4,-3,-2,-1,0
29,Veh_LY,16,0,-8,-4,-2,-2,-1,0
29,Veh_LY,17,11,-8,-4,-2,-2,-1,0
29,Veh_LY,18,43,-8,-4,-2,-2,-1,0
29,Veh_LY,19,44,-8,-4,-2,-2,-1,0
29,Veh_LY,20,8,-8,-4,-2,-2,-1,0
29,Veh_LY,21,7,-7,-3,-2,-1,-1,0
29,Veh_LY,22,1,-7,-3,-2,-1,-1,0
29,Veh_LY,23,8,-7,-3,-2,-1,-1,0
29,Veh_LY,24,0,-7,-3,-2,-1,-1,0
29,Veh_LY,25,16,-7,-3,-2,-1,-1,0
29,Veh_LY,26,1,-6,-3,-2,-1,-1,0
29,Veh_LY,27,8,-6,-3,-2,-1,-1,0
29,Veh_LY,28,2,-6,-3,-2,-1,-1,0
29,Veh_LY,29,0,-6,-3,-2,-1,-1,0
29,Veh_LY,30,0,-6,-3,-2,-1,-1,0
29,Veh_LY,31,0,-5,-2,-1,-1,0,0
29,Veh_LY,32,0,-5,-2,-1,-1,0,0
29,Veh_LY,33,0,-5,-2,-1,-1,0,0
29,Veh_LY,34,0,-5,-2,-1,-1,0,0
29,Veh_LY,35,2,-5,-2,-1,-1,0,0
29,Veh_LY,36,18,-4,-2,-1,-1,0,0
29,Veh_LY,37,1,-4,-2,-1,-1,0,0
29,Veh_LY,38,1,-4,-2,-1,-1,0,0
29,Veh_LY,39,0,-4,-2,-1,-1,0,0
29,Veh_LY,40,0,-4,-2,-1,-1,0,0
29,Veh_LY,41,0,-3,-1,-1,0,0,0
29,Veh_LY,42,0,-3,-1,-1,0,0,0
29,Veh_LY,43,0,-3,-1,-1,0,0,0
29,Veh_LY,44,0,-3,-1,-1,0,0,0
29,Veh_LY,45,0,-3,-1,-1,0,0,0
29,Veh_LY,46,0,-2,-1,0,0,0,0
29,Veh_LY,47,0,-2,-1,0,0,0,0
29,Veh_LY,48,0,-2,-1,0,0,0,0
29,Veh_LY,49,0,-2,-1,0,0,0,0
29,Veh_LY,50,0,-2,-1,0,0,0,0
29,Veh_LY,51,1,-1,0,0,0,0,0
29,Veh_LY,52,0,-1,0,0,0,0,0
29,Veh_LY,53,0,-1,0,0,0,0,0
29,Veh_LY,54,0,-1,0,0,0,0,0
29,Veh_LY,55,2,-1,0,0,0,0,0
29,Veh_LY,56,0,0,0,0,0,0,0
29,Veh_LY,57,0,0,0,0,0,0,0
29,Veh_LY,58,0,0,0,0,0,0,0
29,Veh_LY,59,0,0,0,0,0,0,0
29,Veh_LY,60,0,0,0,0,0,0,0
30,Veh_Amph,1,167,-11,-5,-3,-2,-1,0
30,Veh_Amph,2,132,-11,-5,-3,-2,-1,0
30,Veh_Amph,3,77,-11,-5,-3,-2,-1,0
30,Veh_Amph,4,101,-11,-5,-3,-2,-1,0
30,Veh_Amph,5,107,-11,-5,-3,-2,-1,0
30,Veh_Amph,6,72,-10,-5,-3,-2,-1,0
30,Veh_Amph,7,30,-10,-5,-3,-2,-1,0
30,Veh_Amph,8,60,-10,-5,-3,-2,-1,0
30,Veh_Amph,9,73,-10,-5,-3,-2,-1,0
30,Veh_Amph,10,14,-10,-5,-3,-2,-1,0
30,Veh_Amph,11,14,-9,-4,-3,-2,-1,0
30,Veh_Amph,12,8,-9,-4,-3,-2,-1,0
30,Veh_Amph,13,47,-9,-4,-3,-2,-1,0
30,Veh_Amph,14,40,-9,-4,-3,-2,-1,0
30,Veh_Amph,15,92,-9,-4,-3,-2,-1,0
30,Veh_Amph,16,13,-8,-4,-2,-2,-1,0
30,Veh_Amph,17,10,-8,-4,-2,-2,-1,0
30,Veh_Amph,18,24,-8,-4,-2,-2,-1,0
30,Veh_Amph,19,14,-8,-4,-2,-2,-1,0
30,Veh_Amph,20,3,-8,-4,-2,-2,-1,0
30,Veh_Amph,21,5,-7,-3,-2,-1,-1,0
30,Veh_Amph,22,30,-7,-3,-2,-1,-1,0
30,Veh_Amph,23,2,-7,-3,-2,-1,-1,0
30,Veh_Amph,24,5,-7,-3,-2,-1,-1,0
30,Veh_Amph,25,0,-7,-3,-2,-1,-1,0
30,Veh_Amph,26,0,-6,-3,-2,-1,-1,0
30,Veh_Amph,27,0,-6,-3,-2,-1,-1,0
30,Veh_Amph,28,0,-6,-3,-2,-1,-1,0
30,Veh_Amph,29,0,-6,-3,-2,-1,-1,0
30,Veh_Amph,30,0,-6,-3,-2,-1,-1,0
30,Veh_Amph,31,0,-5,-2,-1,-1,0,0
30,Veh_Amph,32,0,-5,-2,-1,-1,0,0
30,Veh_Amph,33,8,-5,-2,-1,-1,0,0
30,Veh_Amph,34,0,-5,-2,-1,-1,0,0
30,Veh_Amph,35,0,-5,-2,-1,-1,0,0
30,Veh_Amph,36,0,-4,-2,-1,-1,0,0
30,Veh_Amph,37,0,-4,-2,-1,-1,0,0
30,Veh_Amph,38,0,-4,-2,-1,-1,0,0
30,Veh_Amph,39,5,-4,-2,-1,-1,0,0
30,Veh_Amph,40,5,-4,-2,-1,-1,0,0
30,Veh_Amph,41,0,-3,-1,-1,0,0,0
30,Veh_Amph,42,0,-3,-1,-1,0,0,0
30,Veh_Amph,43,0,-3,-1,-1,0,0,0
30,Veh_Amph,44,0,-3,-1,-1,0,0,0
30,Veh_Amph,45,0,-3,-1,-1,0,0,0
30,Veh_Amph,46,0,-2,-1,0,0,0,0
30,Veh_Amph,47,0,-2,-1,0,0,0,0
30,Veh_Amph,48,0,-2,-1,0,0,0,0
30,Veh_Amph,49,0,-2,-1,0,0,0,0
30,Veh_Amph,50,0,-2,-1,0,0,0,0
30,Veh_Amph,51,0,-1,0,0,0,0,0
30,Veh_Amph,52,1,-1,0,0,0,0,0
30,Veh_Amph,53,0,-1,0,0,0,0,0
30,Veh_Amph,54,0,-1,0,0,0,0,0
30,Veh_Amph,55,2,-1,0,0,0,0,0
30,Veh_Amph,56,0,0,0,0,0,0,0
30,Veh_Amph,57,0,0,0,0,0,0,0
30,Veh_Amph,58,0,0,0,0,0,0,0
30,Veh_Amph,59,0,0,0,0,0,0,0
30,Veh_Amph,60,0,0,0,0,0,0,0
31,LY_Amph,1,162,-11,-5,-3,-2,-1,0
31,LY_Amph,2,41,-11,-5,-3,-2,-1,0
31,LY_Amph,3,9,-11,-5,-3,-2,-1,0
31,LY_Amph,4,0,-11,-5,-3,-2,-1,0
31,LY_Amph,5,20,-11,-5,-3,-2,-1,0
31,LY_Amph,6,13,-10,-5,-3,-2,-1,0
31,LY_Amph,7,57,-10,-5,-3,-2,-1,0
31,LY_Amph,8,112,-10,-5,-3,-2,-1,0
31,LY_Amph,9,100,-10,-5,-3,-2,-1,0
31,LY_Amph,10,76,-10,-5,-3,-2,-1,0
31,LY_Amph,11,24,-9,-4,-3,-2,-1,0
31,LY_Amph,12,18,-9,-4,-3,-2,-1,0
31,LY_Amph,13,54,-9,-4,-3,-2,-1,0
31,LY_Amph,14,8,-9,-4,-3,-2,-1,0
31,LY_Amph,15,1,-9,-4,-3,-2,-1,0
31,LY_Amph,16,14,-8,-4,-2,-2,-1,0
31,LY_Amph,17,13,-8,-4,-2,-2,-1,0
31,LY_Amph,18,8,-8,-4,-2,-2,-1,0
31,LY_Amph,19,7,-8,-4,-2,-2,-1,0
31,LY_Amph,20,17,-8,-4,-2,-2,-1,0
31,LY_Amph,21,10,-7,-3,-2,-1,-1,0
31,LY_Amph,22,4,-7,-3,-2,-1,-1,0
31,LY_Amph,23,10,-7,-3,-2,-1,-1,0
31,LY_Amph,24,0,-7,-3,-2,-1,-1,0
31,LY_Amph,25,0,-7,-3,-2,-1,-1,0
31,LY_Amph,26,0,-6,-3,-2,-1,-1,0
31,LY_Amph,27,0,-6,-3,-2,-1,-1,0
31,LY_Amph,28,2,-6,-3,-2,-1,-1,0
31,LY_Amph,29,5,-6,-3,-2,-1,-1,0
31,LY_Amph,30,0,-6,-3,-2,-1,-1,0
31,LY_Amph,31,0,-5,-2,-1,-1,0,0
31,LY_Amph,32,2,-5,-2,-1,-1,0,0
31,LY_Amph,33,0,-5,-2,-1,-1,0,0
31,LY_Amph,34,2,-5,-2,-1,-1,0,0
31,LY_Amph,35,0,-5,-2,-1,-1,0,0
31,LY_Amph,36,0,-4,-2,-1,-1,0,0
31,LY_Amph,37,1,-4,-2,-1,-1,0,0
31,LY_Amph,38,0,-4,-2,-1,-1,0,0
31,LY_Amph,39,5,-4,-2,-1,-1,0,0
31,LY_Amph,40,2,-4,-2,-1,-1,0,0
31,LY_Amph,41,2,-3,-1,-1,0,0,0
31,LY_Amph,42,0,-3,-1,-1,0,0,0
31,LY_Amph,43,1,-3,-1,-1,0,0,0
31,LY_Amph,44,0,-3,-1,-1,0,0,0
31,LY_Amph,45,0,-3,-1,-1,0,0,0
31,LY_Amph,46,3,-2,-1,0,0,0,0
31,LY_Amph,47,0,-2,-1,0,0,0,0
31,LY_Amph,48,0,-2,-1,0,0,0,0
31,LY_Amph,49,2,-2,-1,0,0,0,0
31,LY_Amph,50,2,-2,-1,0,0,0,0
31,LY_Amph,51,0,-1,0,0,0,0,0
31,LY_Amph,52,1,-1,0,0,0,0,0
31,LY_Amph,53,0,-1,0,0,0,0,0
31,LY_Amph,54,0,-1,0,0,0,0,0
31,LY_Amph,55,0,-1,0,0,0,0,0
31,LY_Amph,56,12,0,0,0,0,0,0
31,LY_Amph,57,8,0,0,0,0,0,0
31,LY_Amph,58,16,0,0,0,0,0,0
31,LY_Amph,59,0,0,0,0,0,0,0
31,LY_Amph,60,0,0,0,0,0,0,0
32,Veh_Veh,1,186,-11,-5,-3,-2,-1,0
32,Veh_Veh,2,124,-11,-5,-3,-2,-1,0
32,Veh_Veh,3,42,-11,-5,-3,-2,-1,0
32,Veh_Veh,4,66,-11,-5,-3,-2,-1,0
32,Veh_Veh,5,27,-11,-5,-3,-2,-1,0
32,Veh_Veh,6,114,-10,-5,-3,-2,-1,0
32,Veh_Veh,7,80,-10,-5,-3,-2,-1,0
32,Veh_Veh,8,12,-10,-5,-3,-2,-1,0
32,Veh_Veh,9,1,-10,-5,-3,-2,-1,0
32,Veh_Veh,10,45,-10,-5,-3,-2,-1,0
32,Veh_Veh,11,2,-9,-4,-3,-2,-1,0
32,Veh_Veh,12,10,-9,-4,-3,-2,-1,0
32,Veh_Veh,13,0,-9,-4,-3,-2,-1,0
32,Veh_Veh,14,14,-9,-4,-3,-2,-1,0
32,Veh_Veh,15,19,-9,-4,-3,-2,-1,0
32,Veh_Veh,16,20,-8,-4,-2,-2,-1,0
32,Veh_Veh,17,1,-8,-4,-2,-2,-1,0
32,Veh_Veh,18,0,-8,-4,-2,-2,-1,0
32,Veh_Veh,19,7,-8,-4,-2,-2,-1,0
32,Veh_Veh,20,0,-8,-4,-2,-2,-1,0
32,Veh_Veh,21,6,-7,-3,-2,-1,-1,0
32,Veh_Veh,22,1,-7,-3,-2,-1,-1,0
32,Veh_Veh,23,0,-7,-3,-2,-1,-1,0
32,Veh_Veh,24,0,-7,-3,-2,-1,-1,0
32,Veh_Veh,25,0,-7,-3,-2,-1,-1,0
32,Veh_Veh,26,0,-6,-3,-2,-1,-1,0
32,Veh_Veh,27,0,-6,-3,-2,-1,-1,0
32,Veh_Veh,28,6,-6,-3,-2,-1,-1,0
32,Veh_Veh,29,0,-6,-3,-2,-1,-1,0
32,Veh_Veh,30,0,-6,-3,-2,-1,-1,0
32,Veh_Veh,31,0,-5,-2,-1,-1,0,0
32,Veh_Veh,32,0,-5,-2,-1,-1,0,0
32,Veh_Veh,33,1,-5,-2,-1,-1,0,0
32,Veh_Veh,34,0,-5,-2,-1,-1,0,0
32,Veh_Veh,35,0,-5,-2,-1,-1,0,0
32,Veh_Veh,36,14,-4,-2,-1,-1,0,0
32,Veh_Veh,37,1,-4,-2,-1,-1,0,0
32,Veh_Veh,38,0,-4,-2,-1,-1,0,0
32,Veh_Veh,39,0,-4,-2,-1,-1,0,0
32,Veh_Veh,40,0,-4,-2,-1,-1,0,0
32,Veh_Veh,41,0,-3,-1,-1,0,0,0
32,Veh_Veh,42,0,-3,-1,-1,0,0,0
32,Veh_Veh,43,0,-3,-1,-1,0,0,0
32,Veh_Veh,44,0,-3,-1,-1,0,0,0
32,Veh_Veh,45,0,-3,-1,-1,0,0,0
32,Veh_Veh,46,0,-2,-1,0,0,0,0
32,Veh_Veh,47,0,-2,-1,0,0,0,0
32,Veh_Veh,48,0,-2,-1,0,0,0,0
32,Veh_Veh,49,0,-2,-1,0,0,0,0
32,Veh_Veh,50,2,-2,-1,0,0,0,0
32,Veh_Veh,51,0,-1,0,0,0,0,0
32,Veh_Veh,52,0,-1,0,0,0,0,0
32,Veh_Veh,53,1,-1,0,0,0,0,0
32,Veh_Veh,54,0,-1,0,0,0,0,0
32,Veh_Veh,55,1,-1,0,0,0,0,0
32,Veh_Veh,56,1,0,0,0,0,0,0
32,Veh_Veh,57,0,0,0,0,0,0,0
32,Veh_Veh,58,0,0,0,0,0,0,0
32,Veh_Veh,59,1,0,0,0,0,0,0
32,Veh_Veh,60,0,0,0,0,0,0,0
33,LY_Amph,1,237,-11,-5,-3,-2,-1,0
33,LY_Amph,2,123,-11,-5,-3,-2,-1,0
33,LY_Amph,3,120,-11,-5,-3,-2,-1,0
33,LY_Amph,4,39,-11,-5,-3,-2,-1,0
33,LY_Amph,5,34,-11,-5,-3,-2,-1,0
33,LY_Amph,6,174,-10,-5,-3,-2,-1,0
33,LY_Amph,7,58,-10,-5,-3,-2,-1,0
33,LY_Amph,8,21,-10,-5,-3,-2,-1,0
33,LY_Amph,9,62,-10,-5,-3,-2,-1,0
33,LY_Amph,10,23,-10,-5,-3,-2,-1,0
33,LY_Amph,11,9,-9,-4,-3,-2,-1,0
33,LY_Amph,12,2,-9,-4,-3,-2,-1,0
33,LY_Amph,13,0,-9,-4,-3,-2,-1,0
33,LY_Amph,14,21,-9,-4,-3,-2,-1,0
33,LY_Amph,15,73,-9,-4,-3,-2,-1,0
33,LY_Amph,16,15,-8,-4,-2,-2,-1,0
33,LY_Amph,17,11,-8,-4,-2,-2,-1,0
33,LY_Amph,18,30,-8,-4,-2,-2,-1,0
33,LY_Amph,19,1,-8,-4,-2,-2,-1,0
33,LY_Amph,20,0,-8,-4,-2,-2,-1,0
33,LY_Amph,21,0,-7,-3,-2,-1,-1,0
33,LY_Amph,22,25,-7,-3,-2,-1,-1,0
33,LY_Amph,23,0,-7,-3,-2,-1,-1,0
33,LY_Amph,24,9,-7,-3,-2,-1,-1,0
33,LY_Amph,25,30,-7,-3,-2,-1,-1,0
33,LY_Amph,26,48,-6,-3,-2,-1,-1,0
33,LY_Amph,27,0,-6,-3,-2,-1,-1,0
33,LY_Amph,28,0,-6,-3,-2,-1,-1,0
33,LY_Amph,29,0,-6,-3,-2,-1,-1,0
33,LY_Amph,30,0,-6,-3,-2,-1,-1,0
33,LY_Amph,31,26,-5,-2,-1,-1,0,0
33,LY_Amph,32,0,-5,-2,-1,-1,0,0
33,LY_Amph,33,0,-5,-2,-1,-1,0,0
33,LY_Amph,34,0,-5,-2,-1,-1,0,0
33,LY_Amph,35,0,-5,-2,-1,-1,0,0
33,LY_Amph,36,0,-4,-2,-1,-1,0,0
33,LY_Amph,37,0,-4,-2,-1,-1,0,0
33,LY_Amph,38,0,-4,-2,-1,-1,0,0
33,LY_Amph,39,0,-4,-2,-1,-1,0,0
33,LY_Amph,40,0,-4,-2,-1,-1,0,0
33,LY_Amph,41,0,-3,-1,-1,0,0,0
33,LY_Amph,42,0,-3,-1,-1,0,0,0
33,LY_Amph,43,1,-3,-1,-1,0,0,0
33,LY_Amph,44,0,-3,-1,-1,0,0,0
33,LY_Amph,45,0,-3,-1,-1,0,0,0
33,LY_Amph,46,0,-2,-1,0,0,0,0
33,LY_Amph,47,0,-2,-1,0,0,0,0
33,LY_Amph,48,0,-2,-1,0,0,0,0
33,LY_Amph,49,0,-2,-1,0,0,0,0
33,LY_Amph,50,10,-2,-1,0,0,0,0
33,LY_Amph,51,0,-1,0,0,0,0,0
33,LY_Amph,52,0,-1,0,0,0,0,0
33,LY_Amph,53,0,-1,0,0,0,0,0
33,LY_Amph,54,0,-1,0,0,0,0,0
33,LY_Amph,55,0,-1,0,0,0,0,0
33,LY_Amph,56,5,0,0,0,0,0,0
33,LY_Amph,57,0,0,0,0,0,0,0
33,LY_Amph,58,0,0,0,0,0,0,0
33,LY_Amph,59,0,0,0,0,0,0,0
33,LY_Amph,60,5,0,0,0,0,0,0
34,Veh_Amph,1,154,-11,-5,-3,-2,-1,0
34,Veh_Amph,2,106,-11,-5,-3,-2,-1,0
34,Veh_Amph,3,38,-11,-5,-3,-2,-1,0
34,Veh_Amph,4,112,-11,-5,-3,-2,-1,0
34,Veh_Amph,5,141,-11,-5,-3,-2,-1,0
34,Veh_Amph,6,152,-10,-5,-3,-2,-1,0
34,Veh_Amph,7,77,-10,-5,-3,-2,-1,0
34,Veh_Amph,8,188,-10,-5,-3,-2,-1,0
34,Veh_Amph,9,38,-10,-5,-3,-2,-1,0
34,Veh_Amph,10,66,-10,-5,-3,-2,-1,0
34,Veh_Amph,11,56,-9,-4,-3,-2,-1,0
34,Veh_Amph,12,12,-9,-4,-3,-2,-1,0
34,Veh_Amph,13,6,-9,-4,-3,-2,-1,0
34,Veh_Amph,14,8,-9,-4,-3,-2,-1,0
34,Veh_Amph,15,37,-9,-4,-3,-2,-1,0
34,Veh_Amph,16,38,-8,-4,-2,-2,-1,0
34,Veh_Amph,17,7,-8,-4,-2,-2,-1,0
34,Veh_Amph,18,0,-8,-4,-2,-2,-1,0
34,Veh_Amph,19,0,-8,-4,-2,-2,-1,0
34,Veh_Amph,20,0,-8,-4,-2,-2,-1,0
34,Veh_Amph,21,0,-7,-3,-2,-1,-1,0
34,Veh_Amph,22,7,-7,-3,-2,-1,-1,0
34,Veh_Amph,23,15,-7,-3,-2,-1,-1,0
34,Veh_Amph,24,10,-7,-3,-2,-1,-1,0
34,Veh_Amph,25,1,-7,-3,-2,-1,-1,0
34,Veh_Amph,26,11,-6,-3,-2,-1,-1,0
34,Veh_Amph,27,55,-6,-3,-2,-1,-1,0
34,Veh_Amph,28,0,-6,-3,-2,-1,-1,0
34,Veh_Amph,29,0,-6,-3,-2,-1,-1,0
34,Veh_Amph,30,0,-6,-3,-2,-1,-1,0
34,Veh_Amph,31,0,-5,-2,-1,-1,0,0
34,Veh_Amph,32,1,-5,-2,-1,-1,0,0
34,Veh_Amph,33,0,-5,-2,-1,-1,0,0
34,Veh_Amph,34,3,-5,-2,-1,-1,0,0
34,Veh_Amph,35,1,-5,-2,-1,-1,0,0
34,Veh_Amph,36,0,-4,-2,-1,-1,0,0
34,Veh_Amph,37,0,-4,-2,-1,-1,0,0
34,Veh_Amph,38,0,-4,-2,-1,-1,0,0
34,Veh_Amph,39,0,-4,-2,-1,-1,0,0
34,Veh_Amph,40,0,-4,-2,-1,-1,0,0
34,Veh_Amph,41,0,-3,-1,-1,0,0,0
34,Veh_Amph,42,0,-3,-1,-1,0,0,0
34,Veh_Amph,43,0,-3,-1,-1,0,0,0
34,Veh_Amph,44,0,-3,-1,-1,0,0,0
34,Veh_Amph,45,5,-3,-1,-1,0,0,0
34,Veh_Amph,46,0,-2,-1,0,0,0,0
34,Veh_Amph,47,1,-2,-1,0,0,0,0
34,Veh_Amph,48,0,-2,-1,0,0,0,0
34,Veh_Amph,49,0,-2,-1,0,0,0,0
34,Veh_Amph,50,1,-2,-1,0,0,0,0
34,Veh_Amph,51,0,-1,0,0,0,0,0
34,Veh_Amph,52,0,-1,0,0,0,0,0
34,Veh_Amph,53,1,-1,0,0,0,0,0
34,Veh_Amph,54,0,-1,0,0,0,0,0
34,Veh_Amph,55,7,-1,0,0,0,0,0
34,Veh_Amph,56,17,0,0,0,0,0,0
34,Veh_Amph,57,9,0,0,0,0,0,0
34,Veh_Amph,58,7,0,0,0,0,0,0
34,Veh_Amph,59,4,0,0,0,0,0,0
34,Veh_Amph,60,1,0,0,0,0,0,0
35,Veh_Veh,1,191,-11,-5,-3,-2,-1,0
35,Veh_Veh,2,161,-11,-5,-3,-2,-1,0
35,Veh_Veh,3,164,-11,-5,-3,-2,-1,0
35,Veh_Veh,4,88,-11,-5,-3,-2,-1,0
35,Veh_Veh,5,48,-11,-5,-3,-2,-1,0
35,Veh_Veh,6,80,-10,-5,-3,-2,-1,0
35,Veh_Veh,7,104,-10,-5,-3,-2,-1,0
35,Veh_Veh,8,71,-10,-5,-3,-2,-1,0
35,Veh_Veh,9,48,-10,-5,-3,-2,-1,0
35,Veh_Veh,10,39,-10,-5,-3,-2,-1,0
35,Veh_Veh,11,6,-9,-4,-3,-2,-1,0
35,Veh_Veh,12,6,-9,-4,-3,-2,-1,0
35,Veh_Veh,13,27,-9,-4,-3,-2,-1,0
35,Veh_Veh,14,10,-9,-4,-3,-2,-1,0
35,Veh_Veh,15,8,-9,-4,-3,-2,-1,0
35,Veh_Veh,16,5,-8,-4,-2,-2,-1,0
35,Veh_Veh,17,2,-8,-4,-2,-2,-1,0
35,Veh_Veh,18,16,-8,-4,-2,-2,-1,0
35,Veh_Veh,19,10,-8,-4,-2,-2,-1,0
35,Veh_Veh,20,62,-8,-4,-2,-2,-1,0
35,Veh_Veh,21,26,-7,-3,-2,-1,-1,0
35,Veh_Veh,22,5,-7,-3,-2,-1,-1,0
35,Veh_Veh,23,4,-7,-3,-2,-1,-1,0
35,Veh_Veh,24,0,-7,-3,-2,-1,-1,0
35,Veh_Veh,25,0,-7,-3,-2,-1,-1,0
35,Veh_Veh,26,0,-6,-3,-2,-1,-1,0
35,Veh_Veh,27,0,-6,-3,-2,-1,-1,0
35,Veh_Veh,28,4,-6,-3,-2,-1,-1,0
35,Veh_Veh,29,1,-6,-3,-2,-1,-1,0
35,Veh_Veh,30,0,-6,-3,-2,-1,-1,0
35,Veh_Veh,31,0,-5,-2,-1,-1,0,0
35,Veh_Veh,32,11,-5,-2,-1,-1,0,0
35,Veh_Veh,33,0,-5,-2,-1,-1,0,0
35,Veh_Veh,34,0,-5,-2,-1,-1,0,0
35,Veh_Veh,35,0,-5,-2,-1,-1,0,0
35,Veh_Veh,36,0,-4,-2,-1,-1,0,0
35,Veh_Veh,37,0,-4,-2,-1,-1,0,0
35,Veh_Veh,38,11,-4,-2,-1,-1,0,0
35,Veh_Veh,39,0,-4,-2,-1,-1,0,0
35,Veh_Veh,40,0,-4,-2,-1,-1,0,0
35,Veh_Veh,41,0,-3,-1,-1,0,0,0
35,Veh_Veh,42,0,-3,-1,-1,0,0,0
35,Veh_Veh,43,0,-3,-1,-1,0,0,0
35,Veh_Veh,44,0,-3,-1,-1,0,0,0
35,Veh_Veh,45,0,-3,-1,-1,0,0,0
35,Veh_Veh,46,0,-2,-1,0,0,0,0
35,Veh_Veh,47,0,-2,-1,0,0,0,0
35,Veh_Veh,48,0,-2,-1,0,0,0,0
35,Veh_Veh,49,0,-2,-1,0,0,0,0
35,Veh_Veh,50,0,-2,-1,0,0,0,0
35,Veh_Veh,51,0,-1,0,0,0,0,0
35,Veh_Veh,52,0,-1,0,0,0,0,0
35,Veh_Veh,53,0,-1,0,0,0,0,0
35,Veh_Veh,54,0,-1,0,0,0,0,0
35,Veh_Veh,55,0,-1,0,0,0,0,0
35,Veh_Veh,56,0,0,0,0,0,0,0
35,Veh_Veh,57,13,0,0,0,0,0,0
35,Veh_Veh,58,0,0,0,0,0,0,0
35,Veh_Veh,59,6,0,0,0,0,0,0
35,Veh_Veh,60,0,0,0,0,0,0,0
36,Veh_LY,1,224,-11,-5,-3,-2,-1,0
36,Veh_LY,2,85,-11,-5,-3,-2,-1,0
36,Veh_LY,3,71,-11,-5,-3,-2,-1,0
36,Veh_LY,4,43,-11,-5,-3,-2,-1,0
36,Veh_LY,5,66,-11,-5,-3,-2,-1,0
36,Veh_LY,6,49,-10,-5,-3,-2,-1,0
36,Veh_LY,7,14,-10,-5,-3,-2,-1,0
36,Veh_LY,8,20,-10,-5,-3,-2,-1,0
36,Veh_LY,9,32,-10,-5,-3,-2,-1,0
36,Veh_LY,10,97,-10,-5,-3,-2,-1,0
36,Veh_LY,11,85,-9,-4,-3,-2,-1,0
36,Veh_LY,12,71,-9,-4,-3,-2,-1,0
36,Veh_LY,13,12,-9,-4,-3,-2,-1,0
36,Veh_LY,14,22,-9,-4,-3,-2,-1,0
36,Veh_LY,15,16,-9,-4,-3,-2,-1,0
36,Veh_LY,16,10,-8,-4,-2,-2,-1,0
36,Veh_LY,17,22,-8,-4,-2,-2,-1,0
36,Veh_LY,18,25,-8,-4,-2,-2,-1,0
36,Veh_LY,19,53,-8,-4,-2,-2,-1,0
36,Veh_LY,20,7,-8,-4,-2,-2,-1,0
36,Veh_LY,21,6,-7,-3,-2,-1,-1,0
36,Veh_LY,22,0,-7,-3,-2,-1,-1,0
36,Veh_LY,23,0,-7,-3,-2,-1,-1,0
36,Veh_LY,24,0,-7,-3,-2,-1,-1,0
36,Veh_LY,25,0,-7,-3,-2,-1,-1,0
36,Veh_LY,26,2,-6,-3,-2,-1,-1,0
36,Veh_LY,27,76,-6,-3,-2,-1,-1,0
36,Veh_LY,28,57,-6,-3,-2,-1,-1,0
36,Veh_LY,29,4,-6,-3,-2,-1,-1,0
36,Veh_LY,30,1,-6,-3,-2,-1,-1,0
36,Veh_LY,31,3,-5,-2,-1,-1,0,0
36,Veh_LY,32,2,-5,-2,-1,-1,0,0
36,Veh_LY,33,17,-5,-2,-1,-1,0,0
36,Veh_LY,34,70,-5,-2,-1,-1,0,0
36,Veh_LY,35,62,-5,-2,-1,-1,0,0
36,Veh_LY,36,0,-4,-2,-1,-1,0,0
36,Veh_LY,37,1,-4,-2,-1,-1,0,0
36,Veh_LY,38,0,-4,-2,-1,-1,0,0
36,Veh_LY,39,0,-4,-2,-1,-1,0,0
36,Veh_LY,40,0,-4,-2,-1,-1,0,0
36,Veh_LY,41,0,-3,-1,-1,0,0,0
36,Veh_LY,42,0,-3,-1,-1,0,0,0
36,Veh_LY,43,0,-3,-1,-1,0,0,0
36,Veh_LY,44,0,-3,-1,-1,0,0,0
36,Veh_LY,45,0,-3,-1,-1,0,0,0
36,Veh_LY,46,0,-2,-1,0,0,0,0
36,Veh_LY,47,0,-2,-1,0,0,0,0
36,Veh_LY,48,0,-2,-1,0,0,0,0
36,Veh_LY,49,0,-2,-1,0,0,0,0
36,Veh_LY,50,0,-2,-1,0,0,0,0
36,Veh_LY,51,0,-1,0,0,0,0,0
36,Veh_LY,52,0,-1,0,0,0,0,0
36,Veh_LY,53,0,-1,0,0,0,0,0
36,Veh_LY,54,0,-1,0,0,0,0,0
36,Veh_LY,55,0,-1,0,0,0,0,0
36,Veh_LY,56,0,0,0,0,0,0,0
36,Veh_LY,57,0,0,0,0,0,0,0
36,Veh_LY,58,37,0,0,0,0,0,0
36,Veh_LY,59,86,0,0,0,0,0,0
36,Veh_LY,60,3,0,0,0,0,0,0
