folder,file,savename,subject,protocol,station,run,project,userID,session,bin_trial,bin_state,bin_time,bin_timewithin,A1_freq,A1_dur,A2_freq,A2_dur,A3_freq,A3_dur,A4_freq,A4_dur
Acquisition_Day10,CRFAcquisitionDay10B,CRFAcquisitionDay10B_Rat10.csv,10____,12,9,1,C,Marios,143,1,2,90,1,0,0,0,0,0,0,0,0
Acquisition_Day10,CRFAcquisitionDay10B,CRFAcquisitionDay10B_Rat10.csv,10____,12,9,1,C,Marios,143,1,2,91,2,0,0,0,0,0,0,0,0
Acquisition_Day10,CRFAcquisitionDay10B,CRFAcquisitionDay10B_Rat10.csv,10____,12,9,1,C,Marios,143,1,2,92,3,0,0,0,0,0,0,0,0
Acquisition_Day10,CRFAcquisitionDay10B,CRFAcquisitionDay10B_Rat10.csv,10____,12,9,1,C,Marios,143,1,2,93,4,0,0,0,0,0,0,0,0
Acquisition_Day10,CRFAcquisitionDay10B,CRFAcquisitionDay10B_Rat10.csv,10____,12,9,1,C,Marios,143,1,2,94,5,0,0,0,0,0,0,0,0
Acquisition_Day10,CRFAcquisitionDay10B,CRFAcquisitionDay10B_Rat10.csv,10____,12,9,1,C,Marios,143,1,2,95,6,0,0,0,0,0,0,0,0
Acquisition_Day10,CRFAcquisitionDay10B,CRFAcquisitionDay10B_Rat10.csv,10____,12,9,1,C,Marios,143,1,2,96,7,0,0,0,0,0,0,0,0
Acquisition_Day10,CRFAcquisitionDay10B,CRFAcquisitionDay10B_Rat10.csv,10____,12,9,1,C,Marios,143,1,2,97,8,0,0,0,0,0,0,0,0
Acquisition_Day10,CRFAcquisitionDay10B,CRFAcquisitionDay10B_Rat10.csv,10____,12,9,1,C,Marios,143,1,2,98,9,0,0,0,0,0,0,0,0
Acquisition_Day10,CRFAcquisitionDay10B,CRFAcquisitionDay10B_Rat10.csv,10____,12,9,1,C,Marios,143,1,2,99,10,0,0,0,0,0,0,0,0
Acquisition_Day10,CRFAcquisitionDay10B,CRFAcquisitionDay10B_Rat10.csv,10____,12,9,1,C,Marios,143,1,5,100,1,0,0,0,0,0,0,0,0
Acquisition_Day10,CRFAcquisitionDay10B,CRFAcquisitionDay10B_Rat10.csv,10____,12,9,1,C,Marios,143,1,5,101,2,0,0,0,0,0,0,0,0
Acquisition_Day10,CRFAcquisitionDay10B,CRFAcquisitionDay10B_Rat10.csv,10____,12,9,1,C,Marios,143,1,5,102,3,0,0,0,0,0,0,0,0
Acquisition_Day10,CRFAcquisitionDay10B,CRFAcquisitionDay10B_Rat10.csv,10____,12,9,1,C,Marios,143,1,5,103,4,0,0,0,0,1,0.0999999999999943,0,0
Acquisition_Day10,CRFAcquisitionDay10B,CRFAcquisitionDay10B_Rat10.csv,10____,12,9,1,C,Marios,143,1,5,104,5,0,0,0,0,0,0,0,0
Acquisition_Day10,CRFAcquisitionDay10B,CRFAcquisitionDay10B_Rat10.csv,10____,12,9,1,C,Marios,143,1,5,105,6,0,0,0,0,1,0.200000000000003,0,0
Acquisition_Day10,CRFAcquisitionDay10B,CRFAcquisitionDay10B_Rat10.csv,10____,12,9,1,C,Marios,143,1,5,106,7,0,0,0,0,0,0,0,0
Acquisition_Day10,CRFAcquisitionDay10B,CRFAcquisitionDay10B_Rat10.csv,10____,12,9,1,C,Marios,143,1,5,107,8,0,0,0,0,1,0.420000000000002,0,0
Acquisition_Day10,CRFAcquisitionDay10B,CRFAcquisitionDay10B_Rat10.csv,10____,12,9,1,C,Marios,143,1,5,108,9,0,0,0,0,0,0,0,0
Acquisition_Day10,CRFAcquisitionDay10B,CRFAcquisitionDay10B_Rat10.csv,10____,12,9,1,C,Marios,143,1,5,109,10,0,0,0,0,1,0.200000000000003,0,0
Acquisition_Day10,CRFAcquisitionDay10B,CRFAcquisitionDay10B_Rat10.csv,10____,12,9,1,C,Marios,143,1,7,110,1,0,0,0,0,1,0.640000000000001,0,0
Acquisition_Day10,CRFAcquisitionDay10B,CRFAcquisitionDay10B_Rat10.csv,10____,12,9,1,C,Marios,143,1,7,111,2,0,0,0,0,0,1,0,0
Acquisition_Day10,CRFAcquisitionDay10B,CRFAcquisitionDay10B_Rat10.csv,10____,12,9,1,C,Marios,143,1,7,112,3,0,0,0,0,0,0,0,0
Acquisition_Day10,CRFAcquisitionDay10B,CRFAcquisitionDay10B_Rat10.csv,10____,12,9,1,C,Marios,143,1,7,113,4,0,0,0,0,0,0,0,0
Acquisition_Day10,CRFAcquisitionDay10B,CRFAcquisitionDay10B_Rat10.csv,10____,12,9,1,C,Marios,143,1,7,114,5,0,0,0,0,0,0,0,0
Acquisition_Day10,CRFAcquisitionDay10B,CRFAcquisitionDay10B_Rat10.csv,10____,12,9,1,C,Marios,143,1,7,115,6,0,0,0,0,0,0,0,0
Acquisition_Day10,CRFAcquisitionDay10B,CRFAcquisitionDay10B_Rat10.csv,10____,12,9,1,C,Marios,143,1,7,116,7,0,0,0,0,0,0,0,0
Acquisition_Day10,CRFAcquisitionDay10B,CRFAcquisitionDay10B_Rat10.csv,10____,12,9,1,C,Marios,143,1,7,117,8,0,0,0,0,0,0,0,0
Acquisition_Day10,CRFAcquisitionDay10B,CRFAcquisitionDay10B_Rat10.csv,10____,12,9,1,C,Marios,143,1,7,118,9,0,0,0,0,0,0,0,0
Acquisition_Day10,CRFAcquisitionDay10B,CRFAcquisitionDay10B_Rat10.csv,10____,12,9,1,C,Marios,143,1,7,119,10,0,0,0,0,3,0.600000000000009,0,0
Acquisition_Day10,CRFAcquisitionDay10B,CRFAcquisitionDay10B_Rat10.csv,10____,12,9,1,C,Marios,143,2,2,306,1,0,0,0,0,0,0,0,0
Acquisition_Day10,CRFAcquisitionDay10B,CRFAcquisitionDay10B_Rat10.csv,10____,12,9,1,C,Marios,143,2,2,307,2,0,0,0,0,1,0.100000000000023,0,0
Acquisition_Day10,CRFAcquisitionDay10B,CRFAcquisitionDay10B_Rat10.csv,10____,12,9,1,C,Marios,143,2,2,308,3,0,0,0,0,0,0,0,0
Acquisition_Day10,CRFAcquisitionDay10B,CRFAcquisitionDay10B_Rat10.csv,10____,12,9,1,C,Marios,143,2,2,309,4,0,0,0,0,1,0.920000000000016,0,0
Acquisition_Day10,CRFAcquisitionDay10B,CRFAcquisitionDay10B_Rat10.csv,10____,12,9,1,C,Marios,143,2,2,310,5,0,0,0,0,0,1,0,0
Acquisition_Day10,CRFAcquisitionDay10B,CRFAcquisitionDay10B_Rat10.csv,10____,12,9,1,C,Marios,143,2,2,311,6,0,0,0,0,1,0.360000000000014,0,0
Acquisition_Day10,CRFAcquisitionDay10B,CRFAcquisitionDay10B_Rat10.csv,10____,12,9,1,C,Marios,143,2,2,312,7,0,0,0,0,0,1,0,0
Acquisition_Day10,CRFAcquisitionDay10B,CRFAcquisitionDay10B_Rat10.csv,10____,12,9,1,C,Marios,143,2,2,313,8,0,0,0,0,0,1,0,0
Acquisition_Day10,CRFAcquisitionDay10B,CRFAcquisitionDay10B_Rat10.csv,10____,12,9,1,C,Marios,143,2,2,314,9,0,0,0,0,0,1,0,0
Acquisition_Day10,CRFAcquisitionDay10B,CRFAcquisitionDay10B_Rat10.csv,10____,12,9,1,C,Marios,143,2,2,315,10,0,0,0,0,0,1,0,0
Acquisition_Day10,CRFAcquisitionDay10B,CRFAcquisitionDay10B_Rat10.csv,10____,12,9,1,C,Marios,143,2,3,316,1,0,0,0,0,0,1,0,0
Acquisition_Day10,CRFAcquisitionDay10B,CRFAcquisitionDay10B_Rat10.csv,10____,12,9,1,C,Marios,143,2,3,317,2,0,0,0,0,0,1,0,0
Acquisition_Day10,CRFAcquisitionDay10B,CRFAcquisitionDay10B_Rat10.csv,10____,12,9,1,C,Marios,143,2,3,318,3,0,0,0,0,0,1,0,0
Acquisition_Day10,CRFAcquisitionDay10B,CRFAcquisitionDay10B_Rat10.csv,10____,12,9,1,C,Marios,143,2,3,319,4,0,0,0,0,0,1,0,0
Acquisition_Day10,CRFAcquisitionDay10B,CRFAcquisitionDay10B_Rat10.csv,10____,12,9,1,C,Marios,143,2,3,320,5,0,0,0,0,0,1,0,0
Acquisition_Day10,CRFAcquisitionDay10B,CRFAcquisitionDay10B_Rat10.csv,10____,12,9,1,C,Marios,143,2,3,321,6,0,0,0,0,0,1,0,0
Acquisition_Day10,CRFAcquisitionDay10B,CRFAcquisitionDay10B_Rat10.csv,10____,12,9,1,C,Marios,143,2,3,322,7,0,0,0,0,0,1,0,0
Acquisition_Day10,CRFAcquisitionDay10B,CRFAcquisitionDay10B_Rat10.csv,10____,12,9,1,C,Marios,143,2,3,323,8,0,0,0,0,0,1,0,0
Acquisition_Day10,CRFAcquisitionDay10B,CRFAcquisitionDay10B_Rat10.csv,10____,12,9,1,C,Marios,143,2,3,324,9,0,0,0,0,0,1,0,0
Acquisition_Day10,CRFAcquisitionDay10B,CRFAcquisitionDay10B_Rat10.csv,10____,12,9,1,C,Marios,143,2,3,325,10,0,0,0,0,0,1,0,0
Acquisition_Day10,CRFAcquisitionDay10B,CRFAcquisitionDay10B_Rat10.csv,10____,12,9,1,C,Marios,143,2,9,326,1,0,0,0,0,1,0.0399999999999636,0,0
Acquisition_Day10,CRFAcquisitionDay10B,CRFAcquisitionDay10B_Rat10.csv,10____,12,9,1,C,Marios,143,2,9,327,2,0,0,0,0,1,1,0,0
Acquisition_Day10,CRFAcquisitionDay10B,CRFAcquisitionDay10B_Rat10.csv,10____,12,9,1,C,Marios,143,2,9,328,3,0,0,0,0,0,0,0,0
Acquisition_Day10,CRFAcquisitionDay10B,CRFAcquisitionDay10B_Rat10.csv,10____,12,9,1,C,Marios,143,2,9,329,4,0,0,0,0,1,0.139999999999986,0,0
Acquisition_Day10,CRFAcquisitionDay10B,CRFAcquisitionDay10B_Rat10.csv,10____,12,9,1,C,Marios,143,2,9,330,5,0,0,0,0,0,0,0,0
Acquisition_Day10,CRFAcquisitionDay10B,CRFAcquisitionDay10B_Rat10.csv,10____,12,9,1,C,Marios,143,2,9,331,6,0,0,0,0,0,0,0,0
Acquisition_Day10,CRFAcquisitionDay10B,CRFAcquisitionDay10B_Rat10.csv,10____,12,9,1,C,Marios,143,2,9,332,7,0,0,0,0,0,0,0,0
Acquisition_Day10,CRFAcquisitionDay10B,CRFAcquisitionDay10B_Rat10.csv,10____,12,9,1,C,Marios,143,2,9,333,8,0,0,0,0,0,0,0,0
Acquisition_Day10,CRFAcquisitionDay10B,CRFAcquisitionDay10B_Rat10.csv,10____,12,9,1,C,Marios,143,2,9,334,9,0,0,0,0,0,0,0,0
Acquisition_Day10,CRFAcquisitionDay10B,CRFAcquisitionDay10B_Rat10.csv,10____,12,9,1,C,Marios,143,2,9,335,10,0,0,0,0,0,0,0,0
Acquisition_Day10,CRFAcquisitionDay10B,CRFAcquisitionDay10B_Rat10.csv,10____,12,9,1,C,Marios,143,3,2,442,1,0,0,0,0,0,0,0,0
Acquisition_Day10,CRFAcquisitionDay10B,CRFAcquisitionDay10B_Rat10.csv,10____,12,9,1,C,Marios,143,3,2,443,2,0,0,0,0,1,0.639999999999986,0,0
Acquisition_Day10,CRFAcquisitionDay10B,CRFAcquisitionDay10B_Rat10.csv,10____,12,9,1,C,Marios,143,3,2,444,3,0,0,0,0,1,0.400000000000034,0,0
Acquisition_Day10,CRFAcquisitionDay10B,CRFAcquisitionDay10B_Rat10.csv,10____,12,9,1,C,Marios,143,3,2,445,4,0,0,0,0,0,0,0,0
Acquisition_Day10,CRFAcquisitionDay10B,CRFAcquisitionDay10B_Rat10.csv,10____,12,9,1,C,Marios,143,3,2,446,5,0,0,0,0,1,0.639999999999986,0,0
Acquisition_Day10,CRFAcquisitionDay10B,CRFAcquisitionDay10B_Rat10.csv,10____,12,9,1,C,Marios,143,3,2,447,6,0,0,0,0,0,0,0,0
Acquisition_Day10,CRFAcquisitionDay10B,CRFAcquisitionDay10B_Rat10.csv,10____,12,9,1,C,Marios,143,3,2,448,7,0,0,0,0,0,0,0,0
Acquisition_Day10,CRFAcquisitionDay10B,CRFAcquisitionDay10B_Rat10.csv,10____,12,9,1,C,Marios,143,3,2,449,8,0,0,0,0,0,0,0,0
Acquisition_Day10,CRFAcquisitionDay10B,CRFAcquisitionDay10B_Rat10.csv,10____,12,9,1,C,Marios,143,3,2,450,9,0,0,0,0,0,0,0,0
Acquisition_Day10,CRFAcquisitionDay10B,CRFAcquisitionDay10B_Rat10.csv,10____,12,9,1,C,Marios,143,3,2,451,10,0,0,0,0,0,0,0,0
Acquisition_Day10,CRFAcquisitionDay10B,CRFAcquisitionDay10B_Rat10.csv,10____,12,9,1,C,Marios,143,3,4,452,1,0,0,0,0,0,0,0,0
Acquisition_Day10,CRFAcquisitionDay10B,CRFAcquisitionDay10B_Rat10.csv,10____,12,9,1,C,Marios,143,3,4,453,2,0,0,0,0,2,0.520000000000039,0,0
Acquisition_Day10,CRFAcquisitionDay10B,CRFAcquisitionDay10B_Rat10.csv,10____,12,9,1,C,Marios,143,3,4,454,3,0,0,0,0,1,0.5,0,0
Acquisition_Day10,CRFAcquisitionDay10B,CRFAcquisitionDay10B_Rat10.csv,10____,12,9,1,C,Marios,143,3,4,455,4,0,0,0,0,1,0.220000000000027,0,0
Acquisition_Day10,CRFAcquisitionDay10B,CRFAcquisitionDay10B_Rat10.csv,10____,12,9,1,C,Marios,143,3,4,456,5,0,0,0,0,0,1,0,0
Acquisition_Day10,CRFAcquisitionDay10B,CRFAcquisitionDay10B_Rat10.csv,10____,12,9,1,C,Marios,143,3,4,457,6,0,0,0,0,0,1,0,0
Acquisition_Day10,CRFAcquisitionDay10B,CRFAcquisitionDay10B_Rat10.csv,10____,12,9,1,C,Marios,143,3,4,458,7,0,0,0,0,1,0.519999999999982,0,0
Acquisition_Day10,CRFAcquisitionDay10B,CRFAcquisitionDay10B_Rat10.csv,10____,12,9,1,C,Marios,143,3,4,459,8,0,0,0,0,0,1,0,0
Acquisition_Day10,CRFAcquisitionDay10B,CRFAcquisitionDay10B_Rat10.csv,10____,12,9,1,C,Marios,143,3,4,460,9,0,0,0,0,0,1,0,0
Acquisition_Day10,CRFAcquisitionDay10B,CRFAcquisitionDay10B_Rat10.csv,10____,12,9,1,C,Marios,143,3,4,461,10,0,0,0,0,0,1,0,0
Acquisition_Day10,CRFAcquisitionDay10B,CRFAcquisitionDay10B_Rat10.csv,10____,12,9,1,C,Marios,143,3,8,462,1,0,0,0,0,0,1,0,0
Acquisition_Day10,CRFAcquisitionDay10B,CRFAcquisitionDay10B_Rat10.csv,10____,12,9,1,C,Marios,143,3,8,463,2,0,0,0,0,0,1,0,0
Acquisition_Day10,CRFAcquisitionDay10B,CRFAcquisitionDay10B_Rat10.csv,10____,12,9,1,C,Marios,143,3,8,464,3,0,0,0,0,0,0,0,0
Acquisition_Day10,CRFAcquisitionDay10B,CRFAcquisitionDay10B_Rat10.csv,10____,12,9,1,C,Marios,143,3,8,465,4,0,0,0,0,0,0,0,0
Acquisition_Day10,CRFAcquisitionDay10B,CRFAcquisitionDay10B_Rat10.csv,10____,12,9,1,C,Marios,143,3,8,466,5,0,0,0,0,0,0,0,0
Acquisition_Day10,CRFAcquisitionDay10B,CRFAcquisitionDay10B_Rat10.csv,10____,12,9,1,C,Marios,143,3,8,467,6,0,0,0,0,0,0,0,0
Acquisition_Day10,CRFAcquisitionDay10B,CRFAcquisitionDay10B_Rat10.csv,10____,12,9,1,C,Marios,143,3,8,468,7,0,0,0,0,0,0,0,0
Acquisition_Day10,CRFAcquisitionDay10B,CRFAcquisitionDay10B_Rat10.csv,10____,12,9,1,C,Marios,143,3,8,469,8,0,0,0,0,0,0,0,0
Acquisition_Day10,CRFAcquisitionDay10B,CRFAcquisitionDay10B_Rat10.csv,10____,12,9,1,C,Marios,143,3,8,470,9,0,0,0,0,0,0,0,0
Acquisition_Day10,CRFAcquisitionDay10B,CRFAcquisitionDay10B_Rat10.csv,10____,12,9,1,C,Marios,143,3,8,471,10,0,0,0,0,1,0.639999999999986,0,0
Acquisition_Day10,CRFAcquisitionDay10B,CRFAcquisitionDay10B_Rat10.csv,10____,12,9,1,C,Marios,143,4,2,770,1,0,0,0,0,0,0,0,0
Acquisition_Day10,CRFAcquisitionDay10B,CRFAcquisitionDay10B_Rat10.csv,10____,12,9,1,C,Marios,143,4,2,771,2,0,0,0,0,0,0,0,0
Acquisition_Day10,CRFAcquisitionDay10B,CRFAcquisitionDay10B_Rat10.csv,10____,12,9,1,C,Marios,143,4,2,772,3,0,0,0,0,0,0,0,0
Acquisition_Day10,CRFAcquisitionDay10B,CRFAcquisitionDay10B_Rat10.csv,10____,12,9,1,C,Marios,143,4,2,773,4,0,0,0,0,0,0,0,0
Acquisition_Day10,CRFAcquisitionDay10B,CRFAcquisitionDay10B_Rat10.csv,10____,12,9,1,C,Marios,143,4,2,774,5,0,0,0,0,0,0,0,0
Acquisition_Day10,CRFAcquisitionDay10B,CRFAcquisitionDay10B_Rat10.csv,10____,12,9,1,C,Marios,143,4,2,775,6,0,0,0,0,0,0,0,0
Acquisition_Day10,CRFAcquisitionDay10B,CRFAcquisitionDay10B_Rat10.csv,10____,12,9,1,C,Marios,143,4,2,776,7,0,0,0,0,0,0,0,0
Acquisition_Day10,CRFAcquisitionDay10B,CRFAcquisitionDay10B_Rat10.csv,10____,12,9,1,C,Marios,143,4,2,777,8,0,0,0,0,0,0,0,0
Acquisition_Day10,CRFAcquisitionDay10B,CRFAcquisitionDay10B_Rat10.csv,10____,12,9,1,C,Marios,143,4,2,778,9,0,0,0,0,0,0,0,0
Acquisition_Day10,CRFAcquisitionDay10B,CRFAcquisitionDay10B_Rat10.csv,10____,12,9,1,C,Marios,143,4,2,779,10,0,0,0,0,0,0,0,0
Acquisition_Day10,CRFAcquisitionDay10B,CRFAcquisitionDay10B_Rat10.csv,10____,12,9,1,C,Marios,143,4,6,780,1,0,0,0,0,1,0.600000000000023,0,0
Acquisition_Day10,CRFAcquisitionDay10B,CRFAcquisitionDay10B_Rat10.csv,10____,12,9,1,C,Marios,143,4,6,781,2,0,0,0,0,1,0.0599999999999454,0,0
Acquisition_Day10,CRFAcquisitionDay10B,CRFAcquisitionDay10B_Rat10.csv,10____,12,9,1,C,Marios,143,4,6,782,3,0,0,0,0,0,0,0,0
Acquisition_Day10,CRFAcquisitionDay10B,CRFAcquisitionDay10B_Rat10.csv,10____,12,9,1,C,Marios,143,4,6,783,4,0,0,0,0,1,0.159999999999968,0,0
Acquisition_Day10,CRFAcquisitionDay10B,CRFAcquisitionDay10B_Rat10.csv,10____,12,9,1,C,Marios,143,4,6,784,5,0,0,0,0,1,0.340000000000032,0,0
Acquisition_Day10,CRFAcquisitionDay10B,CRFAcquisitionDay10B_Rat10.csv,10____,12,9,1,C,Marios,143,4,6,785,6,0,0,0,0,1,0.200000000000045,0,0
Acquisition_Day10,CRFAcquisitionDay10B,CRFAcquisitionDay10B_Rat10.csv,10____,12,9,1,C,Marios,143,4,6,786,7,0,0,0,0,1,0.340000000000032,0,0
Acquisition_Day10,CRFAcquisitionDay10B,CRFAcquisitionDay10B_Rat10.csv,10____,12,9,1,C,Marios,143,4,6,787,8,0,0,0,0,1,0.539999999999964,0,0
Acquisition_Day10,CRFAcquisitionDay10B,CRFAcquisitionDay10B_Rat10.csv,10____,12,9,1,C,Marios,143,4,6,788,9,0,0,0,0,1,0.100000000000023,0,0
Acquisition_Day10,CRFAcquisitionDay10B,CRFAcquisitionDay10B_Rat10.csv,10____,12,9,1,C,Marios,143,4,6,789,10,0,0,0,0,0,1,0,0
Acquisition_Day10,CRFAcquisitionDay10B,CRFAcquisitionDay10B_Rat10.csv,10____,12,9,1,C,Marios,143,4,8,790,1,0,0,0,0,0,1,0,0
Acquisition_Day10,CRFAcquisitionDay10B,CRFAcquisitionDay10B_Rat10.csv,10____,12,9,1,C,Marios,143,4,8,791,2,0,0,0,0,0,1,0,0
Acquisition_Day10,CRFAcquisitionDay10B,CRFAcquisitionDay10B_Rat10.csv,10____,12,9,1,C,Marios,143,4,8,792,3,0,0,0,0,1,0.0599999999999454,0,0
Acquisition_Day10,CRFAcquisitionDay10B,CRFAcquisitionDay10B_Rat10.csv,10____,12,9,1,C,Marios,143,4,8,793,4,0,0,0,0,0,1,0,0
Acquisition_Day10,CRFAcquisitionDay10B,CRFAcquisitionDay10B_Rat10.csv,10____,12,9,1,C,Marios,143,4,8,794,5,0,0,0,0,2,0.200000000000045,0,0
Acquisition_Day10,CRFAcquisitionDay10B,CRFAcquisitionDay10B_Rat10.csv,10____,12,9,1,C,Marios,143,4,8,795,6,0,0,0,0,2,0.860000000000014,0,0
Acquisition_Day10,CRFAcquisitionDay10B,CRFAcquisitionDay10B_Rat10.csv,10____,12,9,1,C,Marios,143,4,8,796,7,0,0,0,0,2,0.399999999999977,0,0
Acquisition_Day10,CRFAcquisitionDay10B,CRFAcquisitionDay10B_Rat10.csv,10____,12,9,1,C,Marios,143,4,8,797,8,0,0,0,0,0,0,0,0
Acquisition_Day10,CRFAcquisitionDay10B,CRFAcquisitionDay10B_Rat10.csv,10____,12,9,1,C,Marios,143,4,8,798,9,0,0,0,0,4,0.559999999999945,0,0
Acquisition_Day10,CRFAcquisitionDay10B,CRFAcquisitionDay10B_Rat10.csv,10____,12,9,1,C,Marios,143,4,8,799,10,0,0,0,0,0,0,0,0
Acquisition_Day10,CRFAcquisitionDay10B,CRFAcquisitionDay10B_Rat10.csv,10____,12,9,1,C,Marios,143,5,2,1002,1,0,0,0,0,1,0.279999999999973,0,0
Acquisition_Day10,CRFAcquisitionDay10B,CRFAcquisitionDay10B_Rat10.csv,10____,12,9,1,C,Marios,143,5,2,1003,2,0,0,0,0,0,0,0,0
Acquisition_Day10,CRFAcquisitionDay10B,CRFAcquisitionDay10B_Rat10.csv,10____,12,9,1,C,Marios,143,5,2,1004,3,0,0,0,0,0,0,0,0
Acquisition_Day10,CRFAcquisitionDay10B,CRFAcquisitionDay10B_Rat10.csv,10____,12,9,1,C,Marios,143,5,2,1005,4,0,0,0,0,0,0,0,0
Acquisition_Day10,CRFAcquisitionDay10B,CRFAcquisitionDay10B_Rat10.csv,10____,12,9,1,C,Marios,143,5,2,1006,5,0,0,0,0,0,0,0,0
Acquisition_Day10,CRFAcquisitionDay10B,CRFAcquisitionDay10B_Rat10.csv,10____,12,9,1,C,Marios,143,5,2,1007,6,0,0,0,0,0,0,0,0
Acquisition_Day10,CRFAcquisitionDay10B,CRFAcquisitionDay10B_Rat10.csv,10____,12,9,1,C,Marios,143,5,2,1008,7,0,0,0,0,0,0,0,0
Acquisition_Day10,CRFAcquisitionDay10B,CRFAcquisitionDay10B_Rat10.csv,10____,12,9,1,C,Marios,143,5,2,1009,8,0,0,0,0,0,0,0,0
Acquisition_Day10,CRFAcquisitionDay10B,CRFAcquisitionDay10B_Rat10.csv,10____,12,9,1,C,Marios,143,5,2,1010,9,0,0,0,0,0,0,0,0
Acquisition_Day10,CRFAcquisitionDay10B,CRFAcquisitionDay10B_Rat10.csv,10____,12,9,1,C,Marios,143,5,2,1011,10,0,0,0,0,0,0,0,0
Acquisition_Day10,CRFAcquisitionDay10B,CRFAcquisitionDay10B_Rat10.csv,10____,12,9,1,C,Marios,143,5,4,1012,1,0,0,0,0,0,0,0,0
Acquisition_Day10,CRFAcquisitionDay10B,CRFAcquisitionDay10B_Rat10.csv,10____,12,9,1,C,Marios,143,5,4,1013,2,0,0,0,0,0,0,0,0
Acquisition_Day10,CRFAcquisitionDay10B,CRFAcquisitionDay10B_Rat10.csv,10____,12,9,1,C,Marios,143,5,4,1014,3,0,0,0,0,1,0.439999999999941,0,0
Acquisition_Day10,CRFAcquisitionDay10B,CRFAcquisitionDay10B_Rat10.csv,10____,12,9,1,C,Marios,143,5,4,1015,4,0,0,0,0,1,0.519999999999982,0,0
Acquisition_Day10,CRFAcquisitionDay10B,CRFAcquisitionDay10B_Rat10.csv,10____,12,9,1,C,Marios,143,5,4,1016,5,0,0,0,0,0,1,0,0
Acquisition_Day10,CRFAcquisitionDay10B,CRFAcquisitionDay10B_Rat10.csv,10____,12,9,1,C,Marios,143,5,4,1017,6,0,0,0,0,0,1,0,0
Acquisition_Day10,CRFAcquisitionDay10B,CRFAcquisitionDay10B_Rat10.csv,10____,12,9,1,C,Marios,143,5,4,1018,7,0,0,0,0,0,1,0,0
Acquisition_Day10,CRFAcquisitionDay10B,CRFAcquisitionDay10B_Rat10.csv,10____,12,9,1,C,Marios,143,5,4,1019,8,0,0,0,0,0,1,0,0
Acquisition_Day10,CRFAcquisitionDay10B,CRFAcquisitionDay10B_Rat10.csv,10____,12,9,1,C,Marios,143,5,4,1020,9,0,0,0,0,0,1,0,0
Acquisition_Day10,CRFAcquisitionDay10B,CRFAcquisitionDay10B_Rat10.csv,10____,12,9,1,C,Marios,143,5,4,1021,10,0,0,0,0,0,1,0,0
Acquisition_Day10,CRFAcquisitionDay10B,CRFAcquisitionDay10B_Rat10.csv,10____,12,9,1,C,Marios,143,5,8,1022,1,0,0,0,0,0,1,0,0
Acquisition_Day10,CRFAcquisitionDay10B,CRFAcquisitionDay10B_Rat10.csv,10____,12,9,1,C,Marios,143,5,8,1023,2,0,0,0,0,0,1,0,0
Acquisition_Day10,CRFAcquisitionDay10B,CRFAcquisitionDay10B_Rat10.csv,10____,12,9,1,C,Marios,143,5,8,1024,3,0,0,0,0,0,1,0,0
Acquisition_Day10,CRFAcquisitionDay10B,CRFAcquisitionDay10B_Rat10.csv,10____,12,9,1,C,Marios,143,5,8,1025,4,0,0,0,0,0,1,0,0
Acquisition_Day10,CRFAcquisitionDay10B,CRFAcquisitionDay10B_Rat10.csv,10____,12,9,1,C,Marios,143,5,8,1026,5,0,0,0,0,0,1,0,0
Acquisition_Day10,CRFAcquisitionDay10B,CRFAcquisitionDay10B_Rat10.csv,10____,12,9,1,C,Marios,143,5,8,1027,6,0,0,0,0,0,0,0,0
Acquisition_Day10,CRFAcquisitionDay10B,CRFAcquisitionDay10B_Rat10.csv,10____,12,9,1,C,Marios,143,5,8,1028,7,0,0,0,0,0,0,0,0
Acquisition_Day10,CRFAcquisitionDay10B,CRFAcquisitionDay10B_Rat10.csv,10____,12,9,1,C,Marios,143,5,8,1029,8,0,0,0,0,0,0,0,0
Acquisition_Day10,CRFAcquisitionDay10B,CRFAcquisitionDay10B_Rat10.csv,10____,12,9,1,C,Marios,143,5,8,1030,9,0,0,0,0,1,0.0399999999999636,0,0
Acquisition_Day10,CRFAcquisitionDay10B,CRFAcquisitionDay10B_Rat10.csv,10____,12,9,1,C,Marios,143,5,8,1031,10,0,0,0,0,2,0.259999999999991,0,0
Acquisition_Day10,CRFAcquisitionDay10B,CRFAcquisitionDay10B_Rat10.csv,10____,12,9,1,C,Marios,143,6,2,1314,1,0,0,0,0,0,0,0,0
Acquisition_Day10,CRFAcquisitionDay10B,CRFAcquisitionDay10B_Rat10.csv,10____,12,9,1,C,Marios,143,6,2,1315,2,0,0,0,0,0,0,0,0
Acquisition_Day10,CRFAcquisitionDay10B,CRFAcquisitionDay10B_Rat10.csv,10____,12,9,1,C,Marios,143,6,2,1316,3,0,0,0,0,0,0,0,0
Acquisition_Day10,CRFAcquisitionDay10B,CRFAcquisitionDay10B_Rat10.csv,10____,12,9,1,C,Marios,143,6,2,1317,4,0,0,0,0,0,0,0,0
Acquisition_Day10,CRFAcquisitionDay10B,CRFAcquisitionDay10B_Rat10.csv,10____,12,9,1,C,Marios,143,6,2,1318,5,0,0,0,0,0,0,0,0
Acquisition_Day10,CRFAcquisitionDay10B,CRFAcquisitionDay10B_Rat10.csv,10____,12,9,1,C,Marios,143,6,2,1319,6,0,0,0,0,0,0,0,0
Acquisition_Day10,CRFAcquisitionDay10B,CRFAcquisitionDay10B_Rat10.csv,10____,12,9,1,C,Marios,143,6,2,1320,7,0,0,0,0,0,0,0,0
Acquisition_Day10,CRFAcquisitionDay10B,CRFAcquisitionDay10B_Rat10.csv,10____,12,9,1,C,Marios,143,6,2,1321,8,0,0,0,0,0,0,0,0
Acquisition_Day10,CRFAcquisitionDay10B,CRFAcquisitionDay10B_Rat10.csv,10____,12,9,1,C,Marios,143,6,2,1322,9,0,0,0,0,0,0,0,0
Acquisition_Day10,CRFAcquisitionDay10B,CRFAcquisitionDay10B_Rat10.csv,10____,12,9,1,C,Marios,143,6,2,1323,10,0,0,0,0,0,0,0,0
Acquisition_Day10,CRFAcquisitionDay10B,CRFAcquisitionDay10B_Rat10.csv,10____,12,9,1,C,Marios,143,6,5,1324,1,0,0,0,0,0,0,0,0
Acquisition_Day10,CRFAcquisitionDay10B,CRFAcquisitionDay10B_Rat10.csv,10____,12,9,1,C,Marios,143,6,5,1325,2,0,0,0,0,1,0.700000000000045,0,0
Acquisition_Day10,CRFAcquisitionDay10B,CRFAcquisitionDay10B_Rat10.csv,10____,12,9,1,C,Marios,143,6,5,1326,3,0,0,0,0,0,0,0,0
Acquisition_Day10,CRFAcquisitionDay10B,CRFAcquisitionDay10B_Rat10.csv,10____,12,9,1,C,Marios,143,6,5,1327,4,0,0,0,0,1,0.680000000000064,0,0
Acquisition_Day10,CRFAcquisitionDay10B,CRFAcquisitionDay10B_Rat10.csv,10____,12,9,1,C,Marios,143,6,5,1328,5,0,0,0,0,1,0.0199999999999818,0,0
Acquisition_Day10,CRFAcquisitionDay10B,CRFAcquisitionDay10B_Rat10.csv,10____,12,9,1,C,Marios,143,6,5,1329,6,0,0,0,0,0,0,0,0
Acquisition_Day10,CRFAcquisitionDay10B,CRFAcquisitionDay10B_Rat10.csv,10____,12,9,1,C,Marios,143,6,5,1330,7,0,0,0,0,1,0.680000000000064,0,0
Acquisition_Day10,CRFAcquisitionDay10B,CRFAcquisitionDay10B_Rat10.csv,10____,12,9,1,C,Marios,143,6,5,1331,8,0,0,0,0,0,0,0,0
Acquisition_Day10,CRFAcquisitionDay10B,CRFAcquisitionDay10B_Rat10.csv,10____,12,9,1,C,Marios,143,6,5,1332,9,0,0,0,0,0,0,0,0
Acquisition_Day10,CRFAcquisitionDay10B,CRFAcquisitionDay10B_Rat10.csv,10____,12,9,1,C,Marios,143,6,5,1333,10,0,0,0,0,0,0,0,0
Acquisition_Day10,CRFAcquisitionDay10B,CRFAcquisitionDay10B_Rat10.csv,10____,12,9,1,C,Marios,143,6,7,1334,1,0,0,0,0,1,0.940000000000055,0,0
Acquisition_Day10,CRFAcquisitionDay10B,CRFAcquisitionDay10B_Rat10.csv,10____,12,9,1,C,Marios,143,6,7,1335,2,0,0,0,0,0,1,0,0
Acquisition_Day10,CRFAcquisitionDay10B,CRFAcquisitionDay10B_Rat10.csv,10____,12,9,1,C,Marios,143,6,7,1336,3,0,0,0,0,1,0.519999999999982,0,0
Acquisition_Day10,CRFAcquisitionDay10B,CRFAcquisitionDay10B_Rat10.csv,10____,12,9,1,C,Marios,143,6,7,1337,4,0,0,0,0,0,0,0,0
Acquisition_Day10,CRFAcquisitionDay10B,CRFAcquisitionDay10B_Rat10.csv,10____,12,9,1,C,Marios,143,6,7,1338,5,0,0,0,0,0,0,0,0
Acquisition_Day10,CRFAcquisitionDay10B,CRFAcquisitionDay10B_Rat10.csv,10____,12,9,1,C,Marios,143,6,7,1339,6,0,0,0,0,0,0,0,0
Acquisition_Day10,CRFAcquisitionDay10B,CRFAcquisitionDay10B_Rat10.csv,10____,12,9,1,C,Marios,143,6,7,1340,7,0,0,0,0,1,0.119999999999891,0,0
Acquisition_Day10,CRFAcquisitionDay10B,CRFAcquisitionDay10B_Rat10.csv,10____,12,9,1,C,Marios,143,6,7,1341,8,0,0,0,0,0,1,0,0
Acquisition_Day10,CRFAcquisitionDay10B,CRFAcquisitionDay10B_Rat10.csv,10____,12,9,1,C,Marios,143,6,7,1342,9,0,0,0,0,0,0,0,0
Acquisition_Day10,CRFAcquisitionDay10B,CRFAcquisitionDay10B_Rat10.csv,10____,12,9,1,C,Marios,143,6,7,1343,10,0,0,0,0,0,0,0,0
Acquisition_Day10,CRFAcquisitionDay10B,CRFAcquisitionDay10B_Rat10.csv,10____,12,9,1,C,Marios,143,7,2,1658,1,0,0,0,0,0,0,0,0
Acquisition_Day10,CRFAcquisitionDay10B,CRFAcquisitionDay10B_Rat10.csv,10____,12,9,1,C,Marios,143,7,2,1659,2,0,0,0,0,0,0,0,0
Acquisition_Day10,CRFAcquisitionDay10B,CRFAcquisitionDay10B_Rat10.csv,10____,12,9,1,C,Marios,143,7,2,1660,3,0,0,0,0,0,0,0,0
Acquisition_Day10,CRFAcquisitionDay10B,CRFAcquisitionDay10B_Rat10.csv,10____,12,9,1,C,Marios,143,7,2,1661,4,0,0,0,0,0,0,0,0
Acquisition_Day10,CRFAcquisitionDay10B,CRFAcquisitionDay10B_Rat10.csv,10____,12,9,1,C,Marios,143,7,2,1662,5,0,0,0,0,0,0,0,0
Acquisition_Day10,CRFAcquisitionDay10B,CRFAcquisitionDay10B_Rat10.csv,10____,12,9,1,C,Marios,143,7,2,1663,6,0,0,0,0,0,0,0,0
Acquisition_Day10,CRFAcquisitionDay10B,CRFAcquisitionDay10B_Rat10.csv,10____,12,9,1,C,Marios,143,7,2,1664,7,0,0,0,0,0,0,0,0
Acquisition_Day10,CRFAcquisitionDay10B,CRFAcquisitionDay10B_Rat10.csv,10____,12,9,1,C,Marios,143,7,2,1665,8,0,0,0,0,0,0,0,0
Acquisition_Day10,CRFAcquisitionDay10B,CRFAcquisitionDay10B_Rat10.csv,10____,12,9,1,C,Marios,143,7,2,1666,9,0,0,0,0,0,0,0,0
Acquisition_Day10,CRFAcquisitionDay10B,CRFAcquisitionDay10B_Rat10.csv,10____,12,9,1,C,Marios,143,7,2,1667,10,0,0,0,0,0,0,0,0
Acquisition_Day10,CRFAcquisitionDay10B,CRFAcquisitionDay10B_Rat10.csv,10____,12,9,1,C,Marios,143,7,6,1668,1,0,0,0,0,0,0,0,0
Acquisition_Day10,CRFAcquisitionDay10B,CRFAcquisitionDay10B_Rat10.csv,10____,12,9,1,C,Marios,143,7,6,1669,2,0,0,0,0,1,0.0599999999999454,0,0
Acquisition_Day10,CRFAcquisitionDay10B,CRFAcquisitionDay10B_Rat10.csv,10____,12,9,1,C,Marios,143,7,6,1670,3,0,0,0,0,0,0,0,0
Acquisition_Day10,CRFAcquisitionDay10B,CRFAcquisitionDay10B_Rat10.csv,10____,12,9,1,C,Marios,143,7,6,1671,4,0,0,0,0,1,0.839999999999918,0,0
Acquisition_Day10,CRFAcquisitionDay10B,CRFAcquisitionDay10B_Rat10.csv,10____,12,9,1,C,Marios,143,7,6,1672,5,0,0,0,0,1,0.0600000000001728,0,0
Acquisition_Day10,CRFAcquisitionDay10B,CRFAcquisitionDay10B_Rat10.csv,10____,12,9,1,C,Marios,143,7,6,1673,6,0,0,0,0,1,0.839999999999918,0,0
Acquisition_Day10,CRFAcquisitionDay10B,CRFAcquisitionDay10B_Rat10.csv,10____,12,9,1,C,Marios,143,7,6,1674,7,0,0,0,0,1,0.299999999999955,0,0
Acquisition_Day10,CRFAcquisitionDay10B,CRFAcquisitionDay10B_Rat10.csv,10____,12,9,1,C,Marios,143,7,6,1675,8,0,0,0,0,1,0.960000000000036,0,0
Acquisition_Day10,CRFAcquisitionDay10B,CRFAcquisitionDay10B_Rat10.csv,10____,12,9,1,C,Marios,143,7,6,1676,9,0,0,0,0,0,0,0,0
Acquisition_Day10,CRFAcquisitionDay10B,CRFAcquisitionDay10B_Rat10.csv,10____,12,9,1,C,Marios,143,7,6,1677,10,0,0,0,0,1,0.400000000000091,0,0
Acquisition_Day10,CRFAcquisitionDay10B,CRFAcquisitionDay10B_Rat10.csv,10____,12,9,1,C,Marios,143,7,9,1678,1,0,0,0,0,0,1,0,0
Acquisition_Day10,CRFAcquisitionDay10B,CRFAcquisitionDay10B_Rat10.csv,10____,12,9,1,C,Marios,143,7,9,1679,2,0,0,0,0,1,0.160000000000082,0,0
Acquisition_Day10,CRFAcquisitionDay10B,CRFAcquisitionDay10B_Rat10.csv,10____,12,9,1,C,Marios,143,7,9,1680,3,0,0,0,0,0,1,0,0
Acquisition_Day10,CRFAcquisitionDay10B,CRFAcquisitionDay10B_Rat10.csv,10____,12,9,1,C,Marios,143,7,9,1681,4,0,0,0,0,0,1,0,0
Acquisition_Day10,CRFAcquisitionDay10B,CRFAcquisitionDay10B_Rat10.csv,10____,12,9,1,C,Marios,143,7,9,1682,5,0,0,0,0,0,1,0,0
Acquisition_Day10,CRFAcquisitionDay10B,CRFAcquisitionDay10B_Rat10.csv,10____,12,9,1,C,Marios,143,7,9,1683,6,0,0,0,0,0,1,0,0
Acquisition_Day10,CRFAcquisitionDay10B,CRFAcquisitionDay10B_Rat10.csv,10____,12,9,1,C,Marios,143,7,9,1684,7,0,0,0,0,0,0,0,0
Acquisition_Day10,CRFAcquisitionDay10B,CRFAcquisitionDay10B_Rat10.csv,10____,12,9,1,C,Marios,143,7,9,1685,8,0,0,0,0,1,0.379999999999882,0,0
Acquisition_Day10,CRFAcquisitionDay10B,CRFAcquisitionDay10B_Rat10.csv,10____,12,9,1,C,Marios,143,7,9,1686,9,0,0,0,0,1,0.200000000000045,0,0
Acquisition_Day10,CRFAcquisitionDay10B,CRFAcquisitionDay10B_Rat10.csv,10____,12,9,1,C,Marios,143,7,9,1687,10,0,0,0,0,1,0.960000000000036,0,0
Acquisition_Day10,CRFAcquisitionDay10B,CRFAcquisitionDay10B_Rat10.csv,10____,12,9,1,C,Marios,143,8,2,1826,1,0,0,0,0,0,0,0,0
Acquisition_Day10,CRFAcquisitionDay10B,CRFAcquisitionDay10B_Rat10.csv,10____,12,9,1,C,Marios,143,8,2,1827,2,0,0,0,0,0,0,0,0
Acquisition_Day10,CRFAcquisitionDay10B,CRFAcquisitionDay10B_Rat10.csv,10____,12,9,1,C,Marios,143,8,2,1828,3,0,0,0,0,0,0,0,0
Acquisition_Day10,CRFAcquisitionDay10B,CRFAcquisitionDay10B_Rat10.csv,10____,12,9,1,C,Marios,143,8,2,1829,4,0,0,0,0,0,0,0,0
Acquisition_Day10,CRFAcquisitionDay10B,CRFAcquisitionDay10B_Rat10.csv,10____,12,9,1,C,Marios,143,8,2,1830,5,0,0,0,0,0,0,0,0
Acquisition_Day10,CRFAcquisitionDay10B,CRFAcquisitionDay10B_Rat10.csv,10____,12,9,1,C,Marios,143,8,2,1831,6,0,0,0,0,0,0,0,0
Acquisition_Day10,CRFAcquisitionDay10B,CRFAcquisitionDay10B_Rat10.csv,10____,12,9,1,C,Marios,143,8,2,1832,7,0,0,0,0,0,0,0,0
Acquisition_Day10,CRFAcquisitionDay10B,CRFAcquisitionDay10B_Rat10.csv,10____,12,9,1,C,Marios,143,8,2,1833,8,0,0,0,0,0,0,0,0
Acquisition_Day10,CRFAcquisitionDay10B,CRFAcquisitionDay10B_Rat10.csv,10____,12,9,1,C,Marios,143,8,2,1834,9,0,0,0,0,0,0,0,0
Acquisition_Day10,CRFAcquisitionDay10B,CRFAcquisitionDay10B_Rat10.csv,10____,12,9,1,C,Marios,143,8,2,1835,10,0,0,0,0,0,0,0,0
Acquisition_Day10,CRFAcquisitionDay10B,CRFAcquisitionDay10B_Rat10.csv,10____,12,9,1,C,Marios,143,8,3,1836,1,0,0,0,0,0,0,0,0
Acquisition_Day10,CRFAcquisitionDay10B,CRFAcquisitionDay10B_Rat10.csv,10____,12,9,1,C,Marios,143,8,3,1837,2,0,0,0,0,0,0,0,0
Acquisition_Day10,CRFAcquisitionDay10B,CRFAcquisitionDay10B_Rat10.csv,10____,12,9,1,C,Marios,143,8,3,1838,3,0,0,0,0,1,0.220000000000027,0,0
Acquisition_Day10,CRFAcquisitionDay10B,CRFAcquisitionDay10B_Rat10.csv,10____,12,9,1,C,Marios,143,8,3,1839,4,0,0,0,0,1,0.3599999999999,0,0
Acquisition_Day10,CRFAcquisitionDay10B,CRFAcquisitionDay10B_Rat10.csv,10____,12,9,1,C,Marios,143,8,3,1840,5,0,0,0,0,0,1,0,0
Acquisition_Day10,CRFAcquisitionDay10B,CRFAcquisitionDay10B_Rat10.csv,10____,12,9,1,C,Marios,143,8,3,1841,6,0,0,0,0,0,0,0,0
Acquisition_Day10,CRFAcquisitionDay10B,CRFAcquisitionDay10B_Rat10.csv,10____,12,9,1,C,Marios,143,8,3,1842,7,0,0,0,0,1,0.299999999999955,0,0
Acquisition_Day10,CRFAcquisitionDay10B,CRFAcquisitionDay10B_Rat10.csv,10____,12,9,1,C,Marios,143,8,3,1843,8,0,0,0,0,0,0,0,0
Acquisition_Day10,CRFAcquisitionDay10B,CRFAcquisitionDay10B_Rat10.csv,10____,12,9,1,C,Marios,143,8,3,1844,9,0,0,0,0,1,0.799999999999955,0,0
Acquisition_Day10,CRFAcquisitionDay10B,CRFAcquisitionDay10B_Rat10.csv,10____,12,9,1,C,Marios,143,8,3,1845,10,0,0,0,0,0,1,0,0
Acquisition_Day10,CRFAcquisitionDay10B,CRFAcquisitionDay10B_Rat10.csv,10____,12,9,1,C,Marios,143,8,7,1846,1,0,0,0,0,0,1,0,0
Acquisition_Day10,CRFAcquisitionDay10B,CRFAcquisitionDay10B_Rat10.csv,10____,12,9,1,C,Marios,143,8,7,1847,2,0,0,0,0,0,1,0,0
Acquisition_Day10,CRFAcquisitionDay10B,CRFAcquisitionDay10B_Rat10.csv,10____,12,9,1,C,Marios,143,8,7,1848,3,0,0,0,0,1,0.120000000000118,0,0
Acquisition_Day10,CRFAcquisitionDay10B,CRFAcquisitionDay10B_Rat10.csv,10____,12,9,1,C,Marios,143,8,7,1849,4,0,0,0,0,1,0.400000000000091,0,0
Acquisition_Day10,CRFAcquisitionDay10B,CRFAcquisitionDay10B_Rat10.csv,10____,12,9,1,C,Marios,143,8,7,1850,5,0,0,0,0,1,0.259999999999991,0,0
Acquisition_Day10,CRFAcquisitionDay10B,CRFAcquisitionDay10B_Rat10.csv,10____,12,9,1,C,Marios,143,8,7,1851,6,0,0,0,0,2,0.400000000000091,0,0
Acquisition_Day10,CRFAcquisitionDay10B,CRFAcquisitionDay10B_Rat10.csv,10____,12,9,1,C,Marios,143,8,7,1852,7,0,0,0,0,0,1,0,0
Acquisition_Day10,CRFAcquisitionDay10B,CRFAcquisitionDay10B_Rat10.csv,10____,12,9,1,C,Marios,143,8,7,1853,8,0,0,0,0,0,1,0,0
Acquisition_Day10,CRFAcquisitionDay10B,CRFAcquisitionDay10B_Rat10.csv,10____,12,9,1,C,Marios,143,8,7,1854,9,0,0,0,0,0,1,0,0
Acquisition_Day10,CRFAcquisitionDay10B,CRFAcquisitionDay10B_Rat10.csv,10____,12,9,1,C,Marios,143,8,7,1855,10,0,0,0,0,0,1,0,0
Acquisition_Day10,CRFAcquisitionDay10B,CRFAcquisitionDay10B_Rat10.csv,10____,12,9,1,C,Marios,143,9,2,2026,1,0,0,0,0,0,0,0,0
Acquisition_Day10,CRFAcquisitionDay10B,CRFAcquisitionDay10B_Rat10.csv,10____,12,9,1,C,Marios,143,9,2,2027,2,0,0,0,0,0,0,0,0
Acquisition_Day10,CRFAcquisitionDay10B,CRFAcquisitionDay10B_Rat10.csv,10____,12,9,1,C,Marios,143,9,2,2028,3,0,0,0,0,0,0,0,0
Acquisition_Day10,CRFAcquisitionDay10B,CRFAcquisitionDay10B_Rat10.csv,10____,12,9,1,C,Marios,143,9,2,2029,4,0,0,0,0,0,0,0,0
Acquisition_Day10,CRFAcquisitionDay10B,CRFAcquisitionDay10B_Rat10.csv,10____,12,9,1,C,Marios,143,9,2,2030,5,0,0,0,0,0,0,0,0
Acquisition_Day10,CRFAcquisitionDay10B,CRFAcquisitionDay10B_Rat10.csv,10____,12,9,1,C,Marios,143,9,2,2031,6,0,0,0,0,0,0,0,0
Acquisition_Day10,CRFAcquisitionDay10B,CRFAcquisitionDay10B_Rat10.csv,10____,12,9,1,C,Marios,143,9,2,2032,7,0,0,0,0,0,0,0,0
Acquisition_Day10,CRFAcquisitionDay10B,CRFAcquisitionDay10B_Rat10.csv,10____,12,9,1,C,Marios,143,9,2,2033,8,0,0,0,0,0,0,0,0
Acquisition_Day10,CRFAcquisitionDay10B,CRFAcquisitionDay10B_Rat10.csv,10____,12,9,1,C,Marios,143,9,2,2034,9,0,0,0,0,0,0,0,0
Acquisition_Day10,CRFAcquisitionDay10B,CRFAcquisitionDay10B_Rat10.csv,10____,12,9,1,C,Marios,143,9,2,2035,10,0,0,0,0,0,0,0,0
Acquisition_Day10,CRFAcquisitionDay10B,CRFAcquisitionDay10B_Rat10.csv,10____,12,9,1,C,Marios,143,9,3,2036,1,0,0,0,0,0,0,0,0
Acquisition_Day10,CRFAcquisitionDay10B,CRFAcquisitionDay10B_Rat10.csv,10____,12,9,1,C,Marios,143,9,3,2037,2,0,0,0,0,1,0.740000000000009,0,0
Acquisition_Day10,CRFAcquisitionDay10B,CRFAcquisitionDay10B_Rat10.csv,10____,12,9,1,C,Marios,143,9,3,2038,3,0,0,0,0,0,0,0,0
Acquisition_Day10,CRFAcquisitionDay10B,CRFAcquisitionDay10B_Rat10.csv,10____,12,9,1,C,Marios,143,9,3,2039,4,0,0,0,0,0,0,0,0
Acquisition_Day10,CRFAcquisitionDay10B,CRFAcquisitionDay10B_Rat10.csv,10____,12,9,1,C,Marios,143,9,3,2040,5,0,0,0,0,1,0.799999999999955,0,0
Acquisition_Day10,CRFAcquisitionDay10B,CRFAcquisitionDay10B_Rat10.csv,10____,12,9,1,C,Marios,143,9,3,2041,6,0,0,0,0,0,1,0,0
Acquisition_Day10,CRFAcquisitionDay10B,CRFAcquisitionDay10B_Rat10.csv,10____,12,9,1,C,Marios,143,9,3,2042,7,0,0,0,0,1,0.440000000000055,0,0
Acquisition_Day10,CRFAcquisitionDay10B,CRFAcquisitionDay10B_Rat10.csv,10____,12,9,1,C,Marios,143,9,3,2043,8,0,0,0,0,0,1,0,0
Acquisition_Day10,CRFAcquisitionDay10B,CRFAcquisitionDay10B_Rat10.csv,10____,12,9,1,C,Marios,143,9,3,2044,9,0,0,0,0,0,1,0,0
Acquisition_Day10,CRFAcquisitionDay10B,CRFAcquisitionDay10B_Rat10.csv,10____,12,9,1,C,Marios,143,9,3,2045,10,0,0,0,0,0,0,0,0
Acquisition_Day10,CRFAcquisitionDay10B,CRFAcquisitionDay10B_Rat10.csv,10____,12,9,1,C,Marios,143,9,7,2046,1,0,0,0,0,1,0.759999999999991,0,0
Acquisition_Day10,CRFAcquisitionDay10B,CRFAcquisitionDay10B_Rat10.csv,10____,12,9,1,C,Marios,143,9,7,2047,2,0,0,0,0,0,1,0,0
Acquisition_Day10,CRFAcquisitionDay10B,CRFAcquisitionDay10B_Rat10.csv,10____,12,9,1,C,Marios,143,9,7,2048,3,0,0,0,0,1,0.0399999999999636,0,0
Acquisition_Day10,CRFAcquisitionDay10B,CRFAcquisitionDay10B_Rat10.csv,10____,12,9,1,C,Marios,143,9,7,2049,4,0,0,0,0,0,0,0,0
Acquisition_Day10,CRFAcquisitionDay10B,CRFAcquisitionDay10B_Rat10.csv,10____,12,9,1,C,Marios,143,9,7,2050,5,0,0,0,0,0,0,0,0
Acquisition_Day10,CRFAcquisitionDay10B,CRFAcquisitionDay10B_Rat10.csv,10____,12,9,1,C,Marios,143,9,7,2051,6,0,0,0,0,1,0.800000000000182,0,0
Acquisition_Day10,CRFAcquisitionDay10B,CRFAcquisitionDay10B_Rat10.csv,10____,12,9,1,C,Marios,143,9,7,2052,7,0,0,0,0,0,1,0,0
Acquisition_Day10,CRFAcquisitionDay10B,CRFAcquisitionDay10B_Rat10.csv,10____,12,9,1,C,Marios,143,9,7,2053,8,0,0,0,0,0,1,0,0
Acquisition_Day10,CRFAcquisitionDay10B,CRFAcquisitionDay10B_Rat10.csv,10____,12,9,1,C,Marios,143,9,7,2054,9,0,0,0,0,0,1,0,0
Acquisition_Day10,CRFAcquisitionDay10B,CRFAcquisitionDay10B_Rat10.csv,10____,12,9,1,C,Marios,143,9,7,2055,10,0,0,0,0,0,1,0,0
Acquisition_Day10,CRFAcquisitionDay10B,CRFAcquisitionDay10B_Rat10.csv,10____,12,9,1,C,Marios,143,10,2,2386,1,0,0,0,0,0,0,0,0
Acquisition_Day10,CRFAcquisitionDay10B,CRFAcquisitionDay10B_Rat10.csv,10____,12,9,1,C,Marios,143,10,2,2387,2,0,0,0,0,0,0,0,0
Acquisition_Day10,CRFAcquisitionDay10B,CRFAcquisitionDay10B_Rat10.csv,10____,12,9,1,C,Marios,143,10,2,2388,3,0,0,0,0,0,0,0,0
Acquisition_Day10,CRFAcquisitionDay10B,CRFAcquisitionDay10B_Rat10.csv,10____,12,9,1,C,Marios,143,10,2,2389,4,0,0,0,0,0,0,0,0
Acquisition_Day10,CRFAcquisitionDay10B,CRFAcquisitionDay10B_Rat10.csv,10____,12,9,1,C,Marios,143,10,2,2390,5,0,0,0,0,0,0,0,0
Acquisition_Day10,CRFAcquisitionDay10B,CRFAcquisitionDay10B_Rat10.csv,10____,12,9,1,C,Marios,143,10,2,2391,6,0,0,0,0,0,0,0,0
Acquisition_Day10,CRFAcquisitionDay10B,CRFAcquisitionDay10B_Rat10.csv,10____,12,9,1,C,Marios,143,10,2,2392,7,0,0,0,0,0,0,0,0
Acquisition_Day10,CRFAcquisitionDay10B,CRFAcquisitionDay10B_Rat10.csv,10____,12,9,1,C,Marios,143,10,2,2393,8,0,0,0,0,0,0,0,0
Acquisition_Day10,CRFAcquisitionDay10B,CRFAcquisitionDay10B_Rat10.csv,10____,12,9,1,C,Marios,143,10,2,2394,9,0,0,0,0,0,0,0,0
Acquisition_Day10,CRFAcquisitionDay10B,CRFAcquisitionDay10B_Rat10.csv,10____,12,9,1,C,Marios,143,10,2,2395,10,0,0,0,0,0,0,0,0
Acquisition_Day10,CRFAcquisitionDay10B,CRFAcquisitionDay10B_Rat10.csv,10____,12,9,1,C,Marios,143,10,5,2396,1,0,0,0,0,0,0,0,0
Acquisition_Day10,CRFAcquisitionDay10B,CRFAcquisitionDay10B_Rat10.csv,10____,12,9,1,C,Marios,143,10,5,2397,2,0,0,0,0,0,0,0,0
Acquisition_Day10,CRFAcquisitionDay10B,CRFAcquisitionDay10B_Rat10.csv,10____,12,9,1,C,Marios,143,10,5,2398,3,0,0,0,0,0,0,0,0
Acquisition_Day10,CRFAcquisitionDay10B,CRFAcquisitionDay10B_Rat10.csv,10____,12,9,1,C,Marios,143,10,5,2399,4,0,0,0,0,0,0,0,0
Acquisition_Day10,CRFAcquisitionDay10B,CRFAcquisitionDay10B_Rat10.csv,10____,12,9,1,C,Marios,143,10,5,2400,5,0,0,0,0,0,0,0,0
Acquisition_Day10,CRFAcquisitionDay10B,CRFAcquisitionDay10B_Rat10.csv,10____,12,9,1,C,Marios,143,10,5,2401,6,0,0,0,0,2,0.659999999999854,0,0
Acquisition_Day10,CRFAcquisitionDay10B,CRFAcquisitionDay10B_Rat10.csv,10____,12,9,1,C,Marios,143,10,5,2402,7,0,0,0,0,1,0.480000000000018,0,0
Acquisition_Day10,CRFAcquisitionDay10B,CRFAcquisitionDay10B_Rat10.csv,10____,12,9,1,C,Marios,143,10,5,2403,8,0,0,0,0,0,0,0,0
Acquisition_Day10,CRFAcquisitionDay10B,CRFAcquisitionDay10B_Rat10.csv,10____,12,9,1,C,Marios,143,10,5,2404,9,0,0,0,0,0,0,0,0
Acquisition_Day10,CRFAcquisitionDay10B,CRFAcquisitionDay10B_Rat10.csv,10____,12,9,1,C,Marios,143,10,5,2405,10,0,0,0,0,2,0.660000000000309,0,0
Acquisition_Day10,CRFAcquisitionDay10B,CRFAcquisitionDay10B_Rat10.csv,10____,12,9,1,C,Marios,143,10,7,2406,1,0,0,0,0,0,1,0,0
Acquisition_Day10,CRFAcquisitionDay10B,CRFAcquisitionDay10B_Rat10.csv,10____,12,9,1,C,Marios,143,10,7,2407,2,0,0,0,0,0,1,0,0
Acquisition_Day10,CRFAcquisitionDay10B,CRFAcquisitionDay10B_Rat10.csv,10____,12,9,1,C,Marios,143,10,7,2408,3,0,0,0,0,0,0,0,0
Acquisition_Day10,CRFAcquisitionDay10B,CRFAcquisitionDay10B_Rat10.csv,10____,12,9,1,C,Marios,143,10,7,2409,4,0,0,0,0,1,0.320000000000164,0,0
Acquisition_Day10,CRFAcquisitionDay10B,CRFAcquisitionDay10B_Rat10.csv,10____,12,9,1,C,Marios,143,10,7,2410,5,0,0,0,0,0,0,0,0
Acquisition_Day10,CRFAcquisitionDay10B,CRFAcquisitionDay10B_Rat10.csv,10____,12,9,1,C,Marios,143,10,7,2411,6,0,0,0,0,0,0,0,0
Acquisition_Day10,CRFAcquisitionDay10B,CRFAcquisitionDay10B_Rat10.csv,10____,12,9,1,C,Marios,143,10,7,2412,7,0,0,0,0,1,0.640000000000327,0,0
Acquisition_Day10,CRFAcquisitionDay10B,CRFAcquisitionDay10B_Rat10.csv,10____,12,9,1,C,Marios,143,10,7,2413,8,0,0,0,0,1,0.639999999999873,0,0
Acquisition_Day10,CRFAcquisitionDay10B,CRFAcquisitionDay10B_Rat10.csv,10____,12,9,1,C,Marios,143,10,7,2414,9,0,0,0,0,0,1,0,0
Acquisition_Day10,CRFAcquisitionDay10B,CRFAcquisitionDay10B_Rat10.csv,10____,12,9,1,C,Marios,143,10,7,2415,10,0,0,0,0,0,1,0,0
Acquisition_Day10,CRFAcquisitionDay10B,CRFAcquisitionDay10B_Rat10.csv,10____,12,9,1,C,Marios,143,11,2,2634,1,0,0,0,0,0,0,0,0
Acquisition_Day10,CRFAcquisitionDay10B,CRFAcquisitionDay10B_Rat10.csv,10____,12,9,1,C,Marios,143,11,2,2635,2,0,0,0,0,0,0,0,0
Acquisition_Day10,CRFAcquisitionDay10B,CRFAcquisitionDay10B_Rat10.csv,10____,12,9,1,C,Marios,143,11,2,2636,3,0,0,0,0,0,0,0,0
Acquisition_Day10,CRFAcquisitionDay10B,CRFAcquisitionDay10B_Rat10.csv,10____,12,9,1,C,Marios,143,11,2,2637,4,0,0,0,0,0,0,0,0
Acquisition_Day10,CRFAcquisitionDay10B,CRFAcquisitionDay10B_Rat10.csv,10____,12,9,1,C,Marios,143,11,2,2638,5,0,0,0,0,0,0,0,0
Acquisition_Day10,CRFAcquisitionDay10B,CRFAcquisitionDay10B_Rat10.csv,10____,12,9,1,C,Marios,143,11,2,2639,6,0,0,0,0,0,0,0,0
Acquisition_Day10,CRFAcquisitionDay10B,CRFAcquisitionDay10B_Rat10.csv,10____,12,9,1,C,Marios,143,11,2,2640,7,0,0,0,0,0,0,0,0
Acquisition_Day10,CRFAcquisitionDay10B,CRFAcquisitionDay10B_Rat10.csv,10____,12,9,1,C,Marios,143,11,2,2641,8,0,0,0,0,0,0,0,0
Acquisition_Day10,CRFAcquisitionDay10B,CRFAcquisitionDay10B_Rat10.csv,10____,12,9,1,C,Marios,143,11,2,2642,9,0,0,0,0,0,0,0,0
Acquisition_Day10,CRFAcquisitionDay10B,CRFAcquisitionDay10B_Rat10.csv,10____,12,9,1,C,Marios,143,11,2,2643,10,0,0,0,0,0,0,0,0
Acquisition_Day10,CRFAcquisitionDay10B,CRFAcquisitionDay10B_Rat10.csv,10____,12,9,1,C,Marios,143,11,4,2644,1,0,0,0,0,0,0,0,0
Acquisition_Day10,CRFAcquisitionDay10B,CRFAcquisitionDay10B_Rat10.csv,10____,12,9,1,C,Marios,143,11,4,2645,2,0,0,0,0,0,0,0,0
Acquisition_Day10,CRFAcquisitionDay10B,CRFAcquisitionDay10B_Rat10.csv,10____,12,9,1,C,Marios,143,11,4,2646,3,0,0,0,0,0,0,0,0
Acquisition_Day10,CRFAcquisitionDay10B,CRFAcquisitionDay10B_Rat10.csv,10____,12,9,1,C,Marios,143,11,4,2647,4,0,0,0,0,1,0.2800000000002,0,0
Acquisition_Day10,CRFAcquisitionDay10B,CRFAcquisitionDay10B_Rat10.csv,10____,12,9,1,C,Marios,143,11,4,2648,5,0,0,0,0,2,0.880000000000109,0,0
Acquisition_Day10,CRFAcquisitionDay10B,CRFAcquisitionDay10B_Rat10.csv,10____,12,9,1,C,Marios,143,11,4,2649,6,0,0,0,0,1,0.739999999999782,0,0
Acquisition_Day10,CRFAcquisitionDay10B,CRFAcquisitionDay10B_Rat10.csv,10____,12,9,1,C,Marios,143,11,4,2650,7,0,0,0,0,0,1,0,0
Acquisition_Day10,CRFAcquisitionDay10B,CRFAcquisitionDay10B_Rat10.csv,10____,12,9,1,C,Marios,143,11,4,2651,8,0,0,0,0,1,0.400000000000091,0,0
Acquisition_Day10,CRFAcquisitionDay10B,CRFAcquisitionDay10B_Rat10.csv,10____,12,9,1,C,Marios,143,11,4,2652,9,0,0,0,0,0,1,0,0
Acquisition_Day10,CRFAcquisitionDay10B,CRFAcquisitionDay10B_Rat10.csv,10____,12,9,1,C,Marios,143,11,4,2653,10,0,0,0,0,0,1,0,0
Acquisition_Day10,CRFAcquisitionDay10B,CRFAcquisitionDay10B_Rat10.csv,10____,12,9,1,C,Marios,143,11,8,2654,1,0,0,0,0,0,1,0,0
Acquisition_Day10,CRFAcquisitionDay10B,CRFAcquisitionDay10B_Rat10.csv,10____,12,9,1,C,Marios,143,11,8,2655,2,0,0,0,0,0,1,0,0
Acquisition_Day10,CRFAcquisitionDay10B,CRFAcquisitionDay10B_Rat10.csv,10____,12,9,1,C,Marios,143,11,8,2656,3,0,0,0,0,0,1,0,0
Acquisition_Day10,CRFAcquisitionDay10B,CRFAcquisitionDay10B_Rat10.csv,10____,12,9,1,C,Marios,143,11,8,2657,4,0,0,0,0,0,1,0,0
Acquisition_Day10,CRFAcquisitionDay10B,CRFAcquisitionDay10B_Rat10.csv,10____,12,9,1,C,Marios,143,11,8,2658,5,0,0,0,0,1,0.0199999999999818,0,0
Acquisition_Day10,CRFAcquisitionDay10B,CRFAcquisitionDay10B_Rat10.csv,10____,12,9,1,C,Marios,143,11,8,2659,6,0,0,0,0,2,0.519999999999982,0,0
Acquisition_Day10,CRFAcquisitionDay10B,CRFAcquisitionDay10B_Rat10.csv,10____,12,9,1,C,Marios,143,11,8,2660,7,0,0,0,0,0,1,0,0
Acquisition_Day10,CRFAcquisitionDay10B,CRFAcquisitionDay10B_Rat10.csv,10____,12,9,1,C,Marios,143,11,8,2661,8,0,0,0,0,0,1,0,0
Acquisition_Day10,CRFAcquisitionDay10B,CRFAcquisitionDay10B_Rat10.csv,10____,12,9,1,C,Marios,143,11,8,2662,9,0,0,0,0,0,1,0,0
Acquisition_Day10,CRFAcquisitionDay10B,CRFAcquisitionDay10B_Rat10.csv,10____,12,9,1,C,Marios,143,11,8,2663,10,0,0,0,0,0,0,0,0
Acquisition_Day10,CRFAcquisitionDay10B,CRFAcquisitionDay10B_Rat10.csv,10____,12,9,1,C,Marios,143,12,2,2786,1,0,0,0,0,0,0,0,0
Acquisition_Day10,CRFAcquisitionDay10B,CRFAcquisitionDay10B_Rat10.csv,10____,12,9,1,C,Marios,143,12,2,2787,2,0,0,0,0,0,0,0,0
Acquisition_Day10,CRFAcquisitionDay10B,CRFAcquisitionDay10B_Rat10.csv,10____,12,9,1,C,Marios,143,12,2,2788,3,0,0,0,0,0,0,0,0
Acquisition_Day10,CRFAcquisitionDay10B,CRFAcquisitionDay10B_Rat10.csv,10____,12,9,1,C,Marios,143,12,2,2789,4,0,0,0,0,1,0.0399999999999636,0,0
Acquisition_Day10,CRFAcquisitionDay10B,CRFAcquisitionDay10B_Rat10.csv,10____,12,9,1,C,Marios,143,12,2,2790,5,0,0,0,0,0,0,0,0
Acquisition_Day10,CRFAcquisitionDay10B,CRFAcquisitionDay10B_Rat10.csv,10____,12,9,1,C,Marios,143,12,2,2791,6,0,0,0,0,0,0,0,0
Acquisition_Day10,CRFAcquisitionDay10B,CRFAcquisitionDay10B_Rat10.csv,10____,12,9,1,C,Marios,143,12,2,2792,7,0,0,0,0,0,0,0,0
Acquisition_Day10,CRFAcquisitionDay10B,CRFAcquisitionDay10B_Rat10.csv,10____,12,9,1,C,Marios,143,12,2,2793,8,0,0,0,0,0,0,0,0
Acquisition_Day10,CRFAcquisitionDay10B,CRFAcquisitionDay10B_Rat10.csv,10____,12,9,1,C,Marios,143,12,2,2794,9,0,0,0,0,0,0,0,0
Acquisition_Day10,CRFAcquisitionDay10B,CRFAcquisitionDay10B_Rat10.csv,10____,12,9,1,C,Marios,143,12,2,2795,10,0,0,0,0,0,0,0,0
Acquisition_Day10,CRFAcquisitionDay10B,CRFAcquisitionDay10B_Rat10.csv,10____,12,9,1,C,Marios,143,12,6,2796,1,0,0,0,0,0,0,0,0
Acquisition_Day10,CRFAcquisitionDay10B,CRFAcquisitionDay10B_Rat10.csv,10____,12,9,1,C,Marios,143,12,6,2797,2,0,0,0,0,0,0,0,0
Acquisition_Day10,CRFAcquisitionDay10B,CRFAcquisitionDay10B_Rat10.csv,10____,12,9,1,C,Marios,143,12,6,2798,3,0,0,0,0,0,0,0,0
Acquisition_Day10,CRFAcquisitionDay10B,CRFAcquisitionDay10B_Rat10.csv,10____,12,9,1,C,Marios,143,12,6,2799,4,0,0,0,0,1,1,0,0
Acquisition_Day10,CRFAcquisitionDay10B,CRFAcquisitionDay10B_Rat10.csv,10____,12,9,1,C,Marios,143,12,6,2800,5,0,0,0,0,1,0.679999999999836,0,0
Acquisition_Day10,CRFAcquisitionDay10B,CRFAcquisitionDay10B_Rat10.csv,10____,12,9,1,C,Marios,143,12,6,2801,6,0,0,0,0,0,0,0,0
Acquisition_Day10,CRFAcquisitionDay10B,CRFAcquisitionDay10B_Rat10.csv,10____,12,9,1,C,Marios,143,12,6,2802,7,0,0,0,0,1,0.2800000000002,0,0
Acquisition_Day10,CRFAcquisitionDay10B,CRFAcquisitionDay10B_Rat10.csv,10____,12,9,1,C,Marios,143,12,6,2803,8,0,0,0,0,0,0,0,0
Acquisition_Day10,CRFAcquisitionDay10B,CRFAcquisitionDay10B_Rat10.csv,10____,12,9,1,C,Marios,143,12,6,2804,9,0,0,0,0,2,0.0999999999999091,0,0
Acquisition_Day10,CRFAcquisitionDay10B,CRFAcquisitionDay10B_Rat10.csv,10____,12,9,1,C,Marios,143,12,6,2805,10,0,0,0,0,1,0.639999999999873,0,0
Acquisition_Day10,CRFAcquisitionDay10B,CRFAcquisitionDay10B_Rat10.csv,10____,12,9,1,C,Marios,143,12,9,2806,1,0,0,0,0,0,1,0,0
Acquisition_Day10,CRFAcquisitionDay10B,CRFAcquisitionDay10B_Rat10.csv,10____,12,9,1,C,Marios,143,12,9,2807,2,0,0,0,0,0,1,0,0
Acquisition_Day10,CRFAcquisitionDay10B,CRFAcquisitionDay10B_Rat10.csv,10____,12,9,1,C,Marios,143,12,9,2808,3,0,0,0,0,0,1,0,0
Acquisition_Day10,CRFAcquisitionDay10B,CRFAcquisitionDay10B_Rat10.csv,10____,12,9,1,C,Marios,143,12,9,2809,4,0,0,0,0,0,0,0,0
Acquisition_Day10,CRFAcquisitionDay10B,CRFAcquisitionDay10B_Rat10.csv,10____,12,9,1,C,Marios,143,12,9,2810,5,0,0,0,0,0,0,0,0
Acquisition_Day10,CRFAcquisitionDay10B,CRFAcquisitionDay10B_Rat10.csv,10____,12,9,1,C,Marios,143,12,9,2811,6,0,0,0,0,1,0.840000000000146,0,0
Acquisition_Day10,CRFAcquisitionDay10B,CRFAcquisitionDay10B_Rat10.csv,10____,12,9,1,C,Marios,143,12,9,2812,7,0,0,0,0,1,0.659999999999854,0,0
Acquisition_Day10,CRFAcquisitionDay10B,CRFAcquisitionDay10B_Rat10.csv,10____,12,9,1,C,Marios,143,12,9,2813,8,0,0,0,0,1,0.340000000000146,0,0
Acquisition_Day10,CRFAcquisitionDay10B,CRFAcquisitionDay10B_Rat10.csv,10____,12,9,1,C,Marios,143,12,9,2814,9,0,0,0,0,0,0,0,0
Acquisition_Day10,CRFAcquisitionDay10B,CRFAcquisitionDay10B_Rat10.csv,10____,12,9,1,C,Marios,143,12,9,2815,10,0,0,0,0,0,0,0,0
Acquisition_Day10,CRFAcquisitionDay10B,CRFAcquisitionDay10B_Rat10.csv,10____,12,9,1,C,Marios,143,13,2,3082,1,0,0,0,0,0,0,0,0
Acquisition_Day10,CRFAcquisitionDay10B,CRFAcquisitionDay10B_Rat10.csv,10____,12,9,1,C,Marios,143,13,2,3083,2,0,0,0,0,0,0,0,0
Acquisition_Day10,CRFAcquisitionDay10B,CRFAcquisitionDay10B_Rat10.csv,10____,12,9,1,C,Marios,143,13,2,3084,3,0,0,0,0,0,0,0,0
Acquisition_Day10,CRFAcquisitionDay10B,CRFAcquisitionDay10B_Rat10.csv,10____,12,9,1,C,Marios,143,13,2,3085,4,0,0,0,0,0,0,0,0
Acquisition_Day10,CRFAcquisitionDay10B,CRFAcquisitionDay10B_Rat10.csv,10____,12,9,1,C,Marios,143,13,2,3086,5,0,0,0,0,0,0,0,0
Acquisition_Day10,CRFAcquisitionDay10B,CRFAcquisitionDay10B_Rat10.csv,10____,12,9,1,C,Marios,143,13,2,3087,6,0,0,0,0,0,0,0,0
Acquisition_Day10,CRFAcquisitionDay10B,CRFAcquisitionDay10B_Rat10.csv,10____,12,9,1,C,Marios,143,13,2,3088,7,0,0,0,0,0,0,0,0
Acquisition_Day10,CRFAcquisitionDay10B,CRFAcquisitionDay10B_Rat10.csv,10____,12,9,1,C,Marios,143,13,2,3089,8,0,0,0,0,0,0,0,0
Acquisition_Day10,CRFAcquisitionDay10B,CRFAcquisitionDay10B_Rat10.csv,10____,12,9,1,C,Marios,143,13,2,3090,9,0,0,0,0,0,0,0,0
Acquisition_Day10,CRFAcquisitionDay10B,CRFAcquisitionDay10B_Rat10.csv,10____,12,9,1,C,Marios,143,13,2,3091,10,0,0,0,0,0,0,0,0
Acquisition_Day10,CRFAcquisitionDay10B,CRFAcquisitionDay10B_Rat10.csv,10____,12,9,1,C,Marios,143,13,4,3092,1,0,0,0,0,1,0.480000000000018,0,0
Acquisition_Day10,CRFAcquisitionDay10B,CRFAcquisitionDay10B_Rat10.csv,10____,12,9,1,C,Marios,143,13,4,3093,2,0,0,0,0,2,0.579999999999927,0,0
Acquisition_Day10,CRFAcquisitionDay10B,CRFAcquisitionDay10B_Rat10.csv,10____,12,9,1,C,Marios,143,13,4,3094,3,0,0,0,0,1,0.119999999999891,0,0
Acquisition_Day10,CRFAcquisitionDay10B,CRFAcquisitionDay10B_Rat10.csv,10____,12,9,1,C,Marios,143,13,4,3095,4,0,0,0,0,0,0,0,0
Acquisition_Day10,CRFAcquisitionDay10B,CRFAcquisitionDay10B_Rat10.csv,10____,12,9,1,C,Marios,143,13,4,3096,5,0,0,0,0,1,0.960000000000036,0,0
Acquisition_Day10,CRFAcquisitionDay10B,CRFAcquisitionDay10B_Rat10.csv,10____,12,9,1,C,Marios,143,13,4,3097,6,0,0,0,0,0,1,0,0
Acquisition_Day10,CRFAcquisitionDay10B,CRFAcquisitionDay10B_Rat10.csv,10____,12,9,1,C,Marios,143,13,4,3098,7,0,0,0,0,1,0.320000000000164,0,0
Acquisition_Day10,CRFAcquisitionDay10B,CRFAcquisitionDay10B_Rat10.csv,10____,12,9,1,C,Marios,143,13,4,3099,8,0,0,0,0,0,1,0,0
Acquisition_Day10,CRFAcquisitionDay10B,CRFAcquisitionDay10B_Rat10.csv,10____,12,9,1,C,Marios,143,13,4,3100,9,0,0,0,0,0,1,0,0
Acquisition_Day10,CRFAcquisitionDay10B,CRFAcquisitionDay10B_Rat10.csv,10____,12,9,1,C,Marios,143,13,4,3101,10,0,0,0,0,1,0.539999999999964,0,0
Acquisition_Day10,CRFAcquisitionDay10B,CRFAcquisitionDay10B_Rat10.csv,10____,12,9,1,C,Marios,143,13,8,3102,1,0,0,0,0,0,1,0,0
Acquisition_Day10,CRFAcquisitionDay10B,CRFAcquisitionDay10B_Rat10.csv,10____,12,9,1,C,Marios,143,13,8,3103,2,0,0,0,0,0,1,0,0
Acquisition_Day10,CRFAcquisitionDay10B,CRFAcquisitionDay10B_Rat10.csv,10____,12,9,1,C,Marios,143,13,8,3104,3,0,0,0,0,0,1,0,0
Acquisition_Day10,CRFAcquisitionDay10B,CRFAcquisitionDay10B_Rat10.csv,10____,12,9,1,C,Marios,143,13,8,3105,4,0,0,0,0,0,0,0,0
Acquisition_Day10,CRFAcquisitionDay10B,CRFAcquisitionDay10B_Rat10.csv,10____,12,9,1,C,Marios,143,13,8,3106,5,0,0,0,0,3,0.920000000000073,0,0
Acquisition_Day10,CRFAcquisitionDay10B,CRFAcquisitionDay10B_Rat10.csv,10____,12,9,1,C,Marios,143,13,8,3107,6,0,0,0,0,1,0.800000000000182,0,0
Acquisition_Day10,CRFAcquisitionDay10B,CRFAcquisitionDay10B_Rat10.csv,10____,12,9,1,C,Marios,143,13,8,3108,7,0,0,0,0,0,0,0,0
Acquisition_Day10,CRFAcquisitionDay10B,CRFAcquisitionDay10B_Rat10.csv,10____,12,9,1,C,Marios,143,13,8,3109,8,0,0,0,0,0,0,0,0
Acquisition_Day10,CRFAcquisitionDay10B,CRFAcquisitionDay10B_Rat10.csv,10____,12,9,1,C,Marios,143,13,8,3110,9,0,0,0,0,0,0,0,0
Acquisition_Day10,CRFAcquisitionDay10B,CRFAcquisitionDay10B_Rat10.csv,10____,12,9,1,C,Marios,143,13,8,3111,10,0,0,0,0,0,0,0,0
Acquisition_Day10,CRFAcquisitionDay10B,CRFAcquisitionDay10B_Rat10.csv,10____,12,9,1,C,Marios,143,14,2,3266,1,0,0,0,0,0,1,0,0
Acquisition_Day10,CRFAcquisitionDay10B,CRFAcquisitionDay10B_Rat10.csv,10____,12,9,1,C,Marios,143,14,2,3267,2,0,0,0,0,0,0,0,0
Acquisition_Day10,CRFAcquisitionDay10B,CRFAcquisitionDay10B_Rat10.csv,10____,12,9,1,C,Marios,143,14,2,3268,3,0,0,0,0,1,0.340000000000146,0,0
Acquisition_Day10,CRFAcquisitionDay10B,CRFAcquisitionDay10B_Rat10.csv,10____,12,9,1,C,Marios,143,14,2,3269,4,0,0,0,0,0,1,0,0
Acquisition_Day10,CRFAcquisitionDay10B,CRFAcquisitionDay10B_Rat10.csv,10____,12,9,1,C,Marios,143,14,2,3270,5,0,0,0,0,0,1,0,0
Acquisition_Day10,CRFAcquisitionDay10B,CRFAcquisitionDay10B_Rat10.csv,10____,12,9,1,C,Marios,143,14,2,3271,6,0,0,0,0,0,1,0,0
Acquisition_Day10,CRFAcquisitionDay10B,CRFAcquisitionDay10B_Rat10.csv,10____,12,9,1,C,Marios,143,14,2,3272,7,0,0,0,0,0,1,0,0
Acquisition_Day10,CRFAcquisitionDay10B,CRFAcquisitionDay10B_Rat10.csv,10____,12,9,1,C,Marios,143,14,2,3273,8,0,0,0,0,0,1,0,0
Acquisition_Day10,CRFAcquisitionDay10B,CRFAcquisitionDay10B_Rat10.csv,10____,12,9,1,C,Marios,143,14,2,3274,9,0,0,0,0,0,1,0,0
Acquisition_Day10,CRFAcquisitionDay10B,CRFAcquisitionDay10B_Rat10.csv,10____,12,9,1,C,Marios,143,14,2,3275,10,0,0,0,0,0,0,0,0
Acquisition_Day10,CRFAcquisitionDay10B,CRFAcquisitionDay10B_Rat10.csv,10____,12,9,1,C,Marios,143,14,3,3276,1,0,0,0,0,0,0,0,0
Acquisition_Day10,CRFAcquisitionDay10B,CRFAcquisitionDay10B_Rat10.csv,10____,12,9,1,C,Marios,143,14,3,3277,2,0,0,0,0,0,0,0,0
Acquisition_Day10,CRFAcquisitionDay10B,CRFAcquisitionDay10B_Rat10.csv,10____,12,9,1,C,Marios,143,14,3,3278,3,0,0,0,0,0,0,0,0
Acquisition_Day10,CRFAcquisitionDay10B,CRFAcquisitionDay10B_Rat10.csv,10____,12,9,1,C,Marios,143,14,3,3279,4,0,0,0,0,0,0,0,0
Acquisition_Day10,CRFAcquisitionDay10B,CRFAcquisitionDay10B_Rat10.csv,10____,12,9,1,C,Marios,143,14,3,3280,5,0,0,0,0,0,0,0,0
Acquisition_Day10,CRFAcquisitionDay10B,CRFAcquisitionDay10B_Rat10.csv,10____,12,9,1,C,Marios,143,14,3,3281,6,0,0,0,0,0,0,0,0
Acquisition_Day10,CRFAcquisitionDay10B,CRFAcquisitionDay10B_Rat10.csv,10____,12,9,1,C,Marios,143,14,3,3282,7,0,0,0,0,1,0.139999999999873,0,0
Acquisition_Day10,CRFAcquisitionDay10B,CRFAcquisitionDay10B_Rat10.csv,10____,12,9,1,C,Marios,143,14,3,3283,8,0,0,0,0,0,0,0,0
Acquisition_Day10,CRFAcquisitionDay10B,CRFAcquisitionDay10B_Rat10.csv,10____,12,9,1,C,Marios,143,14,3,3284,9,0,0,0,0,0,0,0,0
Acquisition_Day10,CRFAcquisitionDay10B,CRFAcquisitionDay10B_Rat10.csv,10____,12,9,1,C,Marios,143,14,3,3285,10,0,0,0,0,0,0,0,0
Acquisition_Day10,CRFAcquisitionDay10B,CRFAcquisitionDay10B_Rat10.csv,10____,12,9,1,C,Marios,143,14,9,3286,1,0,0,0,0,0,0,0,0
Acquisition_Day10,CRFAcquisitionDay10B,CRFAcquisitionDay10B_Rat10.csv,10____,12,9,1,C,Marios,143,14,9,3287,2,0,0,0,0,0,0,0,0
Acquisition_Day10,CRFAcquisitionDay10B,CRFAcquisitionDay10B_Rat10.csv,10____,12,9,1,C,Marios,143,14,9,3288,3,0,0,0,0,0,0,0,0
Acquisition_Day10,CRFAcquisitionDay10B,CRFAcquisitionDay10B_Rat10.csv,10____,12,9,1,C,Marios,143,14,9,3289,4,0,0,0,0,0,0,0,0
Acquisition_Day10,CRFAcquisitionDay10B,CRFAcquisitionDay10B_Rat10.csv,10____,12,9,1,C,Marios,143,14,9,3290,5,0,0,0,0,0,0,0,0
Acquisition_Day10,CRFAcquisitionDay10B,CRFAcquisitionDay10B_Rat10.csv,10____,12,9,1,C,Marios,143,14,9,3291,6,0,0,0,0,0,0,0,0
Acquisition_Day10,CRFAcquisitionDay10B,CRFAcquisitionDay10B_Rat10.csv,10____,12,9,1,C,Marios,143,14,9,3292,7,0,0,0,0,0,0,0,0
Acquisition_Day10,CRFAcquisitionDay10B,CRFAcquisitionDay10B_Rat10.csv,10____,12,9,1,C,Marios,143,14,9,3293,8,0,0,0,0,0,0,0,0
Acquisition_Day10,CRFAcquisitionDay10B,CRFAcquisitionDay10B_Rat10.csv,10____,12,9,1,C,Marios,143,14,9,3294,9,0,0,0,0,0,0,0,0
Acquisition_Day10,CRFAcquisitionDay10B,CRFAcquisitionDay10B_Rat10.csv,10____,12,9,1,C,Marios,143,14,9,3295,10,0,0,0,0,0,0,0,0
Acquisition_Day10,CRFAcquisitionDay10B,CRFAcquisitionDay10B_Rat10.csv,10____,12,9,1,C,Marios,143,15,2,3546,1,0,0,0,0,0,0,0,0
Acquisition_Day10,CRFAcquisitionDay10B,CRFAcquisitionDay10B_Rat10.csv,10____,12,9,1,C,Marios,143,15,2,3547,2,0,0,0,0,0,0,0,0
Acquisition_Day10,CRFAcquisitionDay10B,CRFAcquisitionDay10B_Rat10.csv,10____,12,9,1,C,Marios,143,15,2,3548,3,0,0,0,0,0,0,0,0
Acquisition_Day10,CRFAcquisitionDay10B,CRFAcquisitionDay10B_Rat10.csv,10____,12,9,1,C,Marios,143,15,2,3549,4,0,0,0,0,0,0,0,0
Acquisition_Day10,CRFAcquisitionDay10B,CRFAcquisitionDay10B_Rat10.csv,10____,12,9,1,C,Marios,143,15,2,3550,5,0,0,0,0,0,0,0,0
Acquisition_Day10,CRFAcquisitionDay10B,CRFAcquisitionDay10B_Rat10.csv,10____,12,9,1,C,Marios,143,15,2,3551,6,0,0,0,0,0,0,0,0
Acquisition_Day10,CRFAcquisitionDay10B,CRFAcquisitionDay10B_Rat10.csv,10____,12,9,1,C,Marios,143,15,2,3552,7,0,0,0,0,0,0,0,0
Acquisition_Day10,CRFAcquisitionDay10B,CRFAcquisitionDay10B_Rat10.csv,10____,12,9,1,C,Marios,143,15,2,3553,8,0,0,0,0,0,0,0,0
Acquisition_Day10,CRFAcquisitionDay10B,CRFAcquisitionDay10B_Rat10.csv,10____,12,9,1,C,Marios,143,15,2,3554,9,0,0,0,0,0,0,0,0
Acquisition_Day10,CRFAcquisitionDay10B,CRFAcquisitionDay10B_Rat10.csv,10____,12,9,1,C,Marios,143,15,2,3555,10,0,0,0,0,0,0,0,0
Acquisition_Day10,CRFAcquisitionDay10B,CRFAcquisitionDay10B_Rat10.csv,10____,12,9,1,C,Marios,143,15,5,3556,1,0,0,0,0,0,0,0,0
Acquisition_Day10,CRFAcquisitionDay10B,CRFAcquisitionDay10B_Rat10.csv,10____,12,9,1,C,Marios,143,15,5,3557,2,0,0,0,0,0,0,0,0
Acquisition_Day10,CRFAcquisitionDay10B,CRFAcquisitionDay10B_Rat10.csv,10____,12,9,1,C,Marios,143,15,5,3558,3,0,0,0,0,0,0,0,0
Acquisition_Day10,CRFAcquisitionDay10B,CRFAcquisitionDay10B_Rat10.csv,10____,12,9,1,C,Marios,143,15,5,3559,4,0,0,0,0,0,0,0,0
Acquisition_Day10,CRFAcquisitionDay10B,CRFAcquisitionDay10B_Rat10.csv,10____,12,9,1,C,Marios,143,15,5,3560,5,0,0,0,0,0,0,0,0
Acquisition_Day10,CRFAcquisitionDay10B,CRFAcquisitionDay10B_Rat10.csv,10____,12,9,1,C,Marios,143,15,5,3561,6,0,0,0,0,1,0.260000000000218,0,0
Acquisition_Day10,CRFAcquisitionDay10B,CRFAcquisitionDay10B_Rat10.csv,10____,12,9,1,C,Marios,143,15,5,3562,7,0,0,0,0,1,0.179999999999836,0,0
Acquisition_Day10,CRFAcquisitionDay10B,CRFAcquisitionDay10B_Rat10.csv,10____,12,9,1,C,Marios,143,15,5,3563,8,0,0,0,0,1,0.159999999999854,0,0
Acquisition_Day10,CRFAcquisitionDay10B,CRFAcquisitionDay10B_Rat10.csv,10____,12,9,1,C,Marios,143,15,5,3564,9,0,0,0,0,0,0,0,0
Acquisition_Day10,CRFAcquisitionDay10B,CRFAcquisitionDay10B_Rat10.csv,10____,12,9,1,C,Marios,143,15,5,3565,10,0,0,0,0,1,0.579999999999927,0,0
Acquisition_Day10,CRFAcquisitionDay10B,CRFAcquisitionDay10B_Rat10.csv,10____,12,9,1,C,Marios,143,15,7,3566,1,0,0,0,0,1,0.7800000000002,0,0
Acquisition_Day10,CRFAcquisitionDay10B,CRFAcquisitionDay10B_Rat10.csv,10____,12,9,1,C,Marios,143,15,7,3567,2,0,0,0,0,0,1,0,0
Acquisition_Day10,CRFAcquisitionDay10B,CRFAcquisitionDay10B_Rat10.csv,10____,12,9,1,C,Marios,143,15,7,3568,3,0,0,0,0,0,0,0,0
Acquisition_Day10,CRFAcquisitionDay10B,CRFAcquisitionDay10B_Rat10.csv,10____,12,9,1,C,Marios,143,15,7,3569,4,0,0,0,0,1,0.0999999999999091,0,0
Acquisition_Day10,CRFAcquisitionDay10B,CRFAcquisitionDay10B_Rat10.csv,10____,12,9,1,C,Marios,143,15,7,3570,5,0,0,0,0,0,0,0,0
Acquisition_Day10,CRFAcquisitionDay10B,CRFAcquisitionDay10B_Rat10.csv,10____,12,9,1,C,Marios,143,15,7,3571,6,0,0,0,0,1,0.0399999999999636,0,0
Acquisition_Day10,CRFAcquisitionDay10B,CRFAcquisitionDay10B_Rat10.csv,10____,12,9,1,C,Marios,143,15,7,3572,7,0,0,0,0,1,0.300000000000182,0,0
Acquisition_Day10,CRFAcquisitionDay10B,CRFAcquisitionDay10B_Rat10.csv,10____,12,9,1,C,Marios,143,15,7,3573,8,0,0,0,0,5,0.380000000000109,0,0
Acquisition_Day10,CRFAcquisitionDay10B,CRFAcquisitionDay10B_Rat10.csv,10____,12,9,1,C,Marios,143,15,7,3574,9,0,0,0,0,1,0.800000000000182,0,0
Acquisition_Day10,CRFAcquisitionDay10B,CRFAcquisitionDay10B_Rat10.csv,10____,12,9,1,C,Marios,143,15,7,3575,10,0,0,0,0,0,1,0,0
Acquisition_Day10,CRFAcquisitionDay10B,CRFAcquisitionDay10B_Rat10.csv,10____,12,9,1,C,Marios,143,16,2,3810,1,0,0,0,0,0,0,0,0
Acquisition_Day10,CRFAcquisitionDay10B,CRFAcquisitionDay10B_Rat10.csv,10____,12,9,1,C,Marios,143,16,2,3811,2,0,0,0,0,0,0,0,0
Acquisition_Day10,CRFAcquisitionDay10B,CRFAcquisitionDay10B_Rat10.csv,10____,12,9,1,C,Marios,143,16,2,3812,3,0,0,0,0,0,0,0,0
Acquisition_Day10,CRFAcquisitionDay10B,CRFAcquisitionDay10B_Rat10.csv,10____,12,9,1,C,Marios,143,16,2,3813,4,0,0,0,0,0,0,0,0
Acquisition_Day10,CRFAcquisitionDay10B,CRFAcquisitionDay10B_Rat10.csv,10____,12,9,1,C,Marios,143,16,2,3814,5,0,0,0,0,0,0,0,0
Acquisition_Day10,CRFAcquisitionDay10B,CRFAcquisitionDay10B_Rat10.csv,10____,12,9,1,C,Marios,143,16,2,3815,6,0,0,0,0,0,0,0,0
Acquisition_Day10,CRFAcquisitionDay10B,CRFAcquisitionDay10B_Rat10.csv,10____,12,9,1,C,Marios,143,16,2,3816,7,0,0,0,0,0,0,0,0
Acquisition_Day10,CRFAcquisitionDay10B,CRFAcquisitionDay10B_Rat10.csv,10____,12,9,1,C,Marios,143,16,2,3817,8,0,0,0,0,1,0.0999999999999091,0,0
Acquisition_Day10,CRFAcquisitionDay10B,CRFAcquisitionDay10B_Rat10.csv,10____,12,9,1,C,Marios,143,16,2,3818,9,0,0,0,0,0,0,0,0
Acquisition_Day10,CRFAcquisitionDay10B,CRFAcquisitionDay10B_Rat10.csv,10____,12,9,1,C,Marios,143,16,2,3819,10,0,0,0,0,1,0.200000000000273,0,0
Acquisition_Day10,CRFAcquisitionDay10B,CRFAcquisitionDay10B_Rat10.csv,10____,12,9,1,C,Marios,143,16,6,3820,1,0,0,0,0,1,0.0999999999999091,0,0
Acquisition_Day10,CRFAcquisitionDay10B,CRFAcquisitionDay10B_Rat10.csv,10____,12,9,1,C,Marios,143,16,6,3821,2,0,0,0,0,0,0,0,0
Acquisition_Day10,CRFAcquisitionDay10B,CRFAcquisitionDay10B_Rat10.csv,10____,12,9,1,C,Marios,143,16,6,3822,3,0,0,0,0,1,0.199999999999818,0,0
Acquisition_Day10,CRFAcquisitionDay10B,CRFAcquisitionDay10B_Rat10.csv,10____,12,9,1,C,Marios,143,16,6,3823,4,0,0,0,0,1,0.0799999999999272,0,0
Acquisition_Day10,CRFAcquisitionDay10B,CRFAcquisitionDay10B_Rat10.csv,10____,12,9,1,C,Marios,143,16,6,3824,5,0,0,0,0,0,0,0,0
Acquisition_Day10,CRFAcquisitionDay10B,CRFAcquisitionDay10B_Rat10.csv,10____,12,9,1,C,Marios,143,16,6,3825,6,0,0,0,0,0,0,0,0
Acquisition_Day10,CRFAcquisitionDay10B,CRFAcquisitionDay10B_Rat10.csv,10____,12,9,1,C,Marios,143,16,6,3826,7,0,0,0,0,1,0.0799999999999272,0,0
Acquisition_Day10,CRFAcquisitionDay10B,CRFAcquisitionDay10B_Rat10.csv,10____,12,9,1,C,Marios,143,16,6,3827,8,0,0,0,0,0,0,0,0
Acquisition_Day10,CRFAcquisitionDay10B,CRFAcquisitionDay10B_Rat10.csv,10____,12,9,1,C,Marios,143,16,6,3828,9,0,0,0,0,2,0.600000000000364,0,0
Acquisition_Day10,CRFAcquisitionDay10B,CRFAcquisitionDay10B_Rat10.csv,10____,12,9,1,C,Marios,143,16,6,3829,10,0,0,0,0,0,0,0,0
Acquisition_Day10,CRFAcquisitionDay10B,CRFAcquisitionDay10B_Rat10.csv,10____,12,9,1,C,Marios,143,16,8,3830,1,0,0,0,0,1,0.659999999999854,0,0
Acquisition_Day10,CRFAcquisitionDay10B,CRFAcquisitionDay10B_Rat10.csv,10____,12,9,1,C,Marios,143,16,8,3831,2,0,0,0,0,0,1,0,0
Acquisition_Day10,CRFAcquisitionDay10B,CRFAcquisitionDay10B_Rat10.csv,10____,12,9,1,C,Marios,143,16,8,3832,3,0,0,0,0,0,1,0,0
Acquisition_Day10,CRFAcquisitionDay10B,CRFAcquisitionDay10B_Rat10.csv,10____,12,9,1,C,Marios,143,16,8,3833,4,0,0,0,0,0,0,0,0
Acquisition_Day10,CRFAcquisitionDay10B,CRFAcquisitionDay10B_Rat10.csv,10____,12,9,1,C,Marios,143,16,8,3834,5,0,0,0,0,0,0,0,0
Acquisition_Day10,CRFAcquisitionDay10B,CRFAcquisitionDay10B_Rat10.csv,10____,12,9,1,C,Marios,143,16,8,3835,6,0,0,0,0,0,0,0,0
Acquisition_Day10,CRFAcquisitionDay10B,CRFAcquisitionDay10B_Rat10.csv,10____,12,9,1,C,Marios,143,16,8,3836,7,0,0,0,0,0,0,0,0
Acquisition_Day10,CRFAcquisitionDay10B,CRFAcquisitionDay10B_Rat10.csv,10____,12,9,1,C,Marios,143,16,8,3837,8,0,0,0,0,0,0,0,0
Acquisition_Day10,CRFAcquisitionDay10B,CRFAcquisitionDay10B_Rat10.csv,10____,12,9,1,C,Marios,143,16,8,3838,9,0,0,0,0,0,0,0,0
Acquisition_Day10,CRFAcquisitionDay10B,CRFAcquisitionDay10B_Rat10.csv,10____,12,9,1,C,Marios,143,16,8,3839,10,0,0,0,0,0,0,0,0
