folder,file,savename,subject,protocol,station,run,project,userID,session,timebins,timebin_start,timebin_end,A1_freq,A1_dur,A2_freq,A2_dur,A3_freq,A3_dur,A4_freq,A4_dur,Flash_freq,Flash_dur,Steady_freq,Steady_dur,counterbalancing,sex,Instrumental_cbx,Pavlovian_cbx,FLash_leverCbx,Steady_levercbx,Flash_OutcomeID,Steady_OutcomeID,DevaluedOutcome1,Stage,Schedule,Day
LPL_Acquisition_RR2_Day1,LPLAcquisitionRR2Day1A,LPLAcquisitionRR2Day1A_Rat17.csv,17____,16,1,1,C,Marios,81,1,0,600,31,8.19999999999976,2,3.52,0,0,0,0,7,35,0,0,A,F,A,X,Left,Right,Chocolate,Banana,Banana,Acquisition,RR2,Day1
LPL_Acquisition_RR2_Day1,LPLAcquisitionRR2Day1A,LPLAcquisitionRR2Day1A_Rat17.csv,17____,16,1,1,C,Marios,81,2,600,1200,21,10.1000000000003,1,1.38,0,0,0,0,4,20,0,0,A,F,A,X,Left,Right,Chocolate,Banana,Banana,Acquisition,RR2,Day1
LPL_Acquisition_RR2_Day1,LPLAcquisitionRR2Day1A,LPLAcquisitionRR2Day1A_Rat17.csv,17____,16,1,1,C,Marios,81,3,1200,1800,26,17.5599999999999,1,1.87999999999988,0,0,0,0,7,35,0,0,A,F,A,X,Left,Right,Chocolate,Banana,Banana,Acquisition,RR2,Day1
LPL_Acquisition_RR2_Day1,LPLAcquisitionRR2Day1A,LPLAcquisitionRR2Day1A_Rat19.csv,19____,16,2,1,C,Marios,81,1,0,600,4,4.78000000000005,6,7.61999999999998,0,0,0,0,0,0,3,15,A,F,A,Y,Left,Left,Banana,Chocolate,Chocolate,Acquisition,RR2,Day1
LPL_Acquisition_RR2_Day1,LPLAcquisitionRR2Day1A,LPLAcquisitionRR2Day1A_Rat19.csv,19____,16,2,1,C,Marios,81,2,600,1200,10,1.68000000000006,25,40.5000000000001,0,0,0,0,3,15,6,30,A,F,A,Y,Left,Left,Banana,Chocolate,Chocolate,Acquisition,RR2,Day1
LPL_Acquisition_RR2_Day1,LPLAcquisitionRR2Day1A,LPLAcquisitionRR2Day1A_Rat19.csv,19____,16,2,1,C,Marios,81,3,1200,1800,1,0.159999999999854,12,16.8199999999997,0,0,0,0,0,0,4,20,A,F,A,Y,Left,Left,Banana,Chocolate,Chocolate,Acquisition,RR2,Day1
LPL_Acquisition_RR2_Day1,LPLAcquisitionRR2Day1A,LPLAcquisitionRR2Day1A_Rat21.csv,21____,16,4,1,C,Marios,81,1,0,600,0,0,3,1.06,0,0,0,0,0,0,1,5,A,F,A,X,Left,Right,Chocolate,Banana,Chocolate,Acquisition,RR2,Day1
LPL_Acquisition_RR2_Day1,LPLAcquisitionRR2Day1A,LPLAcquisitionRR2Day1A_Rat21.csv,21____,16,4,1,C,Marios,81,2,600,1200,1,0.200000000000045,1,0.700000000000046,0,0,0,0,0,0,1,5,A,F,A,X,Left,Right,Chocolate,Banana,Chocolate,Acquisition,RR2,Day1
LPL_Acquisition_RR2_Day1,LPLAcquisitionRR2Day1A,LPLAcquisitionRR2Day1A_Rat21.csv,21____,16,4,1,C,Marios,81,3,1200,1800,0,0,0,0,0,0,0,0,0,0,0,0,A,F,A,X,Left,Right,Chocolate,Banana,Chocolate,Acquisition,RR2,Day1
LPL_Acquisition_RR2_Day1,LPLAcquisitionRR2Day1A,LPLAcquisitionRR2Day1A_Rat23.csv,23____,16,1,1,C,Marios,82,1,0,600,17,7.71999999999994,15,48.5800000000001,0,0,0,0,4,20,5,25,A,F,A,X,Left,Right,Chocolate,Banana,Chocolate,Acquisition,RR2,Day1
LPL_Acquisition_RR2_Day1,LPLAcquisitionRR2Day1A,LPLAcquisitionRR2Day1A_Rat23.csv,23____,16,1,1,C,Marios,82,2,600,1200,42,8.74000000000024,23,47.0000000000002,0,0,0,0,7,35,9,45,A,F,A,X,Left,Right,Chocolate,Banana,Chocolate,Acquisition,RR2,Day1
LPL_Acquisition_RR2_Day1,LPLAcquisitionRR2Day1A,LPLAcquisitionRR2Day1A_Rat23.csv,23____,16,1,1,C,Marios,82,3,1200,1800,28,13.0800000000002,1,2.75999999999999,0,0,0,0,8,37.78,0,0,A,F,A,X,Left,Right,Chocolate,Banana,Chocolate,Acquisition,RR2,Day1
LPL_Acquisition_RR2_Day1,LPLAcquisitionRR2Day1A,LPLAcquisitionRR2Day1A_Rat42.csv,42____,16,5,1,C,Marios,81,1,0,600,10,8.12,14,14.7999999999999,0,0,0,0,3,15,6,30,A,M,A,Y,Left,Left,Banana,Chocolate,Banana,Acquisition,RR2,Day1
LPL_Acquisition_RR2_Day1,LPLAcquisitionRR2Day1A,LPLAcquisitionRR2Day1A_Rat42.csv,42____,16,5,1,C,Marios,81,2,600,1200,9,4.88,5,4.65999999999997,0,0,0,0,2,10,1,5,A,M,A,Y,Left,Left,Banana,Chocolate,Banana,Acquisition,RR2,Day1
LPL_Acquisition_RR2_Day1,LPLAcquisitionRR2Day1A,LPLAcquisitionRR2Day1A_Rat42.csv,42____,16,5,1,C,Marios,81,3,1200,1800,3,7.51999999999998,4,5.18000000000006,0,0,0,0,3,15,1,5,A,M,A,Y,Left,Left,Banana,Chocolate,Banana,Acquisition,RR2,Day1
LPL_Acquisition_RR2_Day1,LPLAcquisitionRR2Day1A,LPLAcquisitionRR2Day1A_Rat44.csv,44____,16,6,1,C,Marios,81,1,0,600,5,0.560000000000031,15,2.43999999999988,0,0,0,0,1,5,6,30,A,M,A,X,Left,Right,Chocolate,Banana,Chocolate,Acquisition,RR2,Day1
LPL_Acquisition_RR2_Day1,LPLAcquisitionRR2Day1A,LPLAcquisitionRR2Day1A_Rat44.csv,44____,16,6,1,C,Marios,81,2,600,1200,5,0.819999999999936,1,1.01999999999998,0,0,0,0,2,10,0,0,A,M,A,X,Left,Right,Chocolate,Banana,Chocolate,Acquisition,RR2,Day1
LPL_Acquisition_RR2_Day1,LPLAcquisitionRR2Day1A,LPLAcquisitionRR2Day1A_Rat44.csv,44____,16,6,1,C,Marios,81,3,1200,1800,6,3.06000000000017,10,2.46000000000004,0,0,0,0,2,10,2,10,A,M,A,X,Left,Right,Chocolate,Banana,Chocolate,Acquisition,RR2,Day1
LPL_Acquisition_RR2_Day1,LPLAcquisitionRR2Day1B,LPLAcquisitionRR2Day1B_Rat18.csv,18____,17,9,1,C,Marios,81,1,0,600,2,0.0999999999999659,2,0.579999999999984,0,0,0,0,2,10,0,0,B,F,B,X,Right,Right,Chocolate,Banana,Chocolate,Acquisition,RR2,Day1
LPL_Acquisition_RR2_Day1,LPLAcquisitionRR2Day1B,LPLAcquisitionRR2Day1B_Rat18.csv,18____,17,9,1,C,Marios,81,2,600,1200,0,0,0,0,0,0,0,0,0,0,0,0,B,F,B,X,Right,Right,Chocolate,Banana,Chocolate,Acquisition,RR2,Day1
LPL_Acquisition_RR2_Day1,LPLAcquisitionRR2Day1B,LPLAcquisitionRR2Day1B_Rat18.csv,18____,17,9,1,C,Marios,81,3,1200,1800,0,0,0,0,0,0,0,0,0,0,0,0,B,F,B,X,Right,Right,Chocolate,Banana,Chocolate,Acquisition,RR2,Day1
LPL_Acquisition_RR2_Day1,LPLAcquisitionRR2Day1B,LPLAcquisitionRR2Day1B_Rat20.csv,20____,17,10,1,C,Marios,81,1,0,600,7,8.16000000000005,0,0,0,0,0,0,0,0,2,10,B,F,B,Y,Right,Left,Banana,Chocolate,Banana,Acquisition,RR2,Day1
LPL_Acquisition_RR2_Day1,LPLAcquisitionRR2Day1B,LPLAcquisitionRR2Day1B_Rat20.csv,20____,17,10,1,C,Marios,81,2,600,1200,7,1.90000000000009,1,0.759999999999991,0,0,0,0,1,5,3,15,B,F,B,Y,Right,Left,Banana,Chocolate,Banana,Acquisition,RR2,Day1
LPL_Acquisition_RR2_Day1,LPLAcquisitionRR2Day1B,LPLAcquisitionRR2Day1B_Rat20.csv,20____,17,10,1,C,Marios,81,3,1200,1800,6,5.88000000000034,0,0,0,0,0,0,0,0,3,15,B,F,B,Y,Right,Left,Banana,Chocolate,Banana,Acquisition,RR2,Day1
LPL_Acquisition_RR2_Day1,LPLAcquisitionRR2Day1B,LPLAcquisitionRR2Day1B_Rat22.csv,22____,17,12,1,C,Marios,81,1,0,600,3,1.26,23,14.9999999999999,0,0,0,0,9,41.5599999999999,0,0,B,F,B,X,Right,Right,Chocolate,Banana,Banana,Acquisition,RR2,Day1
LPL_Acquisition_RR2_Day1,LPLAcquisitionRR2Day1B,LPLAcquisitionRR2Day1B_Rat22.csv,22____,17,12,1,C,Marios,81,2,600,1200,0,0,1,1.25999999999999,0,0,0,0,0,3.44000000000005,0,0,B,F,B,X,Right,Right,Chocolate,Banana,Banana,Acquisition,RR2,Day1
LPL_Acquisition_RR2_Day1,LPLAcquisitionRR2Day1B,LPLAcquisitionRR2Day1B_Rat22.csv,22____,17,12,1,C,Marios,81,3,1200,1800,1,0.100000000000136,3,2.34000000000015,0,0,0,0,1,5,0,0,B,F,B,X,Right,Right,Chocolate,Banana,Banana,Acquisition,RR2,Day1
LPL_Acquisition_RR2_Day1,LPLAcquisitionRR2Day1B,LPLAcquisitionRR2Day1B_Rat24.csv,24____,17,9,1,C,Marios,82,1,0,600,2,0.340000000000032,6,1.96000000000004,0,0,0,0,2,10,1,5,B,F,B,Y,Right,Left,Banana,Chocolate,Chocolate,Acquisition,RR2,Day1
LPL_Acquisition_RR2_Day1,LPLAcquisitionRR2Day1B,LPLAcquisitionRR2Day1B_Rat24.csv,24____,17,9,1,C,Marios,82,2,600,1200,4,2.53999999999996,17,15.4400000000006,0,0,0,0,7,35,2,10,B,F,B,Y,Right,Left,Banana,Chocolate,Chocolate,Acquisition,RR2,Day1
LPL_Acquisition_RR2_Day1,LPLAcquisitionRR2Day1B,LPLAcquisitionRR2Day1B_Rat24.csv,24____,17,9,1,C,Marios,82,3,1200,1800,5,2.02000000000021,15,13.3799999999997,0,0,0,0,7,35,1,5,B,F,B,Y,Right,Left,Banana,Chocolate,Chocolate,Acquisition,RR2,Day1
LPL_Acquisition_RR2_Day1,LPLAcquisitionRR2Day1B,LPLAcquisitionRR2Day1B_Rat25.csv,25____,17,2,1,C,Marios,82,1,0,600,3,2.32000000000005,13,11.1399999999998,0,0,0,0,4,20,1,5,B,F,B,Y,Right,Left,Banana,Chocolate,Chocolate,Acquisition,RR2,Day1
LPL_Acquisition_RR2_Day1,LPLAcquisitionRR2Day1B,LPLAcquisitionRR2Day1B_Rat25.csv,25____,17,2,1,C,Marios,82,2,600,1200,11,5.19999999999993,8,6.49999999999989,0,0,0,0,2,10,3,15,B,F,B,Y,Right,Left,Banana,Chocolate,Chocolate,Acquisition,RR2,Day1
LPL_Acquisition_RR2_Day1,LPLAcquisitionRR2Day1B,LPLAcquisitionRR2Day1B_Rat25.csv,25____,17,2,1,C,Marios,82,3,1200,1800,9,6.49999999999977,4,7.58000000000016,0,0,0,0,1,5,4,20,B,F,B,Y,Right,Left,Banana,Chocolate,Chocolate,Acquisition,RR2,Day1
LPL_Acquisition_RR2_Day1,LPLAcquisitionRR2Day1B,LPLAcquisitionRR2Day1B_Rat43.csv,43____,17,13,1,C,Marios,81,1,0,600,23,5.11999999999985,65,11.02,0,0,0,0,14,70,4,20,B,M,B,Y,Right,Left,Banana,Chocolate,Chocolate,Acquisition,RR2,Day1
LPL_Acquisition_RR2_Day1,LPLAcquisitionRR2Day1B,LPLAcquisitionRR2Day1B_Rat43.csv,43____,17,13,1,C,Marios,81,2,600,1200,36,40.2399999999996,40,9.58000000000004,0,0,0,0,10,50,8,40,B,M,B,Y,Right,Left,Banana,Chocolate,Chocolate,Acquisition,RR2,Day1
LPL_Acquisition_RR2_Day1,LPLAcquisitionRR2Day1B,LPLAcquisitionRR2Day1B_Rat43.csv,43____,17,13,1,C,Marios,81,3,1200,1800,0,0,13,7.82000000000016,0,0,0,0,3,15,0,0,B,M,B,Y,Right,Left,Banana,Chocolate,Chocolate,Acquisition,RR2,Day1
LPL_Acquisition_RR2_Day2,LPLAcquisitionRR2Day2A,LPLAcquisitionRR2Day2A_Rat17.csv,17____,16,1,1,C,Marios,90,1,0,600,15,5.53999999999974,4,2.45999999999997,0,0,0,0,5,25,0,0,A,F,A,X,Left,Right,Chocolate,Banana,Banana,Acquisition,RR2,Day2
LPL_Acquisition_RR2_Day2,LPLAcquisitionRR2Day2A,LPLAcquisitionRR2Day2A_Rat17.csv,17____,16,1,1,C,Marios,90,2,600,1200,21,10.0399999999998,3,14.64,0,0,0,0,7,35,0,0,A,F,A,X,Left,Right,Chocolate,Banana,Banana,Acquisition,RR2,Day2
LPL_Acquisition_RR2_Day2,LPLAcquisitionRR2Day2A,LPLAcquisitionRR2Day2A_Rat17.csv,17____,16,1,1,C,Marios,90,3,1200,1800,17,7.41999999999962,0,0,0,0,0,0,5,25,0,0,A,F,A,X,Left,Right,Chocolate,Banana,Banana,Acquisition,RR2,Day2
LPL_Acquisition_RR2_Day2,LPLAcquisitionRR2Day2A,LPLAcquisitionRR2Day2A_Rat19.csv,19____,16,2,1,C,Marios,90,1,0,600,15,2.93999999999993,35,37.0000000000002,0,0,0,0,6,30,13,65,A,F,A,Y,Left,Left,Banana,Chocolate,Chocolate,Acquisition,RR2,Day2
LPL_Acquisition_RR2_Day2,LPLAcquisitionRR2Day2A,LPLAcquisitionRR2Day2A_Rat19.csv,19____,16,2,1,C,Marios,90,2,600,1200,4,15.0799999999999,9,25.2799999999999,0,0,0,0,0,0,4,20,A,F,A,Y,Left,Left,Banana,Chocolate,Chocolate,Acquisition,RR2,Day2
LPL_Acquisition_RR2_Day2,LPLAcquisitionRR2Day2A,LPLAcquisitionRR2Day2A_Rat19.csv,19____,16,2,1,C,Marios,90,3,1200,1800,22,17.1199999999999,4,8.77999999999975,0,0,0,0,6,30,1,5,A,F,A,Y,Left,Left,Banana,Chocolate,Chocolate,Acquisition,RR2,Day2
LPL_Acquisition_RR2_Day2,LPLAcquisitionRR2Day2A,LPLAcquisitionRR2Day2A_Rat21.csv,21____,16,4,1,C,Marios,90,1,0,600,1,0.399999999999999,1,3.02,0,0,0,0,1,5,0,0,A,F,A,X,Left,Right,Chocolate,Banana,Chocolate,Acquisition,RR2,Day2
LPL_Acquisition_RR2_Day2,LPLAcquisitionRR2Day2A,LPLAcquisitionRR2Day2A_Rat21.csv,21____,16,4,1,C,Marios,90,2,600,1200,0,0,0,0,0,0,0,0,0,0,0,0,A,F,A,X,Left,Right,Chocolate,Banana,Chocolate,Acquisition,RR2,Day2
LPL_Acquisition_RR2_Day2,LPLAcquisitionRR2Day2A,LPLAcquisitionRR2Day2A_Rat21.csv,21____,16,4,1,C,Marios,90,3,1200,1800,0,0,1,0.0600000000001728,0,0,0,0,0,0,1,5,A,F,A,X,Left,Right,Chocolate,Banana,Chocolate,Acquisition,RR2,Day2
LPL_Acquisition_RR2_Day2,LPLAcquisitionRR2Day2A,LPLAcquisitionRR2Day2A_Rat23.csv,23____,16,1,1,C,Marios,91,1,0,600,15,10.16,6,29.58,0,0,0,0,5,25,3,15,A,F,A,X,Left,Right,Chocolate,Banana,Chocolate,Acquisition,RR2,Day2
LPL_Acquisition_RR2_Day2,LPLAcquisitionRR2Day2A,LPLAcquisitionRR2Day2A_Rat23.csv,23____,16,1,1,C,Marios,91,2,600,1200,31,25.5799999999998,9,67.26,0,0,0,0,10,46.96,4,20,A,F,A,X,Left,Right,Chocolate,Banana,Chocolate,Acquisition,RR2,Day2
LPL_Acquisition_RR2_Day2,LPLAcquisitionRR2Day2A,LPLAcquisitionRR2Day2A_Rat23.csv,23____,16,1,1,C,Marios,91,3,1200,1800,13,13.1199999999999,21,18.1000000000001,0,0,0,0,3,18.04,6,30,A,F,A,X,Left,Right,Chocolate,Banana,Chocolate,Acquisition,RR2,Day2
LPL_Acquisition_RR2_Day2,LPLAcquisitionRR2Day2A,LPLAcquisitionRR2Day2A_Rat42.csv,42____,16,5,1,C,Marios,90,1,0,600,8,9.90000000000008,5,4.67999999999995,0,0,0,0,4,20,2,10,A,M,A,Y,Left,Left,Banana,Chocolate,Banana,Acquisition,RR2,Day2
LPL_Acquisition_RR2_Day2,LPLAcquisitionRR2Day2A,LPLAcquisitionRR2Day2A_Rat42.csv,42____,16,5,1,C,Marios,90,2,600,1200,5,20.62,0,0,0,0,0,0,3,15,0,0,A,M,A,Y,Left,Left,Banana,Chocolate,Banana,Acquisition,RR2,Day2
LPL_Acquisition_RR2_Day2,LPLAcquisitionRR2Day2A,LPLAcquisitionRR2Day2A_Rat42.csv,42____,16,5,1,C,Marios,90,3,1200,1800,0,0,0,0,0,0,0,0,0,0,0,0,A,M,A,Y,Left,Left,Banana,Chocolate,Banana,Acquisition,RR2,Day2
LPL_Acquisition_RR2_Day2,LPLAcquisitionRR2Day2A,LPLAcquisitionRR2Day2A_Rat44.csv,44____,16,6,1,C,Marios,90,1,0,600,3,0.199999999999996,12,1.5799999999999499,0,0,0,0,2,10,4,20,A,M,A,X,Left,Right,Chocolate,Banana,Chocolate,Acquisition,RR2,Day2
LPL_Acquisition_RR2_Day2,LPLAcquisitionRR2Day2A,LPLAcquisitionRR2Day2A_Rat44.csv,44____,16,6,1,C,Marios,90,2,600,1200,7,4.10000000000014,4,1.50000000000011,0,0,0,0,2,10,1,5,A,M,A,X,Left,Right,Chocolate,Banana,Chocolate,Acquisition,RR2,Day2
LPL_Acquisition_RR2_Day2,LPLAcquisitionRR2Day2A,LPLAcquisitionRR2Day2A_Rat44.csv,44____,16,6,1,C,Marios,90,3,1200,1800,7,12.2200000000003,2,0.0999999999999091,0,0,0,0,3,15,1,5,A,M,A,X,Left,Right,Chocolate,Banana,Chocolate,Acquisition,RR2,Day2
LPL_Acquisition_RR2_Day2,LPLAcquisitionRR2Day2B,LPLAcquisitionRR2Day2B_Rat18.csv,18____,17,9,1,C,Marios,90,1,0,600,3,1.10000000000002,1,2.61999999999995,0,0,0,0,0,0,1,5,B,F,B,X,Right,Right,Chocolate,Banana,Chocolate,Acquisition,RR2,Day2
LPL_Acquisition_RR2_Day2,LPLAcquisitionRR2Day2B,LPLAcquisitionRR2Day2B_Rat18.csv,18____,17,9,1,C,Marios,90,2,600,1200,1,0.0999999999999091,1,2.1400000000001,0,0,0,0,0,0,1,5,B,F,B,X,Right,Right,Chocolate,Banana,Chocolate,Acquisition,RR2,Day2
LPL_Acquisition_RR2_Day2,LPLAcquisitionRR2Day2B,LPLAcquisitionRR2Day2B_Rat18.csv,18____,17,9,1,C,Marios,90,3,1200,1800,1,0.0199999999999818,0,0,0,0,0,0,0,0,0,0,B,F,B,X,Right,Right,Chocolate,Banana,Chocolate,Acquisition,RR2,Day2
LPL_Acquisition_RR2_Day2,LPLAcquisitionRR2Day2B,LPLAcquisitionRR2Day2B_Rat20.csv,20____,17,10,1,C,Marios,90,1,0,600,5,6.90000000000003,0,0,0,0,0,0,0,0,3,15,B,F,B,Y,Right,Left,Banana,Chocolate,Banana,Acquisition,RR2,Day2
LPL_Acquisition_RR2_Day2,LPLAcquisitionRR2Day2B,LPLAcquisitionRR2Day2B_Rat20.csv,20____,17,10,1,C,Marios,90,2,600,1200,2,1.86000000000001,0,0,0,0,0,0,0,0,1,5,B,F,B,Y,Right,Left,Banana,Chocolate,Banana,Acquisition,RR2,Day2
LPL_Acquisition_RR2_Day2,LPLAcquisitionRR2Day2B,LPLAcquisitionRR2Day2B_Rat20.csv,20____,17,10,1,C,Marios,90,3,1200,1800,0,0,0,0,0,0,0,0,0,0,0,0,B,F,B,Y,Right,Left,Banana,Chocolate,Banana,Acquisition,RR2,Day2
LPL_Acquisition_RR2_Day2,LPLAcquisitionRR2Day2B,LPLAcquisitionRR2Day2B_Rat22.csv,22____,17,12,1,C,Marios,90,1,0,600,0,0,15,4.96000000000014,0,0,0,0,7,35.0000000000001,0,0,B,F,B,X,Right,Right,Chocolate,Banana,Banana,Acquisition,RR2,Day2
LPL_Acquisition_RR2_Day2,LPLAcquisitionRR2Day2B,LPLAcquisitionRR2Day2B_Rat22.csv,22____,17,12,1,C,Marios,90,2,600,1200,0,0,7,4.15999999999997,0,0,0,0,4,20,0,0,B,F,B,X,Right,Right,Chocolate,Banana,Banana,Acquisition,RR2,Day2
LPL_Acquisition_RR2_Day2,LPLAcquisitionRR2Day2B,LPLAcquisitionRR2Day2B_Rat22.csv,22____,17,12,1,C,Marios,90,3,1200,1800,10,8.81999999999994,5,3.22000000000048,0,0,0,0,3,15,6,30,B,F,B,X,Right,Right,Chocolate,Banana,Banana,Acquisition,RR2,Day2
LPL_Acquisition_RR2_Day2,LPLAcquisitionRR2Day2B,LPLAcquisitionRR2Day2B_Rat24.csv,24____,17,9,1,C,Marios,91,1,0,600,1,0.319999999999993,20,9.99999999999983,0,0,0,0,6,30,0,0,B,F,B,Y,Right,Left,Banana,Chocolate,Chocolate,Acquisition,RR2,Day2
LPL_Acquisition_RR2_Day2,LPLAcquisitionRR2Day2B,LPLAcquisitionRR2Day2B_Rat24.csv,24____,17,9,1,C,Marios,91,2,600,1200,0,0,34,20.2600000000001,0,0,0,0,11,55,0,0,B,F,B,Y,Right,Left,Banana,Chocolate,Chocolate,Acquisition,RR2,Day2
LPL_Acquisition_RR2_Day2,LPLAcquisitionRR2Day2B,LPLAcquisitionRR2Day2B_Rat24.csv,24____,17,9,1,C,Marios,91,3,1200,1800,11,6.13999999999942,22,11.0399999999997,0,0,0,0,7,35,3,15,B,F,B,Y,Right,Left,Banana,Chocolate,Chocolate,Acquisition,RR2,Day2
LPL_Acquisition_RR2_Day2,LPLAcquisitionRR2Day2B,LPLAcquisitionRR2Day2B_Rat25.csv,25____,17,2,1,C,Marios,91,1,0,600,11,9.62000000000002,5,3.5800000000001,0,0,0,0,2,10,5,25,B,F,B,Y,Right,Left,Banana,Chocolate,Chocolate,Acquisition,RR2,Day2
LPL_Acquisition_RR2_Day2,LPLAcquisitionRR2Day2B,LPLAcquisitionRR2Day2B_Rat25.csv,25____,17,2,1,C,Marios,91,2,600,1200,5,4.7199999999998,8,6.60000000000002,0,0,0,0,3,15,1,5,B,F,B,Y,Right,Left,Banana,Chocolate,Chocolate,Acquisition,RR2,Day2
LPL_Acquisition_RR2_Day2,LPLAcquisitionRR2Day2B,LPLAcquisitionRR2Day2B_Rat25.csv,25____,17,2,1,C,Marios,91,3,1200,1800,2,2.90000000000009,4,1.74000000000001,0,0,0,0,1,5,0,0,B,F,B,Y,Right,Left,Banana,Chocolate,Chocolate,Acquisition,RR2,Day2
LPL_Acquisition_RR2_Day2,LPLAcquisitionRR2Day2B,LPLAcquisitionRR2Day2B_Rat43.csv,43____,17,13,1,C,Marios,90,1,0,600,8,5.4,32,16.52,0,0,0,0,6,30,4,20,B,M,B,Y,Right,Left,Banana,Chocolate,Chocolate,Acquisition,RR2,Day2
LPL_Acquisition_RR2_Day2,LPLAcquisitionRR2Day2B,LPLAcquisitionRR2Day2B_Rat43.csv,43____,17,13,1,C,Marios,90,2,600,1200,0,0,4,4.57999999999981,0,0,0,0,2,10,0,0,B,M,B,Y,Right,Left,Banana,Chocolate,Chocolate,Acquisition,RR2,Day2
LPL_Acquisition_RR2_Day2,LPLAcquisitionRR2Day2B,LPLAcquisitionRR2Day2B_Rat43.csv,43____,17,13,1,C,Marios,90,3,1200,1800,2,5.18000000000006,0,0,0,0,0,0,0,0,1,5,B,M,B,Y,Right,Left,Banana,Chocolate,Chocolate,Acquisition,RR2,Day2
LPL_Acquisition_RR2_Day3,LPLAcquisitionRR2Day3A,LPLAcquisitionRR2Day3A_Rat17.csv,17____,16,1,1,C,Marios,100,1,0,600,15,4.80000000000015,3,187.46,0,0,0,0,6,30,0,0,A,F,A,X,Left,Right,Chocolate,Banana,Banana,Acquisition,RR2,Day3
LPL_Acquisition_RR2_Day3,LPLAcquisitionRR2Day3A,LPLAcquisitionRR2Day3A_Rat17.csv,17____,16,1,1,C,Marios,100,2,600,1200,7,1.82000000000028,1,4.07999999999993,0,0,0,0,4,20,0,0,A,F,A,X,Left,Right,Chocolate,Banana,Banana,Acquisition,RR2,Day3
LPL_Acquisition_RR2_Day3,LPLAcquisitionRR2Day3A,LPLAcquisitionRR2Day3A_Rat17.csv,17____,16,1,1,C,Marios,100,3,1200,1800,7,2.09999999999991,0,0,0,0,0,0,3,15,0,0,A,F,A,X,Left,Right,Chocolate,Banana,Banana,Acquisition,RR2,Day3
LPL_Acquisition_RR2_Day3,LPLAcquisitionRR2Day3A,LPLAcquisitionRR2Day3A_Rat19.csv,19____,16,2,1,C,Marios,100,1,0,600,17,2.45999999999989,19,19.4199999999999,0,0,0,0,4,20,7,35,A,F,A,Y,Left,Left,Banana,Chocolate,Chocolate,Acquisition,RR2,Day3
LPL_Acquisition_RR2_Day3,LPLAcquisitionRR2Day3A,LPLAcquisitionRR2Day3A_Rat19.csv,19____,16,2,1,C,Marios,100,2,600,1200,4,0.779999999999973,15,21.1000000000005,0,0,0,0,1,5,4,20,A,F,A,Y,Left,Left,Banana,Chocolate,Chocolate,Acquisition,RR2,Day3
LPL_Acquisition_RR2_Day3,LPLAcquisitionRR2Day3A,LPLAcquisitionRR2Day3A_Rat19.csv,19____,16,2,1,C,Marios,100,3,1200,1800,2,0.299999999999727,5,8.67999999999984,0,0,0,0,0,0,2,10,A,F,A,Y,Left,Left,Banana,Chocolate,Chocolate,Acquisition,RR2,Day3
LPL_Acquisition_RR2_Day3,LPLAcquisitionRR2Day3A,LPLAcquisitionRR2Day3A_Rat21.csv,21____,16,4,1,C,Marios,100,1,0,600,0,0,0,0,0,0,0,0,0,0,0,0,A,F,A,X,Left,Right,Chocolate,Banana,Chocolate,Acquisition,RR2,Day3
LPL_Acquisition_RR2_Day3,LPLAcquisitionRR2Day3A,LPLAcquisitionRR2Day3A_Rat21.csv,21____,16,4,1,C,Marios,100,2,600,1200,0,0,2,0.839999999999918,0,0,0,0,0,0,1,5,A,F,A,X,Left,Right,Chocolate,Banana,Chocolate,Acquisition,RR2,Day3
LPL_Acquisition_RR2_Day3,LPLAcquisitionRR2Day3A,LPLAcquisitionRR2Day3A_Rat21.csv,21____,16,4,1,C,Marios,100,3,1200,1800,1,0.159999999999854,1,2,0,0,0,0,1,5,0,0,A,F,A,X,Left,Right,Chocolate,Banana,Chocolate,Acquisition,RR2,Day3
LPL_Acquisition_RR2_Day3,LPLAcquisitionRR2Day3A,LPLAcquisitionRR2Day3A_Rat23.csv,23____,16,1,1,C,Marios,101,1,0,600,5,2.22000000000003,14,105.32,0,0,0,0,1,5,9,45,A,F,A,X,Left,Right,Chocolate,Banana,Chocolate,Acquisition,RR2,Day3
LPL_Acquisition_RR2_Day3,LPLAcquisitionRR2Day3A,LPLAcquisitionRR2Day3A_Rat23.csv,23____,16,1,1,C,Marios,101,2,600,1200,17,6.97999999999991,13,153.54,0,0,0,0,6,25.3199999999999,3,15,A,F,A,X,Left,Right,Chocolate,Banana,Chocolate,Acquisition,RR2,Day3
LPL_Acquisition_RR2_Day3,LPLAcquisitionRR2Day3A,LPLAcquisitionRR2Day3A_Rat23.csv,23____,16,1,1,C,Marios,101,3,1200,1800,2,9.15999999999985,0,0,0,0,0,0,0,4.68000000000006,0,0,A,F,A,X,Left,Right,Chocolate,Banana,Chocolate,Acquisition,RR2,Day3
LPL_Acquisition_RR2_Day3,LPLAcquisitionRR2Day3A,LPLAcquisitionRR2Day3A_Rat42.csv,42____,16,5,1,C,Marios,100,1,0,600,1,0.68,1,1.08,0,0,0,0,1,5,1,5,A,M,A,Y,Left,Left,Banana,Chocolate,Banana,Acquisition,RR2,Day3
LPL_Acquisition_RR2_Day3,LPLAcquisitionRR2Day3A,LPLAcquisitionRR2Day3A_Rat42.csv,42____,16,5,1,C,Marios,100,2,600,1200,4,3.72000000000003,0,0,0,0,0,0,3,15,0,0,A,M,A,Y,Left,Left,Banana,Chocolate,Banana,Acquisition,RR2,Day3
LPL_Acquisition_RR2_Day3,LPLAcquisitionRR2Day3A,LPLAcquisitionRR2Day3A_Rat42.csv,42____,16,5,1,C,Marios,100,3,1200,1800,0,0,2,1.08000000000015,0,0,0,0,0,0,1,5,A,M,A,Y,Left,Left,Banana,Chocolate,Banana,Acquisition,RR2,Day3
LPL_Acquisition_RR2_Day3,LPLAcquisitionRR2Day3A,LPLAcquisitionRR2Day3A_Rat44.csv,44____,16,6,1,C,Marios,100,1,0,600,2,0.520000000000039,11,1.03999999999995,0,0,0,0,1,5,3,15,A,M,A,X,Left,Right,Chocolate,Banana,Chocolate,Acquisition,RR2,Day3
LPL_Acquisition_RR2_Day3,LPLAcquisitionRR2Day3A,LPLAcquisitionRR2Day3A_Rat44.csv,44____,16,6,1,C,Marios,100,2,600,1200,5,1,4,0.7800000000002,0,0,0,0,2,10,1,5,A,M,A,X,Left,Right,Chocolate,Banana,Chocolate,Acquisition,RR2,Day3
LPL_Acquisition_RR2_Day3,LPLAcquisitionRR2Day3A,LPLAcquisitionRR2Day3A_Rat44.csv,44____,16,6,1,C,Marios,100,3,1200,1800,3,3.01999999999998,5,0.339999999999691,0,0,0,0,1,5,1,5,A,M,A,X,Left,Right,Chocolate,Banana,Chocolate,Acquisition,RR2,Day3
LPL_Acquisition_RR2_Day3,LPLAcquisitionRR2Day3B,LPLAcquisitionRR2Day3B_Rat18.csv,18____,17,9,1,C,Marios,100,1,0,600,0,0,0,0,0,0,0,0,0,0,0,0,B,F,B,X,Right,Right,Chocolate,Banana,Chocolate,Acquisition,RR2,Day3
LPL_Acquisition_RR2_Day3,LPLAcquisitionRR2Day3B,LPLAcquisitionRR2Day3B_Rat18.csv,18____,17,9,1,C,Marios,100,2,600,1200,0,0,0,0,0,0,0,0,0,0,0,0,B,F,B,X,Right,Right,Chocolate,Banana,Chocolate,Acquisition,RR2,Day3
LPL_Acquisition_RR2_Day3,LPLAcquisitionRR2Day3B,LPLAcquisitionRR2Day3B_Rat18.csv,18____,17,9,1,C,Marios,100,3,1200,1800,0,0,0,0,0,0,0,0,0,0,0,0,B,F,B,X,Right,Right,Chocolate,Banana,Chocolate,Acquisition,RR2,Day3
LPL_Acquisition_RR2_Day3,LPLAcquisitionRR2Day3B,LPLAcquisitionRR2Day3B_Rat20.csv,20____,17,10,1,C,Marios,100,1,0,600,6,5.2399999999999,0,0,0,0,0,0,0,0,2,10,B,F,B,Y,Right,Left,Banana,Chocolate,Banana,Acquisition,RR2,Day3
LPL_Acquisition_RR2_Day3,LPLAcquisitionRR2Day3B,LPLAcquisitionRR2Day3B_Rat20.csv,20____,17,10,1,C,Marios,100,2,600,1200,5,4.10000000000002,0,0,0,0,0,0,0,0,3,15,B,F,B,Y,Right,Left,Banana,Chocolate,Banana,Acquisition,RR2,Day3
LPL_Acquisition_RR2_Day3,LPLAcquisitionRR2Day3B,LPLAcquisitionRR2Day3B_Rat20.csv,20____,17,10,1,C,Marios,100,3,1200,1800,6,6.87999999999965,2,0.900000000000091,0,0,0,0,2,10,3,15,B,F,B,Y,Right,Left,Banana,Chocolate,Banana,Acquisition,RR2,Day3
LPL_Acquisition_RR2_Day3,LPLAcquisitionRR2Day3B,LPLAcquisitionRR2Day3B_Rat22.csv,22____,17,12,1,C,Marios,100,1,0,600,7,5.88000000000011,29,8.70000000000006,0,0,0,0,10,50,3,15,B,F,B,X,Right,Right,Chocolate,Banana,Banana,Acquisition,RR2,Day3
LPL_Acquisition_RR2_Day3,LPLAcquisitionRR2Day3B,LPLAcquisitionRR2Day3B_Rat22.csv,22____,17,12,1,C,Marios,100,2,600,1200,9,6.58000000000016,2,2.93999999999994,0,0,0,0,0,0,3,15,B,F,B,X,Right,Right,Chocolate,Banana,Banana,Acquisition,RR2,Day3
LPL_Acquisition_RR2_Day3,LPLAcquisitionRR2Day3B,LPLAcquisitionRR2Day3B_Rat22.csv,22____,17,12,1,C,Marios,100,3,1200,1800,0,0,7,3.60000000000036,0,0,0,0,1,5,0,0,B,F,B,X,Right,Right,Chocolate,Banana,Banana,Acquisition,RR2,Day3
LPL_Acquisition_RR2_Day3,LPLAcquisitionRR2Day3B,LPLAcquisitionRR2Day3B_Rat24.csv,24____,17,9,1,C,Marios,101,1,0,600,2,0.32000000000005,18,18.0000000000001,0,0,0,0,7,35,1,5,B,F,B,Y,Right,Left,Banana,Chocolate,Chocolate,Acquisition,RR2,Day3
LPL_Acquisition_RR2_Day3,LPLAcquisitionRR2Day3B,LPLAcquisitionRR2Day3B_Rat24.csv,24____,17,9,1,C,Marios,101,2,600,1200,19,9.25999999999999,24,18.66,0,0,0,0,7,35,5,25,B,F,B,Y,Right,Left,Banana,Chocolate,Chocolate,Acquisition,RR2,Day3
LPL_Acquisition_RR2_Day3,LPLAcquisitionRR2Day3B,LPLAcquisitionRR2Day3B_Rat24.csv,24____,17,9,1,C,Marios,101,3,1200,1800,3,3.29999999999995,8,3.7999999999994998,0,0,0,0,3,15,1,5,B,F,B,Y,Right,Left,Banana,Chocolate,Chocolate,Acquisition,RR2,Day3
LPL_Acquisition_RR2_Day3,LPLAcquisitionRR2Day3B,LPLAcquisitionRR2Day3B_Rat25.csv,25____,17,2,1,C,Marios,101,1,0,600,1,0.520000000000039,2,0.300000000000011,0,0,0,0,2,10,1,5,B,F,B,Y,Right,Left,Banana,Chocolate,Chocolate,Acquisition,RR2,Day3
LPL_Acquisition_RR2_Day3,LPLAcquisitionRR2Day3B,LPLAcquisitionRR2Day3B_Rat25.csv,25____,17,2,1,C,Marios,101,2,600,1200,1,0.0200000000000955,5,1.77999999999997,0,0,0,0,2,10,0,0,B,F,B,Y,Right,Left,Banana,Chocolate,Chocolate,Acquisition,RR2,Day3
LPL_Acquisition_RR2_Day3,LPLAcquisitionRR2Day3B,LPLAcquisitionRR2Day3B_Rat25.csv,25____,17,2,1,C,Marios,101,3,1200,1800,0,0,1,0.200000000000045,0,0,0,0,0,0,0,0,B,F,B,Y,Right,Left,Banana,Chocolate,Chocolate,Acquisition,RR2,Day3
LPL_Acquisition_RR2_Day3,LPLAcquisitionRR2Day3B,LPLAcquisitionRR2Day3B_Rat43.csv,43____,17,13,1,C,Marios,100,1,0,600,19,6.74000000000001,18,5.72000000000004,0,0,0,0,6,30,5,25,B,M,B,Y,Right,Left,Banana,Chocolate,Chocolate,Acquisition,RR2,Day3
LPL_Acquisition_RR2_Day3,LPLAcquisitionRR2Day3B,LPLAcquisitionRR2Day3B_Rat43.csv,43____,17,13,1,C,Marios,100,2,600,1200,2,0.159999999999854,8,1.63999999999987,0,0,0,0,3,15,1,5,B,M,B,Y,Right,Left,Banana,Chocolate,Chocolate,Acquisition,RR2,Day3
LPL_Acquisition_RR2_Day3,LPLAcquisitionRR2Day3B,LPLAcquisitionRR2Day3B_Rat43.csv,43____,17,13,1,C,Marios,100,3,1200,1800,0,0,5,0.799999999999955,0,0,0,0,1,5,0,0,B,M,B,Y,Right,Left,Banana,Chocolate,Chocolate,Acquisition,RR2,Day3
LPL_Acquisition_RR2_Day4,LPLAcquisitionRR2Day4A,LPLAcquisitionRR2Day4A_Rat17.csv,17____,16,1,1,C,Marios,113,1,0,600,14,3.29999999999991,1,0.64,0,0,0,0,4,20,0,0,A,F,A,X,Left,Right,Chocolate,Banana,Banana,Acquisition,RR2,Day4
LPL_Acquisition_RR2_Day4,LPLAcquisitionRR2Day4A,LPLAcquisitionRR2Day4A_Rat17.csv,17____,16,1,1,C,Marios,113,2,600,1200,23,9.72000000000003,3,1.10000000000002,0,0,0,0,6,30,0,0,A,F,A,X,Left,Right,Chocolate,Banana,Banana,Acquisition,RR2,Day4
LPL_Acquisition_RR2_Day4,LPLAcquisitionRR2Day4A,LPLAcquisitionRR2Day4A_Rat17.csv,17____,16,1,1,C,Marios,113,3,1200,1800,12,6.25999999999999,1,1.52000000000021,0,0,0,0,4,20,0,0,A,F,A,X,Left,Right,Chocolate,Banana,Banana,Acquisition,RR2,Day4
LPL_Acquisition_RR2_Day4,LPLAcquisitionRR2Day4A,LPLAcquisitionRR2Day4A_Rat19.csv,19____,16,2,1,C,Marios,113,1,0,600,12,3.79999999999999,8,17,0,0,0,0,4,20,3,15,A,F,A,Y,Left,Left,Banana,Chocolate,Chocolate,Acquisition,RR2,Day4
LPL_Acquisition_RR2_Day4,LPLAcquisitionRR2Day4A,LPLAcquisitionRR2Day4A_Rat19.csv,19____,16,2,1,C,Marios,113,2,600,1200,20,22.5800000000006,2,2.75999999999988,0,0,0,0,4,20,1,5,A,F,A,Y,Left,Left,Banana,Chocolate,Chocolate,Acquisition,RR2,Day4
LPL_Acquisition_RR2_Day4,LPLAcquisitionRR2Day4A,LPLAcquisitionRR2Day4A_Rat19.csv,19____,16,2,1,C,Marios,113,3,1200,1800,13,10.1000000000004,4,10.3,0,0,0,0,3,15,3,15,A,F,A,Y,Left,Left,Banana,Chocolate,Chocolate,Acquisition,RR2,Day4
LPL_Acquisition_RR2_Day4,LPLAcquisitionRR2Day4A,LPLAcquisitionRR2Day4A_Rat21.csv,21____,16,4,1,C,Marios,113,1,0,600,0,0,0,0,0,0,0,0,0,0,0,0,A,F,A,X,Left,Right,Chocolate,Banana,Chocolate,Acquisition,RR2,Day4
LPL_Acquisition_RR2_Day4,LPLAcquisitionRR2Day4A,LPLAcquisitionRR2Day4A_Rat21.csv,21____,16,4,1,C,Marios,113,2,600,1200,1,0.239999999999895,0,0,0,0,0,0,0,0,0,0,A,F,A,X,Left,Right,Chocolate,Banana,Chocolate,Acquisition,RR2,Day4
LPL_Acquisition_RR2_Day4,LPLAcquisitionRR2Day4A,LPLAcquisitionRR2Day4A_Rat21.csv,21____,16,4,1,C,Marios,113,3,1200,1800,0,0,0,0,0,0,0,0,0,0,0,0,A,F,A,X,Left,Right,Chocolate,Banana,Chocolate,Acquisition,RR2,Day4
LPL_Acquisition_RR2_Day4,LPLAcquisitionRR2Day4A,LPLAcquisitionRR2Day4A_Rat23.csv,23____,16,1,1,C,Marios,115,1,0,600,5,3.50000000000006,6,2.72000000000001,0,0,0,0,3,15,2,10,A,F,A,X,Left,Right,Chocolate,Banana,Chocolate,Acquisition,RR2,Day4
LPL_Acquisition_RR2_Day4,LPLAcquisitionRR2Day4A,LPLAcquisitionRR2Day4A_Rat23.csv,23____,16,1,1,C,Marios,115,2,600,1200,4,3.05999999999995,3,2.79999999999995,0,0,0,0,3,15,0,0,A,F,A,X,Left,Right,Chocolate,Banana,Chocolate,Acquisition,RR2,Day4
LPL_Acquisition_RR2_Day4,LPLAcquisitionRR2Day4A,LPLAcquisitionRR2Day4A_Rat23.csv,23____,16,1,1,C,Marios,115,3,1200,1800,1,0.299999999999955,0,0,0,0,0,0,0,0,0,0,A,F,A,X,Left,Right,Chocolate,Banana,Chocolate,Acquisition,RR2,Day4
LPL_Acquisition_RR2_Day4,LPLAcquisitionRR2Day4A,LPLAcquisitionRR2Day4A_Rat42.csv,42____,16,5,1,C,Marios,113,1,0,600,2,1.75999999999993,0,0,0,0,0,0,1,5,0,0,A,M,A,Y,Left,Left,Banana,Chocolate,Banana,Acquisition,RR2,Day4
LPL_Acquisition_RR2_Day4,LPLAcquisitionRR2Day4A,LPLAcquisitionRR2Day4A_Rat42.csv,42____,16,5,1,C,Marios,113,2,600,1200,0,0,0,0,0,0,0,0,0,0,0,0,A,M,A,Y,Left,Left,Banana,Chocolate,Banana,Acquisition,RR2,Day4
LPL_Acquisition_RR2_Day4,LPLAcquisitionRR2Day4A,LPLAcquisitionRR2Day4A_Rat42.csv,42____,16,5,1,C,Marios,113,3,1200,1800,3,2.03999999999996,0,0,0,0,0,0,1,5,0,0,A,M,A,Y,Left,Left,Banana,Chocolate,Banana,Acquisition,RR2,Day4
LPL_Acquisition_RR2_Day4,LPLAcquisitionRR2Day4A,LPLAcquisitionRR2Day4A_Rat44.csv,44____,16,6,1,C,Marios,113,1,0,600,22,5.95999999999987,9,0.600000000000016,0,0,0,0,4,20,2,10,A,M,A,X,Left,Right,Chocolate,Banana,Chocolate,Acquisition,RR2,Day4
LPL_Acquisition_RR2_Day4,LPLAcquisitionRR2Day4A,LPLAcquisitionRR2Day4A_Rat44.csv,44____,16,6,1,C,Marios,113,2,600,1200,0,0,1,0,0,0,0,0,0,0,1,5,A,M,A,X,Left,Right,Chocolate,Banana,Chocolate,Acquisition,RR2,Day4
LPL_Acquisition_RR2_Day4,LPLAcquisitionRR2Day4A,LPLAcquisitionRR2Day4A_Rat44.csv,44____,16,6,1,C,Marios,113,3,1200,1800,0,0,0,0,0,0,0,0,0,0,0,0,A,M,A,X,Left,Right,Chocolate,Banana,Chocolate,Acquisition,RR2,Day4
LPL_Acquisition_RR2_Day4,LPLAcquisitionRR2Day4B,LPLAcquisitionRR2Day4B_Rat18.csv,18____,17,9,1,C,Marios,113,1,0,600,9,8.33999999999998,0,0,0,0,0,0,0,0,4,20,B,F,B,X,Right,Right,Chocolate,Banana,Chocolate,Acquisition,RR2,Day4
LPL_Acquisition_RR2_Day4,LPLAcquisitionRR2Day4B,LPLAcquisitionRR2Day4B_Rat18.csv,18____,17,9,1,C,Marios,113,2,600,1200,2,5.33999999999992,0,0,0,0,0,0,0,0,1,5,B,F,B,X,Right,Right,Chocolate,Banana,Chocolate,Acquisition,RR2,Day4
LPL_Acquisition_RR2_Day4,LPLAcquisitionRR2Day4B,LPLAcquisitionRR2Day4B_Rat18.csv,18____,17,9,1,C,Marios,113,3,1200,1800,1,5.53999999999996,0,0,0,0,0,0,0,0,0,0,B,F,B,X,Right,Right,Chocolate,Banana,Chocolate,Acquisition,RR2,Day4
LPL_Acquisition_RR2_Day4,LPLAcquisitionRR2Day4B,LPLAcquisitionRR2Day4B_Rat20.csv,20____,17,10,1,C,Marios,113,1,0,600,9,4.92000000000007,1,0.600000000000023,0,0,0,0,0,0,4,20,B,F,B,Y,Right,Left,Banana,Chocolate,Banana,Acquisition,RR2,Day4
LPL_Acquisition_RR2_Day4,LPLAcquisitionRR2Day4B,LPLAcquisitionRR2Day4B_Rat20.csv,20____,17,10,1,C,Marios,113,2,600,1200,9,6.96000000000015,0,0,0,0,0,0,0,0,4,20,B,F,B,Y,Right,Left,Banana,Chocolate,Banana,Acquisition,RR2,Day4
LPL_Acquisition_RR2_Day4,LPLAcquisitionRR2Day4B,LPLAcquisitionRR2Day4B_Rat20.csv,20____,17,10,1,C,Marios,113,3,1200,1800,32,61.3200000000011,0,0,0,0,0,0,0,0,13,65,B,F,B,Y,Right,Left,Banana,Chocolate,Banana,Acquisition,RR2,Day4
LPL_Acquisition_RR2_Day4,LPLAcquisitionRR2Day4B,LPLAcquisitionRR2Day4B_Rat22.csv,22____,17,12,1,C,Marios,113,1,0,600,5,2.24000000000001,8,4.85999999999993,0,0,0,0,5,25,1,5,B,F,B,X,Right,Right,Chocolate,Banana,Banana,Acquisition,RR2,Day4
LPL_Acquisition_RR2_Day4,LPLAcquisitionRR2Day4B,LPLAcquisitionRR2Day4B_Rat22.csv,22____,17,12,1,C,Marios,113,2,600,1200,8,3.8599999999999,16,8.67999999999984,0,0,0,0,6,30,5,25,B,F,B,X,Right,Right,Chocolate,Banana,Banana,Acquisition,RR2,Day4
LPL_Acquisition_RR2_Day4,LPLAcquisitionRR2Day4B,LPLAcquisitionRR2Day4B_Rat22.csv,22____,17,12,1,C,Marios,113,3,1200,1800,1,0.0199999999999818,3,0.380000000000109,0,0,0,0,1,5,0,0,B,F,B,X,Right,Right,Chocolate,Banana,Banana,Acquisition,RR2,Day4
LPL_Acquisition_RR2_Day4,LPLAcquisitionRR2Day4B,LPLAcquisitionRR2Day4B_Rat24.csv,24____,17,9,1,C,Marios,115,1,0,600,1,2.42000000000002,10,9.16,0,0,0,0,5,25,0,0,B,F,B,Y,Right,Left,Banana,Chocolate,Chocolate,Acquisition,RR2,Day4
LPL_Acquisition_RR2_Day4,LPLAcquisitionRR2Day4B,LPLAcquisitionRR2Day4B_Rat24.csv,24____,17,9,1,C,Marios,115,2,600,1200,2,1.34000000000003,8,5.89999999999998,0,0,0,0,3,15,0,0,B,F,B,Y,Right,Left,Banana,Chocolate,Chocolate,Acquisition,RR2,Day4
LPL_Acquisition_RR2_Day4,LPLAcquisitionRR2Day4B,LPLAcquisitionRR2Day4B_Rat24.csv,24____,17,9,1,C,Marios,115,3,1200,1800,7,2.07999999999947,7,5.46000000000026,0,0,0,0,4,20,2,10,B,F,B,Y,Right,Left,Banana,Chocolate,Chocolate,Acquisition,RR2,Day4
LPL_Acquisition_RR2_Day4,LPLAcquisitionRR2Day4B,LPLAcquisitionRR2Day4B_Rat25.csv,25____,17,2,1,C,Marios,115,1,0,600,2,0.28000000000003,3,1.66,0,0,0,0,2,10,0,0,B,F,B,Y,Right,Left,Banana,Chocolate,Chocolate,Acquisition,RR2,Day4
LPL_Acquisition_RR2_Day4,LPLAcquisitionRR2Day4B,LPLAcquisitionRR2Day4B_Rat25.csv,25____,17,2,1,C,Marios,115,2,600,1200,7,4.40000000000009,7,7.17999999999995,0,0,0,0,2,10,2,10,B,F,B,Y,Right,Left,Banana,Chocolate,Chocolate,Acquisition,RR2,Day4
LPL_Acquisition_RR2_Day4,LPLAcquisitionRR2Day4B,LPLAcquisitionRR2Day4B_Rat25.csv,25____,17,2,1,C,Marios,115,3,1200,1800,0,0,2,2.86000000000013,0,0,0,0,1,5,0,0,B,F,B,Y,Right,Left,Banana,Chocolate,Chocolate,Acquisition,RR2,Day4
LPL_Acquisition_RR2_Day4,LPLAcquisitionRR2Day4B,LPLAcquisitionRR2Day4B_Rat43.csv,43____,17,13,1,C,Marios,113,1,0,600,2,0.680000000000007,6,0.97999999999999,0,0,0,0,1,5,0,0,B,M,B,Y,Right,Left,Banana,Chocolate,Chocolate,Acquisition,RR2,Day4
LPL_Acquisition_RR2_Day4,LPLAcquisitionRR2Day4B,LPLAcquisitionRR2Day4B_Rat43.csv,43____,17,13,1,C,Marios,113,2,600,1200,0,0,5,0.419999999999845,0,0,0,0,2,10,0,0,B,M,B,Y,Right,Left,Banana,Chocolate,Chocolate,Acquisition,RR2,Day4
LPL_Acquisition_RR2_Day4,LPLAcquisitionRR2Day4B,LPLAcquisitionRR2Day4B_Rat43.csv,43____,17,13,1,C,Marios,113,3,1200,1800,1,2.20000000000005,20,5.18000000000052,0,0,0,0,4,20,0,0,B,M,B,Y,Right,Left,Banana,Chocolate,Chocolate,Acquisition,RR2,Day4
LPL_ReAcquisitionRR2_Sated1week_Day16,LPLReAcquisitionRR2Day16A,LPLReAcquisitionRR2Day16A_Rat17.csv,17____,16,1,1,C,Marios,300,1,0,600,31,9.19999999999993,12,121.18,0,0,0,0,13,65,2,10,A,F,A,X,Left,Right,Chocolate,Banana,Banana,ReAcquisitionRR2,Sated1week,Day16
LPL_ReAcquisitionRR2_Sated1week_Day16,LPLReAcquisitionRR2Day16A,LPLReAcquisitionRR2Day16A_Rat17.csv,17____,16,1,1,C,Marios,300,2,600,1200,17,7.08000000000038,11,147.4,0,0,0,0,6,30,4,20,A,F,A,X,Left,Right,Chocolate,Banana,Banana,ReAcquisitionRR2,Sated1week,Day16
LPL_ReAcquisitionRR2_Sated1week_Day16,LPLReAcquisitionRR2Day16A,LPLReAcquisitionRR2Day16A_Rat17.csv,17____,16,1,1,C,Marios,300,3,1200,1800,15,11.0399999999997,5,12.7800000000002,0,0,0,0,6,30,0,0,A,F,A,X,Left,Right,Chocolate,Banana,Banana,ReAcquisitionRR2,Sated1week,Day16
LPL_ReAcquisitionRR2_Sated1week_Day16,LPLReAcquisitionRR2Day16A,LPLReAcquisitionRR2Day16A_Rat19.csv,19____,16,2,1,C,Marios,300,1,0,600,59,8.01999999999975,27,27.3999999999999,0,0,0,0,21,105,7,35,A,F,A,Y,Left,Left,Banana,Chocolate,Chocolate,ReAcquisitionRR2,Sated1week,Day16
LPL_ReAcquisitionRR2_Sated1week_Day16,LPLReAcquisitionRR2Day16A,LPLReAcquisitionRR2Day16A_Rat19.csv,19____,16,2,1,C,Marios,300,2,600,1200,20,3.34000000000037,13,19.8599999999998,0,0,0,0,6,30,5,25,A,F,A,Y,Left,Left,Banana,Chocolate,Chocolate,ReAcquisitionRR2,Sated1week,Day16
LPL_ReAcquisitionRR2_Sated1week_Day16,LPLReAcquisitionRR2Day16A,LPLReAcquisitionRR2Day16A_Rat19.csv,19____,16,2,1,C,Marios,300,3,1200,1800,12,0.960000000000264,6,16.0600000000002,0,0,0,0,2,10,2,10,A,F,A,Y,Left,Left,Banana,Chocolate,Chocolate,ReAcquisitionRR2,Sated1week,Day16
LPL_ReAcquisitionRR2_Sated1week_Day16,LPLReAcquisitionRR2Day16A,LPLReAcquisitionRR2Day16A_Rat21.csv,21____,16,4,1,C,Marios,300,1,0,600,17,25.0999999999999,0,0,0,0,0,0,7,35,0,0,A,F,A,X,Left,Right,Chocolate,Banana,Chocolate,ReAcquisitionRR2,Sated1week,Day16
LPL_ReAcquisitionRR2_Sated1week_Day16,LPLReAcquisitionRR2Day16A,LPLReAcquisitionRR2Day16A_Rat21.csv,21____,16,4,1,C,Marios,300,2,600,1200,13,21.5800000000002,0,0,0,0,0,0,5,25,0,0,A,F,A,X,Left,Right,Chocolate,Banana,Chocolate,ReAcquisitionRR2,Sated1week,Day16
LPL_ReAcquisitionRR2_Sated1week_Day16,LPLReAcquisitionRR2Day16A,LPLReAcquisitionRR2Day16A_Rat21.csv,21____,16,4,1,C,Marios,300,3,1200,1800,5,7.22000000000003,31,9.38000000000011,0,0,0,0,3,15,9,45,A,F,A,X,Left,Right,Chocolate,Banana,Chocolate,ReAcquisitionRR2,Sated1week,Day16
LPL_ReAcquisitionRR2_Sated1week_Day16,LPLReAcquisitionRR2Day16A,LPLReAcquisitionRR2Day16A_Rat23.csv,23____,16,1,1,C,Marios,301,1,0,600,0,0,1,0.5,0,0,0,0,0,0,1,5,A,F,A,X,Left,Right,Chocolate,Banana,Chocolate,ReAcquisitionRR2,Sated1week,Day16
LPL_ReAcquisitionRR2_Sated1week_Day16,LPLReAcquisitionRR2Day16A,LPLReAcquisitionRR2Day16A_Rat23.csv,23____,16,1,1,C,Marios,301,2,600,1200,0,0,5,33.72,0,0,0,0,0,0,4,20,A,F,A,X,Left,Right,Chocolate,Banana,Chocolate,ReAcquisitionRR2,Sated1week,Day16
LPL_ReAcquisitionRR2_Sated1week_Day16,LPLReAcquisitionRR2Day16A,LPLReAcquisitionRR2Day16A_Rat23.csv,23____,16,1,1,C,Marios,301,3,1200,1800,1,0.660000000000082,4,23.3600000000004,0,0,0,0,0,0,2,10,A,F,A,X,Left,Right,Chocolate,Banana,Chocolate,ReAcquisitionRR2,Sated1week,Day16
LPL_ReAcquisitionRR2_Sated1week_Day16,LPLReAcquisitionRR2Day16A,LPLReAcquisitionRR2Day16A_Rat42.csv,42____,16,5,2,C,Marios,300,1,0,600,18,13.28,0,0,0,0,0,0,9,45,0,0,A,M,A,Y,Left,Left,Banana,Chocolate,Banana,ReAcquisitionRR2,Sated1week,Day16
LPL_ReAcquisitionRR2_Sated1week_Day16,LPLReAcquisitionRR2Day16A,LPLReAcquisitionRR2Day16A_Rat42.csv,42____,16,5,2,C,Marios,300,2,600,1200,46,31.8199999999998,8,13.6200000000003,0,0,0,0,14,70,4,20,A,M,A,Y,Left,Left,Banana,Chocolate,Banana,ReAcquisitionRR2,Sated1week,Day16
LPL_ReAcquisitionRR2_Sated1week_Day16,LPLReAcquisitionRR2Day16A,LPLReAcquisitionRR2Day16A_Rat42.csv,42____,16,5,2,C,Marios,300,3,1200,1800,7,18.54,0,0,0,0,0,0,5,25,0,0,A,M,A,Y,Left,Left,Banana,Chocolate,Banana,ReAcquisitionRR2,Sated1week,Day16
LPL_ReAcquisitionRR2_Sated1week_Day16,LPLReAcquisitionRR2Day16A,LPLReAcquisitionRR2Day16A_Rat44.csv,44____,16,6,1,C,Marios,300,1,0,600,56,12.2599999999999,7,0.46000000000015,0,0,0,0,16,80,3,15,A,M,A,X,Left,Right,Chocolate,Banana,Chocolate,ReAcquisitionRR2,Sated1week,Day16
LPL_ReAcquisitionRR2_Sated1week_Day16,LPLReAcquisitionRR2Day16A,LPLReAcquisitionRR2Day16A_Rat44.csv,44____,16,6,1,C,Marios,300,2,600,1200,15,4.17999999999995,2,0.139999999999986,0,0,0,0,4,20,0,0,A,M,A,X,Left,Right,Chocolate,Banana,Chocolate,ReAcquisitionRR2,Sated1week,Day16
LPL_ReAcquisitionRR2_Sated1week_Day16,LPLReAcquisitionRR2Day16A,LPLReAcquisitionRR2Day16A_Rat44.csv,44____,16,6,1,C,Marios,300,3,1200,1800,0,0,0,0,0,0,0,0,0,0,0,0,A,M,A,X,Left,Right,Chocolate,Banana,Chocolate,ReAcquisitionRR2,Sated1week,Day16
LPL_ReAcquisitionRR2_Sated1week_Day16,LPLReAcquisitionRR2Day16B,LPLReAcquisitionRR2Day16B_Rat18.csv,18____,17,9,1,C,Marios,300,1,0,600,12,3.3400000000001002,4,1.43999999999999,0,0,0,0,2,10,5,25,B,F,B,X,Right,Right,Chocolate,Banana,Chocolate,ReAcquisitionRR2,Sated1week,Day16
LPL_ReAcquisitionRR2_Sated1week_Day16,LPLReAcquisitionRR2Day16B,LPLReAcquisitionRR2Day16B_Rat18.csv,18____,17,9,1,C,Marios,300,2,600,1200,9,4.57999999999993,0,0,0,0,0,0,0,0,3,15,B,F,B,X,Right,Right,Chocolate,Banana,Chocolate,ReAcquisitionRR2,Sated1week,Day16
LPL_ReAcquisitionRR2_Sated1week_Day16,LPLReAcquisitionRR2Day16B,LPLReAcquisitionRR2Day16B_Rat18.csv,18____,17,9,1,C,Marios,300,3,1200,1800,14,6.3599999999999,0,0,0,0,0,0,0,0,6,30,B,F,B,X,Right,Right,Chocolate,Banana,Chocolate,ReAcquisitionRR2,Sated1week,Day16
LPL_ReAcquisitionRR2_Sated1week_Day16,LPLReAcquisitionRR2Day16B,LPLReAcquisitionRR2Day16B_Rat20.csv,20____,17,10,1,C,Marios,300,1,0,600,3,0.660000000000082,2,0.140000000000015,0,0,0,0,1,5,2,10,B,F,B,Y,Right,Left,Banana,Chocolate,Banana,ReAcquisitionRR2,Sated1week,Day16
LPL_ReAcquisitionRR2_Sated1week_Day16,LPLReAcquisitionRR2Day16B,LPLReAcquisitionRR2Day16B_Rat20.csv,20____,17,10,1,C,Marios,300,2,600,1200,19,31.8599999999999,2,1.12000000000012,0,0,0,0,1,5,10,50,B,F,B,Y,Right,Left,Banana,Chocolate,Banana,ReAcquisitionRR2,Sated1week,Day16
LPL_ReAcquisitionRR2_Sated1week_Day16,LPLReAcquisitionRR2Day16B,LPLReAcquisitionRR2Day16B_Rat20.csv,20____,17,10,1,C,Marios,300,3,1200,1800,33,40.6200000000004,4,1.01999999999975,0,0,0,0,1,5,12,60,B,F,B,Y,Right,Left,Banana,Chocolate,Banana,ReAcquisitionRR2,Sated1week,Day16
LPL_ReAcquisitionRR2_Sated1week_Day16,LPLReAcquisitionRR2Day16B,LPLReAcquisitionRR2Day16B_Rat22.csv,22____,17,12,1,C,Marios,300,1,0,600,16,8.74000000000004,33,29.9399999999999,0,0,0,0,16,80,4,20,B,F,B,X,Right,Right,Chocolate,Banana,Banana,ReAcquisitionRR2,Sated1week,Day16
LPL_ReAcquisitionRR2_Sated1week_Day16,LPLReAcquisitionRR2Day16B,LPLReAcquisitionRR2Day16B_Rat22.csv,22____,17,12,1,C,Marios,300,2,600,1200,12,18.3799999999999,11,11.18,0,0,0,0,6,30,3,15,B,F,B,X,Right,Right,Chocolate,Banana,Banana,ReAcquisitionRR2,Sated1week,Day16
LPL_ReAcquisitionRR2_Sated1week_Day16,LPLReAcquisitionRR2Day16B,LPLReAcquisitionRR2Day16B_Rat22.csv,22____,17,12,1,C,Marios,300,3,1200,1800,14,18.9799999999993,15,20.9399999999998,0,0,0,0,4,20,8,40,B,F,B,X,Right,Right,Chocolate,Banana,Banana,ReAcquisitionRR2,Sated1week,Day16
LPL_ReAcquisitionRR2_Sated1week_Day16,LPLReAcquisitionRR2Day16B,LPLReAcquisitionRR2Day16B_Rat24.csv,24____,17,9,1,C,Marios,301,1,0,600,2,0.519999999999996,13,9.05999999999995,0,0,0,0,6,30,0,0,B,F,B,Y,Right,Left,Banana,Chocolate,Chocolate,ReAcquisitionRR2,Sated1week,Day16
LPL_ReAcquisitionRR2_Sated1week_Day16,LPLReAcquisitionRR2Day16B,LPLReAcquisitionRR2Day16B_Rat24.csv,24____,17,9,1,C,Marios,301,2,600,1200,12,3.39999999999975,17,21.6000000000005,0,0,0,0,3,15,5,25,B,F,B,Y,Right,Left,Banana,Chocolate,Chocolate,ReAcquisitionRR2,Sated1week,Day16
LPL_ReAcquisitionRR2_Sated1week_Day16,LPLReAcquisitionRR2Day16B,LPLReAcquisitionRR2Day16B_Rat24.csv,24____,17,9,1,C,Marios,301,3,1200,1800,8,6.5,49,54.6999999999998,0,0,0,0,13,65,2,10,B,F,B,Y,Right,Left,Banana,Chocolate,Chocolate,ReAcquisitionRR2,Sated1week,Day16
LPL_ReAcquisitionRR2_Sated1week_Day16,LPLReAcquisitionRR2Day16B,LPLReAcquisitionRR2Day16B_Rat25.csv,25____,17,2,1,C,Marios,301,1,0,600,8,2.45999999999992,26,31.2999999999998,0,0,0,0,11,55,5,25,B,F,B,Y,Right,Left,Banana,Chocolate,Chocolate,ReAcquisitionRR2,Sated1week,Day16
LPL_ReAcquisitionRR2_Sated1week_Day16,LPLReAcquisitionRR2Day16B,LPLReAcquisitionRR2Day16B_Rat25.csv,25____,17,2,1,C,Marios,301,2,600,1200,9,8.3399999999998,18,40.8999999999996,0,0,0,0,10,50,2,10,B,F,B,Y,Right,Left,Banana,Chocolate,Chocolate,ReAcquisitionRR2,Sated1week,Day16
LPL_ReAcquisitionRR2_Sated1week_Day16,LPLReAcquisitionRR2Day16B,LPLReAcquisitionRR2Day16B_Rat25.csv,25____,17,2,1,C,Marios,301,3,1200,1800,8,16.4800000000002,17,33.4599999999998,0,0,0,0,7,35,3,15,B,F,B,Y,Right,Left,Banana,Chocolate,Chocolate,ReAcquisitionRR2,Sated1week,Day16
LPL_ReAcquisitionRR2_Sated1week_Day16,LPLReAcquisitionRR2Day16B,LPLReAcquisitionRR2Day16B_Rat43.csv,43____,17,13,1,C,Marios,300,1,0,600,2,0.100000000000023,40,6.44000000000011,0,0,0,0,20,100,0,0,B,M,B,Y,Right,Left,Banana,Chocolate,Chocolate,ReAcquisitionRR2,Sated1week,Day16
LPL_ReAcquisitionRR2_Sated1week_Day16,LPLReAcquisitionRR2Day16B,LPLReAcquisitionRR2Day16B_Rat43.csv,43____,17,13,1,C,Marios,300,2,600,1200,3,6.57999999999993,10,2.73999999999978,0,0,0,0,3,15,1,5,B,M,B,Y,Right,Left,Banana,Chocolate,Chocolate,ReAcquisitionRR2,Sated1week,Day16
LPL_ReAcquisitionRR2_Sated1week_Day16,LPLReAcquisitionRR2Day16B,LPLReAcquisitionRR2Day16B_Rat43.csv,43____,17,13,1,C,Marios,300,3,1200,1800,0,0,0,0,0,0,0,0,0,0,0,0,B,M,B,Y,Right,Left,Banana,Chocolate,Chocolate,ReAcquisitionRR2,Sated1week,Day16
