Project,UserID,Protocol,Session,Station,Run,Subject,Time,Current State,Transition State,Transition Event,A1_On,A2_On,A3_On,A4_On,A1_Off,A2_Off,A3_Off,A4_Off,folder,file
C,Marios,80,326,10,1,12____,0,0,1,0,0,0,0,0,0,0,0,0,NovelLightCues_Acquisition_Day2,CRFNovelLightAcquisitionDay2D
C,Marios,80,326,10,1,12____,1094,1,0,0,0,0,1,0,0,0,0,0,NovelLightCues_Acquisition_Day2,CRFNovelLightAcquisitionDay2D
C,Marios,80,326,10,1,12____,1117,1,0,0,0,0,0,0,0,0,1,0,NovelLightCues_Acquisition_Day2,CRFNovelLightAcquisitionDay2D
C,Marios,80,326,10,1,12____,1494,1,0,0,0,0,1,0,0,0,0,0,NovelLightCues_Acquisition_Day2,CRFNovelLightAcquisitionDay2D
C,Marios,80,326,10,1,12____,1532,1,0,0,0,0,0,0,0,0,1,0,NovelLightCues_Acquisition_Day2,CRFNovelLightAcquisitionDay2D
C,Marios,80,326,10,1,12____,1534,1,0,0,0,0,1,0,0,0,0,0,NovelLightCues_Acquisition_Day2,CRFNovelLightAcquisitionDay2D
C,Marios,80,326,10,1,12____,1536,1,0,0,0,0,0,0,0,0,1,0,NovelLightCues_Acquisition_Day2,CRFNovelLightAcquisitionDay2D
C,Marios,80,326,10,1,12____,1540,1,0,0,0,0,1,0,0,0,0,0,NovelLightCues_Acquisition_Day2,CRFNovelLightAcquisitionDay2D
C,Marios,80,326,10,1,12____,1542,1,0,0,0,0,0,0,0,0,1,0,NovelLightCues_Acquisition_Day2,CRFNovelLightAcquisitionDay2D
C,Marios,80,326,10,1,12____,2011,1,0,0,0,0,1,0,0,0,0,0,NovelLightCues_Acquisition_Day2,CRFNovelLightAcquisitionDay2D
C,Marios,80,326,10,1,12____,2036,1,0,0,0,0,0,0,0,0,1,0,NovelLightCues_Acquisition_Day2,CRFNovelLightAcquisitionDay2D
C,Marios,80,326,10,1,12____,2332,1,0,0,0,0,1,0,0,0,0,0,NovelLightCues_Acquisition_Day2,CRFNovelLightAcquisitionDay2D
C,Marios,80,326,10,1,12____,2419,1,0,0,0,0,0,0,0,0,1,0,NovelLightCues_Acquisition_Day2,CRFNovelLightAcquisitionDay2D
C,Marios,80,326,10,1,12____,3012,1,0,0,0,0,1,0,0,0,0,0,NovelLightCues_Acquisition_Day2,CRFNovelLightAcquisitionDay2D
C,Marios,80,326,10,1,12____,3022,1,0,0,0,0,0,0,0,0,1,0,NovelLightCues_Acquisition_Day2,CRFNovelLightAcquisitionDay2D
C,Marios,80,326,10,1,12____,3023,1,0,0,0,0,1,0,0,0,0,0,NovelLightCues_Acquisition_Day2,CRFNovelLightAcquisitionDay2D
C,Marios,80,326,10,1,12____,3026,1,0,0,0,0,0,0,0,0,1,0,NovelLightCues_Acquisition_Day2,CRFNovelLightAcquisitionDay2D
C,Marios,80,326,10,1,12____,3031,1,0,0,0,0,1,0,0,0,0,0,NovelLightCues_Acquisition_Day2,CRFNovelLightAcquisitionDay2D
C,Marios,80,326,10,1,12____,3057,1,0,0,0,0,0,0,0,0,1,0,NovelLightCues_Acquisition_Day2,CRFNovelLightAcquisitionDay2D
C,Marios,80,326,10,1,12____,3058,1,0,0,0,0,1,0,0,0,0,0,NovelLightCues_Acquisition_Day2,CRFNovelLightAcquisitionDay2D
C,Marios,80,326,10,1,12____,3141,1,0,0,0,0,0,0,0,0,1,0,NovelLightCues_Acquisition_Day2,CRFNovelLightAcquisitionDay2D
C,Marios,80,326,10,1,12____,3148,1,0,0,0,0,1,0,0,0,0,0,NovelLightCues_Acquisition_Day2,CRFNovelLightAcquisitionDay2D
C,Marios,80,326,10,1,12____,3171,1,0,0,0,0,0,0,0,0,1,0,NovelLightCues_Acquisition_Day2,CRFNovelLightAcquisitionDay2D
C,Marios,80,326,10,1,12____,3238,1,0,0,0,0,1,0,0,0,0,0,NovelLightCues_Acquisition_Day2,CRFNovelLightAcquisitionDay2D
C,Marios,80,326,10,1,12____,3300,1,0,0,0,0,0,0,0,0,1,0,NovelLightCues_Acquisition_Day2,CRFNovelLightAcquisitionDay2D
C,Marios,80,326,10,1,12____,3520,1,0,0,0,0,1,0,0,0,0,0,NovelLightCues_Acquisition_Day2,CRFNovelLightAcquisitionDay2D
C,Marios,80,326,10,1,12____,3603,1,0,0,0,0,0,0,0,0,1,0,NovelLightCues_Acquisition_Day2,CRFNovelLightAcquisitionDay2D
C,Marios,80,326,10,1,12____,4591,1,0,0,0,0,1,0,0,0,0,0,NovelLightCues_Acquisition_Day2,CRFNovelLightAcquisitionDay2D
C,Marios,80,326,10,1,12____,4702,1,0,0,0,0,0,0,0,0,1,0,NovelLightCues_Acquisition_Day2,CRFNovelLightAcquisitionDay2D
C,Marios,80,326,10,1,12____,5250,1,2,0,0,0,0,0,0,0,0,0,NovelLightCues_Acquisition_Day2,CRFNovelLightAcquisitionDay2D
C,Marios,80,326,10,1,12____,5750,2,5,0,0,0,0,0,0,0,0,0,NovelLightCues_Acquisition_Day2,CRFNovelLightAcquisitionDay2D
C,Marios,80,326,10,1,12____,6250,5,8,0,0,0,0,0,0,0,0,0,NovelLightCues_Acquisition_Day2,CRFNovelLightAcquisitionDay2D
C,Marios,80,326,10,1,12____,6307,8,0,0,0,0,1,0,0,0,0,0,NovelLightCues_Acquisition_Day2,CRFNovelLightAcquisitionDay2D
C,Marios,80,326,10,1,12____,6440,8,0,0,0,0,0,0,0,0,1,0,NovelLightCues_Acquisition_Day2,CRFNovelLightAcquisitionDay2D
C,Marios,80,326,10,1,12____,6750,8,1,0,0,0,0,0,0,0,0,0,NovelLightCues_Acquisition_Day2,CRFNovelLightAcquisitionDay2D
C,Marios,80,326,10,1,12____,6918,1,0,0,0,0,1,0,0,0,0,0,NovelLightCues_Acquisition_Day2,CRFNovelLightAcquisitionDay2D
C,Marios,80,326,10,1,12____,6923,1,0,0,0,0,0,0,0,0,1,0,NovelLightCues_Acquisition_Day2,CRFNovelLightAcquisitionDay2D
C,Marios,80,326,10,1,12____,7922,1,0,0,0,0,1,0,0,0,0,0,NovelLightCues_Acquisition_Day2,CRFNovelLightAcquisitionDay2D
C,Marios,80,326,10,1,12____,7926,1,0,0,0,0,0,0,0,0,1,0,NovelLightCues_Acquisition_Day2,CRFNovelLightAcquisitionDay2D
C,Marios,80,326,10,1,12____,7927,1,0,0,0,0,1,0,0,0,0,0,NovelLightCues_Acquisition_Day2,CRFNovelLightAcquisitionDay2D
C,Marios,80,326,10,1,12____,7942,1,0,0,0,0,0,0,0,0,1,0,NovelLightCues_Acquisition_Day2,CRFNovelLightAcquisitionDay2D
C,Marios,80,326,10,1,12____,8811,1,0,0,0,0,1,0,0,0,0,0,NovelLightCues_Acquisition_Day2,CRFNovelLightAcquisitionDay2D
C,Marios,80,326,10,1,12____,8876,1,0,0,0,0,0,0,0,0,1,0,NovelLightCues_Acquisition_Day2,CRFNovelLightAcquisitionDay2D
C,Marios,80,326,10,1,12____,9545,1,0,0,0,0,1,0,0,0,0,0,NovelLightCues_Acquisition_Day2,CRFNovelLightAcquisitionDay2D
C,Marios,80,326,10,1,12____,9551,1,0,0,0,0,0,0,0,0,1,0,NovelLightCues_Acquisition_Day2,CRFNovelLightAcquisitionDay2D
C,Marios,80,326,10,1,12____,9606,1,0,0,0,0,1,0,0,0,0,0,NovelLightCues_Acquisition_Day2,CRFNovelLightAcquisitionDay2D
C,Marios,80,326,10,1,12____,9671,1,0,0,0,0,0,0,0,0,1,0,NovelLightCues_Acquisition_Day2,CRFNovelLightAcquisitionDay2D
C,Marios,80,326,10,1,12____,9898,1,0,0,0,0,1,0,0,0,0,0,NovelLightCues_Acquisition_Day2,CRFNovelLightAcquisitionDay2D
C,Marios,80,326,10,1,12____,9928,1,0,0,0,0,0,0,0,0,1,0,NovelLightCues_Acquisition_Day2,CRFNovelLightAcquisitionDay2D
C,Marios,80,326,10,1,12____,10364,1,0,0,0,0,1,0,0,0,0,0,NovelLightCues_Acquisition_Day2,CRFNovelLightAcquisitionDay2D
C,Marios,80,326,10,1,12____,10486,1,0,0,0,0,0,0,0,0,1,0,NovelLightCues_Acquisition_Day2,CRFNovelLightAcquisitionDay2D
C,Marios,80,326,10,1,12____,11065,1,0,0,0,0,1,0,0,0,0,0,NovelLightCues_Acquisition_Day2,CRFNovelLightAcquisitionDay2D
C,Marios,80,326,10,1,12____,11067,1,0,0,0,0,0,0,0,0,1,0,NovelLightCues_Acquisition_Day2,CRFNovelLightAcquisitionDay2D
C,Marios,80,326,10,1,12____,11069,1,0,0,0,0,1,0,0,0,0,0,NovelLightCues_Acquisition_Day2,CRFNovelLightAcquisitionDay2D
C,Marios,80,326,10,1,12____,11345,1,0,0,0,0,0,0,0,0,1,0,NovelLightCues_Acquisition_Day2,CRFNovelLightAcquisitionDay2D
C,Marios,80,326,10,1,12____,12326,1,0,0,0,0,1,0,0,0,0,0,NovelLightCues_Acquisition_Day2,CRFNovelLightAcquisitionDay2D
C,Marios,80,326,10,1,12____,12411,1,0,0,0,0,0,0,0,0,1,0,NovelLightCues_Acquisition_Day2,CRFNovelLightAcquisitionDay2D
C,Marios,80,326,10,1,12____,12877,1,0,0,0,0,1,0,0,0,0,0,NovelLightCues_Acquisition_Day2,CRFNovelLightAcquisitionDay2D
C,Marios,80,326,10,1,12____,12937,1,0,0,0,0,0,0,0,0,1,0,NovelLightCues_Acquisition_Day2,CRFNovelLightAcquisitionDay2D
C,Marios,80,326,10,1,12____,13179,1,0,0,0,0,1,0,0,0,0,0,NovelLightCues_Acquisition_Day2,CRFNovelLightAcquisitionDay2D
C,Marios,80,326,10,1,12____,13292,1,0,0,0,0,0,0,0,0,1,0,NovelLightCues_Acquisition_Day2,CRFNovelLightAcquisitionDay2D
C,Marios,80,326,10,1,12____,13392,1,0,0,0,0,1,0,0,0,0,0,NovelLightCues_Acquisition_Day2,CRFNovelLightAcquisitionDay2D
C,Marios,80,326,10,1,12____,13448,1,0,0,0,0,0,0,0,0,1,0,NovelLightCues_Acquisition_Day2,CRFNovelLightAcquisitionDay2D
C,Marios,80,326,10,1,12____,13551,1,0,0,0,0,1,0,0,0,0,0,NovelLightCues_Acquisition_Day2,CRFNovelLightAcquisitionDay2D
C,Marios,80,326,10,1,12____,13572,1,0,0,0,0,0,0,0,0,1,0,NovelLightCues_Acquisition_Day2,CRFNovelLightAcquisitionDay2D
C,Marios,80,326,10,1,12____,13670,1,0,0,0,0,1,0,0,0,0,0,NovelLightCues_Acquisition_Day2,CRFNovelLightAcquisitionDay2D
C,Marios,80,326,10,1,12____,13792,1,0,0,0,0,0,0,0,0,1,0,NovelLightCues_Acquisition_Day2,CRFNovelLightAcquisitionDay2D
C,Marios,80,326,10,1,12____,14179,1,0,0,0,0,1,0,0,0,0,0,NovelLightCues_Acquisition_Day2,CRFNovelLightAcquisitionDay2D
C,Marios,80,326,10,1,12____,14196,1,0,0,0,0,0,0,0,0,1,0,NovelLightCues_Acquisition_Day2,CRFNovelLightAcquisitionDay2D
C,Marios,80,326,10,1,12____,14250,1,2,0,0,0,0,0,0,0,0,0,NovelLightCues_Acquisition_Day2,CRFNovelLightAcquisitionDay2D
C,Marios,80,326,10,1,12____,14750,2,3,0,0,0,0,0,0,0,0,0,NovelLightCues_Acquisition_Day2,CRFNovelLightAcquisitionDay2D
C,Marios,80,326,10,1,12____,15250,3,9,0,0,0,0,0,0,0,0,0,NovelLightCues_Acquisition_Day2,CRFNovelLightAcquisitionDay2D
C,Marios,80,326,10,1,12____,15313,9,0,0,0,0,1,0,0,0,0,0,NovelLightCues_Acquisition_Day2,CRFNovelLightAcquisitionDay2D
C,Marios,80,326,10,1,12____,15368,9,0,0,0,0,0,0,0,0,1,0,NovelLightCues_Acquisition_Day2,CRFNovelLightAcquisitionDay2D
C,Marios,80,326,10,1,12____,15397,9,0,0,0,0,1,0,0,0,0,0,NovelLightCues_Acquisition_Day2,CRFNovelLightAcquisitionDay2D
C,Marios,80,326,10,1,12____,15417,9,0,0,0,0,0,0,0,0,1,0,NovelLightCues_Acquisition_Day2,CRFNovelLightAcquisitionDay2D
C,Marios,80,326,10,1,12____,15439,9,0,0,0,0,1,0,0,0,0,0,NovelLightCues_Acquisition_Day2,CRFNovelLightAcquisitionDay2D
C,Marios,80,326,10,1,12____,15479,9,0,0,0,0,0,0,0,0,1,0,NovelLightCues_Acquisition_Day2,CRFNovelLightAcquisitionDay2D
C,Marios,80,326,10,1,12____,15518,9,0,0,0,0,1,0,0,0,0,0,NovelLightCues_Acquisition_Day2,CRFNovelLightAcquisitionDay2D
C,Marios,80,326,10,1,12____,15562,9,0,0,0,0,0,0,0,0,1,0,NovelLightCues_Acquisition_Day2,CRFNovelLightAcquisitionDay2D
C,Marios,80,326,10,1,12____,15622,9,0,0,0,0,1,0,0,0,0,0,NovelLightCues_Acquisition_Day2,CRFNovelLightAcquisitionDay2D
C,Marios,80,326,10,1,12____,15626,9,0,0,0,0,1,0,0,0,1,0,NovelLightCues_Acquisition_Day2,CRFNovelLightAcquisitionDay2D
C,Marios,80,326,10,1,12____,15666,9,0,0,0,0,0,0,0,0,1,0,NovelLightCues_Acquisition_Day2,CRFNovelLightAcquisitionDay2D
C,Marios,80,326,10,1,12____,15750,9,1,0,0,0,0,0,0,0,0,0,NovelLightCues_Acquisition_Day2,CRFNovelLightAcquisitionDay2D
C,Marios,80,326,10,1,12____,15758,1,0,0,0,0,1,0,0,0,0,0,NovelLightCues_Acquisition_Day2,CRFNovelLightAcquisitionDay2D
C,Marios,80,326,10,1,12____,15848,1,0,0,0,0,0,0,0,0,1,0,NovelLightCues_Acquisition_Day2,CRFNovelLightAcquisitionDay2D
C,Marios,80,326,10,1,12____,15930,1,0,0,0,0,1,0,0,0,0,0,NovelLightCues_Acquisition_Day2,CRFNovelLightAcquisitionDay2D
C,Marios,80,326,10,1,12____,15972,1,0,0,0,0,0,0,0,0,1,0,NovelLightCues_Acquisition_Day2,CRFNovelLightAcquisitionDay2D
C,Marios,80,326,10,1,12____,16072,1,0,0,0,0,1,0,0,0,0,0,NovelLightCues_Acquisition_Day2,CRFNovelLightAcquisitionDay2D
C,Marios,80,326,10,1,12____,16122,1,0,0,0,0,0,0,0,0,1,0,NovelLightCues_Acquisition_Day2,CRFNovelLightAcquisitionDay2D
C,Marios,80,326,10,1,12____,16215,1,0,0,0,0,1,0,0,0,0,0,NovelLightCues_Acquisition_Day2,CRFNovelLightAcquisitionDay2D
C,Marios,80,326,10,1,12____,16290,1,0,0,0,0,0,0,0,0,1,0,NovelLightCues_Acquisition_Day2,CRFNovelLightAcquisitionDay2D
C,Marios,80,326,10,1,12____,16331,1,0,0,0,0,1,0,0,0,0,0,NovelLightCues_Acquisition_Day2,CRFNovelLightAcquisitionDay2D
C,Marios,80,326,10,1,12____,16384,1,0,0,0,0,0,0,0,0,1,0,NovelLightCues_Acquisition_Day2,CRFNovelLightAcquisitionDay2D
C,Marios,80,326,10,1,12____,17093,1,0,0,0,0,1,0,0,0,0,0,NovelLightCues_Acquisition_Day2,CRFNovelLightAcquisitionDay2D
C,Marios,80,326,10,1,12____,17107,1,0,0,0,0,0,0,0,0,1,0,NovelLightCues_Acquisition_Day2,CRFNovelLightAcquisitionDay2D
C,Marios,80,326,10,1,12____,17250,1,2,0,0,0,0,0,0,0,0,0,NovelLightCues_Acquisition_Day2,CRFNovelLightAcquisitionDay2D
C,Marios,80,326,10,1,12____,17379,2,0,0,0,0,1,0,0,0,0,0,NovelLightCues_Acquisition_Day2,CRFNovelLightAcquisitionDay2D
C,Marios,80,326,10,1,12____,17408,2,0,0,0,0,0,0,0,0,1,0,NovelLightCues_Acquisition_Day2,CRFNovelLightAcquisitionDay2D
C,Marios,80,326,10,1,12____,17569,2,0,0,0,0,1,0,0,0,0,0,NovelLightCues_Acquisition_Day2,CRFNovelLightAcquisitionDay2D
C,Marios,80,326,10,1,12____,17673,2,0,0,0,0,0,0,0,0,1,0,NovelLightCues_Acquisition_Day2,CRFNovelLightAcquisitionDay2D
C,Marios,80,326,10,1,12____,17750,2,6,0,0,0,0,0,0,0,0,0,NovelLightCues_Acquisition_Day2,CRFNovelLightAcquisitionDay2D
C,Marios,80,326,10,1,12____,18250,6,8,0,0,0,0,0,0,0,0,0,NovelLightCues_Acquisition_Day2,CRFNovelLightAcquisitionDay2D
C,Marios,80,326,10,1,12____,18299,8,0,0,0,0,1,0,0,0,0,0,NovelLightCues_Acquisition_Day2,CRFNovelLightAcquisitionDay2D
C,Marios,80,326,10,1,12____,18408,8,0,0,0,0,0,0,0,0,1,0,NovelLightCues_Acquisition_Day2,CRFNovelLightAcquisitionDay2D
C,Marios,80,326,10,1,12____,18412,8,0,0,0,0,1,0,0,0,0,0,NovelLightCues_Acquisition_Day2,CRFNovelLightAcquisitionDay2D
C,Marios,80,326,10,1,12____,18428,8,0,0,0,0,0,0,0,0,1,0,NovelLightCues_Acquisition_Day2,CRFNovelLightAcquisitionDay2D
C,Marios,80,326,10,1,12____,18429,8,0,0,0,0,1,0,0,0,0,0,NovelLightCues_Acquisition_Day2,CRFNovelLightAcquisitionDay2D
C,Marios,80,326,10,1,12____,18432,8,0,0,0,0,0,0,0,0,1,0,NovelLightCues_Acquisition_Day2,CRFNovelLightAcquisitionDay2D
C,Marios,80,326,10,1,12____,18750,8,1,0,0,0,0,0,0,0,0,0,NovelLightCues_Acquisition_Day2,CRFNovelLightAcquisitionDay2D
C,Marios,80,326,10,1,12____,20076,1,0,0,0,0,1,0,0,0,0,0,NovelLightCues_Acquisition_Day2,CRFNovelLightAcquisitionDay2D
C,Marios,80,326,10,1,12____,20301,1,0,0,0,0,0,0,0,0,1,0,NovelLightCues_Acquisition_Day2,CRFNovelLightAcquisitionDay2D
C,Marios,80,326,10,1,12____,20709,1,0,0,0,0,1,0,0,0,0,0,NovelLightCues_Acquisition_Day2,CRFNovelLightAcquisitionDay2D
C,Marios,80,326,10,1,12____,20757,1,0,0,0,0,0,0,0,0,1,0,NovelLightCues_Acquisition_Day2,CRFNovelLightAcquisitionDay2D
C,Marios,80,326,10,1,12____,21720,1,0,0,0,0,1,0,0,0,0,0,NovelLightCues_Acquisition_Day2,CRFNovelLightAcquisitionDay2D
C,Marios,80,326,10,1,12____,21826,1,0,0,0,0,0,0,0,0,1,0,NovelLightCues_Acquisition_Day2,CRFNovelLightAcquisitionDay2D
C,Marios,80,326,10,1,12____,22037,1,0,0,0,0,1,0,0,0,0,0,NovelLightCues_Acquisition_Day2,CRFNovelLightAcquisitionDay2D
C,Marios,80,326,10,1,12____,22042,1,0,0,0,0,0,0,0,0,1,0,NovelLightCues_Acquisition_Day2,CRFNovelLightAcquisitionDay2D
C,Marios,80,326,10,1,12____,22063,1,0,0,0,0,1,0,0,0,0,0,NovelLightCues_Acquisition_Day2,CRFNovelLightAcquisitionDay2D
C,Marios,80,326,10,1,12____,22108,1,0,0,0,0,0,0,0,0,1,0,NovelLightCues_Acquisition_Day2,CRFNovelLightAcquisitionDay2D
C,Marios,80,326,10,1,12____,22936,1,0,0,0,0,1,0,0,0,0,0,NovelLightCues_Acquisition_Day2,CRFNovelLightAcquisitionDay2D
C,Marios,80,326,10,1,12____,22938,1,0,0,0,0,0,0,0,0,1,0,NovelLightCues_Acquisition_Day2,CRFNovelLightAcquisitionDay2D
C,Marios,80,326,10,1,12____,23051,1,0,0,0,0,1,0,0,0,0,0,NovelLightCues_Acquisition_Day2,CRFNovelLightAcquisitionDay2D
C,Marios,80,326,10,1,12____,23075,1,0,0,0,0,0,0,0,0,1,0,NovelLightCues_Acquisition_Day2,CRFNovelLightAcquisitionDay2D
C,Marios,80,326,10,1,12____,23201,1,0,0,0,0,1,0,0,0,0,0,NovelLightCues_Acquisition_Day2,CRFNovelLightAcquisitionDay2D
C,Marios,80,326,10,1,12____,23275,1,0,0,0,0,0,0,0,0,1,0,NovelLightCues_Acquisition_Day2,CRFNovelLightAcquisitionDay2D
C,Marios,80,326,10,1,12____,24006,1,0,0,0,0,1,0,0,0,0,0,NovelLightCues_Acquisition_Day2,CRFNovelLightAcquisitionDay2D
C,Marios,80,326,10,1,12____,24205,1,0,0,0,0,0,0,0,0,1,0,NovelLightCues_Acquisition_Day2,CRFNovelLightAcquisitionDay2D
C,Marios,80,326,10,1,12____,24614,1,0,0,0,0,1,0,0,0,0,0,NovelLightCues_Acquisition_Day2,CRFNovelLightAcquisitionDay2D
C,Marios,80,326,10,1,12____,24618,1,0,0,0,0,0,0,0,0,1,0,NovelLightCues_Acquisition_Day2,CRFNovelLightAcquisitionDay2D
C,Marios,80,326,10,1,12____,24725,1,0,0,0,0,1,0,0,0,0,0,NovelLightCues_Acquisition_Day2,CRFNovelLightAcquisitionDay2D
C,Marios,80,326,10,1,12____,24808,1,0,0,0,0,0,0,0,0,1,0,NovelLightCues_Acquisition_Day2,CRFNovelLightAcquisitionDay2D
C,Marios,80,326,10,1,12____,24887,1,0,0,0,0,1,0,0,0,0,0,NovelLightCues_Acquisition_Day2,CRFNovelLightAcquisitionDay2D
C,Marios,80,326,10,1,12____,24906,1,0,0,0,0,0,0,0,0,1,0,NovelLightCues_Acquisition_Day2,CRFNovelLightAcquisitionDay2D
C,Marios,80,326,10,1,12____,25064,1,0,0,0,0,1,0,0,0,0,0,NovelLightCues_Acquisition_Day2,CRFNovelLightAcquisitionDay2D
C,Marios,80,326,10,1,12____,25081,1,0,0,0,0,0,0,0,0,1,0,NovelLightCues_Acquisition_Day2,CRFNovelLightAcquisitionDay2D
C,Marios,80,326,10,1,12____,25500,1,2,0,0,0,0,0,0,0,0,0,NovelLightCues_Acquisition_Day2,CRFNovelLightAcquisitionDay2D
C,Marios,80,326,10,1,12____,25762,2,0,0,0,0,1,0,0,0,0,0,NovelLightCues_Acquisition_Day2,CRFNovelLightAcquisitionDay2D
C,Marios,80,326,10,1,12____,25867,2,0,0,0,0,1,0,0,0,1,0,NovelLightCues_Acquisition_Day2,CRFNovelLightAcquisitionDay2D
C,Marios,80,326,10,1,12____,26000,2,4,0,0,0,0,0,0,0,0,0,NovelLightCues_Acquisition_Day2,CRFNovelLightAcquisitionDay2D
C,Marios,80,326,10,1,12____,26011,4,0,0,0,0,0,0,0,0,1,0,NovelLightCues_Acquisition_Day2,CRFNovelLightAcquisitionDay2D
C,Marios,80,326,10,1,12____,26500,4,9,0,0,0,0,0,0,0,0,0,NovelLightCues_Acquisition_Day2,CRFNovelLightAcquisitionDay2D
C,Marios,80,326,10,1,12____,26766,9,0,0,0,0,1,0,0,0,0,0,NovelLightCues_Acquisition_Day2,CRFNovelLightAcquisitionDay2D
C,Marios,80,326,10,1,12____,26770,9,0,0,0,0,0,0,0,0,1,0,NovelLightCues_Acquisition_Day2,CRFNovelLightAcquisitionDay2D
C,Marios,80,326,10,1,12____,26779,9,0,0,0,0,1,0,0,0,0,0,NovelLightCues_Acquisition_Day2,CRFNovelLightAcquisitionDay2D
C,Marios,80,326,10,1,12____,26894,9,0,0,0,0,0,0,0,0,1,0,NovelLightCues_Acquisition_Day2,CRFNovelLightAcquisitionDay2D
C,Marios,80,326,10,1,12____,27000,9,1,0,0,0,0,0,0,0,0,0,NovelLightCues_Acquisition_Day2,CRFNovelLightAcquisitionDay2D
C,Marios,80,326,10,1,12____,27107,1,0,0,0,0,1,0,0,0,0,0,NovelLightCues_Acquisition_Day2,CRFNovelLightAcquisitionDay2D
C,Marios,80,326,10,1,12____,27109,1,0,0,0,0,1,0,0,0,1,0,NovelLightCues_Acquisition_Day2,CRFNovelLightAcquisitionDay2D
C,Marios,80,326,10,1,12____,27129,1,0,0,0,0,0,0,0,0,1,0,NovelLightCues_Acquisition_Day2,CRFNovelLightAcquisitionDay2D
C,Marios,80,326,10,1,12____,27846,1,0,0,0,0,1,0,0,0,0,0,NovelLightCues_Acquisition_Day2,CRFNovelLightAcquisitionDay2D
C,Marios,80,326,10,1,12____,27848,1,0,0,0,0,1,0,0,0,1,0,NovelLightCues_Acquisition_Day2,CRFNovelLightAcquisitionDay2D
C,Marios,80,326,10,1,12____,27874,1,0,0,0,0,0,0,0,0,1,0,NovelLightCues_Acquisition_Day2,CRFNovelLightAcquisitionDay2D
C,Marios,80,326,10,1,12____,27997,1,0,0,0,0,1,0,0,0,0,0,NovelLightCues_Acquisition_Day2,CRFNovelLightAcquisitionDay2D
C,Marios,80,326,10,1,12____,28115,1,0,0,0,0,0,0,0,0,1,0,NovelLightCues_Acquisition_Day2,CRFNovelLightAcquisitionDay2D
C,Marios,80,326,10,1,12____,28199,1,0,0,0,0,1,0,0,0,0,0,NovelLightCues_Acquisition_Day2,CRFNovelLightAcquisitionDay2D
C,Marios,80,326,10,1,12____,28278,1,0,0,0,0,0,0,0,0,1,0,NovelLightCues_Acquisition_Day2,CRFNovelLightAcquisitionDay2D
C,Marios,80,326,10,1,12____,29031,1,0,0,0,0,1,0,0,0,0,0,NovelLightCues_Acquisition_Day2,CRFNovelLightAcquisitionDay2D
C,Marios,80,326,10,1,12____,29400,1,0,0,0,0,0,0,0,0,1,0,NovelLightCues_Acquisition_Day2,CRFNovelLightAcquisitionDay2D
C,Marios,80,326,10,1,12____,29443,1,0,0,0,0,1,0,0,0,0,0,NovelLightCues_Acquisition_Day2,CRFNovelLightAcquisitionDay2D
C,Marios,80,326,10,1,12____,29477,1,0,0,0,0,0,0,0,0,1,0,NovelLightCues_Acquisition_Day2,CRFNovelLightAcquisitionDay2D
C,Marios,80,326,10,1,12____,29753,1,0,0,0,0,1,0,0,0,0,0,NovelLightCues_Acquisition_Day2,CRFNovelLightAcquisitionDay2D
C,Marios,80,326,10,1,12____,29766,1,0,0,0,0,0,0,0,0,1,0,NovelLightCues_Acquisition_Day2,CRFNovelLightAcquisitionDay2D
C,Marios,80,326,10,1,12____,29994,1,0,0,0,0,1,0,0,0,0,0,NovelLightCues_Acquisition_Day2,CRFNovelLightAcquisitionDay2D
C,Marios,80,326,10,1,12____,30082,1,0,0,0,0,0,0,0,0,1,0,NovelLightCues_Acquisition_Day2,CRFNovelLightAcquisitionDay2D
C,Marios,80,326,10,1,12____,30608,1,0,0,0,0,1,0,0,0,0,0,NovelLightCues_Acquisition_Day2,CRFNovelLightAcquisitionDay2D
C,Marios,80,326,10,1,12____,30786,1,0,0,0,0,0,0,0,0,1,0,NovelLightCues_Acquisition_Day2,CRFNovelLightAcquisitionDay2D
C,Marios,80,326,10,1,12____,30904,1,0,0,0,0,1,0,0,0,0,0,NovelLightCues_Acquisition_Day2,CRFNovelLightAcquisitionDay2D
C,Marios,80,326,10,1,12____,30927,1,0,0,0,0,0,0,0,0,1,0,NovelLightCues_Acquisition_Day2,CRFNovelLightAcquisitionDay2D
C,Marios,80,326,10,1,12____,31500,1,2,0,0,0,0,0,0,0,0,0,NovelLightCues_Acquisition_Day2,CRFNovelLightAcquisitionDay2D
C,Marios,80,326,10,1,12____,32000,2,6,0,0,0,0,0,0,0,0,0,NovelLightCues_Acquisition_Day2,CRFNovelLightAcquisitionDay2D
C,Marios,80,326,10,1,12____,32500,6,8,0,0,0,0,0,0,0,0,0,NovelLightCues_Acquisition_Day2,CRFNovelLightAcquisitionDay2D
C,Marios,80,326,10,1,12____,32520,8,0,0,0,0,1,0,0,0,0,0,NovelLightCues_Acquisition_Day2,CRFNovelLightAcquisitionDay2D
C,Marios,80,326,10,1,12____,32719,8,0,0,0,0,0,0,0,0,1,0,NovelLightCues_Acquisition_Day2,CRFNovelLightAcquisitionDay2D
C,Marios,80,326,10,1,12____,32878,8,0,0,0,0,1,0,0,0,0,0,NovelLightCues_Acquisition_Day2,CRFNovelLightAcquisitionDay2D
C,Marios,80,326,10,1,12____,32885,8,0,0,0,0,0,0,0,0,1,0,NovelLightCues_Acquisition_Day2,CRFNovelLightAcquisitionDay2D
C,Marios,80,326,10,1,12____,32895,8,0,0,0,0,1,0,0,0,0,0,NovelLightCues_Acquisition_Day2,CRFNovelLightAcquisitionDay2D
C,Marios,80,326,10,1,12____,32944,8,0,0,0,0,0,0,0,0,1,0,NovelLightCues_Acquisition_Day2,CRFNovelLightAcquisitionDay2D
C,Marios,80,326,10,1,12____,33000,8,1,0,0,0,0,0,0,0,0,0,NovelLightCues_Acquisition_Day2,CRFNovelLightAcquisitionDay2D
C,Marios,80,326,10,1,12____,33090,1,0,0,0,0,1,0,0,0,0,0,NovelLightCues_Acquisition_Day2,CRFNovelLightAcquisitionDay2D
C,Marios,80,326,10,1,12____,33120,1,0,0,0,0,0,0,0,0,1,0,NovelLightCues_Acquisition_Day2,CRFNovelLightAcquisitionDay2D
C,Marios,80,326,10,1,12____,33925,1,0,0,0,0,1,0,0,0,0,0,NovelLightCues_Acquisition_Day2,CRFNovelLightAcquisitionDay2D
C,Marios,80,326,10,1,12____,33952,1,0,0,0,0,0,0,0,0,1,0,NovelLightCues_Acquisition_Day2,CRFNovelLightAcquisitionDay2D
C,Marios,80,326,10,1,12____,34306,1,0,0,0,0,1,0,0,0,0,0,NovelLightCues_Acquisition_Day2,CRFNovelLightAcquisitionDay2D
C,Marios,80,326,10,1,12____,34316,1,0,0,0,0,0,0,0,0,1,0,NovelLightCues_Acquisition_Day2,CRFNovelLightAcquisitionDay2D
C,Marios,80,326,10,1,12____,34736,1,0,0,0,0,1,0,0,0,0,0,NovelLightCues_Acquisition_Day2,CRFNovelLightAcquisitionDay2D
C,Marios,80,326,10,1,12____,34812,1,0,0,0,0,0,0,0,0,1,0,NovelLightCues_Acquisition_Day2,CRFNovelLightAcquisitionDay2D
C,Marios,80,326,10,1,12____,35703,1,0,0,0,0,1,0,0,0,0,0,NovelLightCues_Acquisition_Day2,CRFNovelLightAcquisitionDay2D
C,Marios,80,326,10,1,12____,35715,1,0,0,0,0,0,0,0,0,1,0,NovelLightCues_Acquisition_Day2,CRFNovelLightAcquisitionDay2D
C,Marios,80,326,10,1,12____,36000,1,2,0,0,0,0,0,0,0,0,0,NovelLightCues_Acquisition_Day2,CRFNovelLightAcquisitionDay2D
C,Marios,80,326,10,1,12____,36413,2,0,0,0,0,1,0,0,0,0,0,NovelLightCues_Acquisition_Day2,CRFNovelLightAcquisitionDay2D
C,Marios,80,326,10,1,12____,36500,2,3,0,0,0,0,0,0,0,0,0,NovelLightCues_Acquisition_Day2,CRFNovelLightAcquisitionDay2D
C,Marios,80,326,10,1,12____,36513,3,0,0,0,0,0,0,0,0,1,0,NovelLightCues_Acquisition_Day2,CRFNovelLightAcquisitionDay2D
C,Marios,80,326,10,1,12____,37000,3,9,0,0,0,0,0,0,0,0,0,NovelLightCues_Acquisition_Day2,CRFNovelLightAcquisitionDay2D
C,Marios,80,326,10,1,12____,37151,9,0,0,0,0,1,0,0,0,0,0,NovelLightCues_Acquisition_Day2,CRFNovelLightAcquisitionDay2D
C,Marios,80,326,10,1,12____,37252,9,0,0,0,0,0,0,0,0,1,0,NovelLightCues_Acquisition_Day2,CRFNovelLightAcquisitionDay2D
C,Marios,80,326,10,1,12____,37269,9,0,0,0,0,1,0,0,0,0,0,NovelLightCues_Acquisition_Day2,CRFNovelLightAcquisitionDay2D
C,Marios,80,326,10,1,12____,37354,9,0,0,0,0,0,0,0,0,1,0,NovelLightCues_Acquisition_Day2,CRFNovelLightAcquisitionDay2D
C,Marios,80,326,10,1,12____,37500,9,1,0,0,0,0,0,0,0,0,0,NovelLightCues_Acquisition_Day2,CRFNovelLightAcquisitionDay2D
C,Marios,80,326,10,1,12____,37650,1,0,0,0,0,1,0,0,0,0,0,NovelLightCues_Acquisition_Day2,CRFNovelLightAcquisitionDay2D
C,Marios,80,326,10,1,12____,37671,1,0,0,0,0,0,0,0,0,1,0,NovelLightCues_Acquisition_Day2,CRFNovelLightAcquisitionDay2D
C,Marios,80,326,10,1,12____,37844,1,0,0,0,0,1,0,0,0,0,0,NovelLightCues_Acquisition_Day2,CRFNovelLightAcquisitionDay2D
C,Marios,80,326,10,1,12____,37856,1,0,0,0,0,0,0,0,0,1,0,NovelLightCues_Acquisition_Day2,CRFNovelLightAcquisitionDay2D
C,Marios,80,326,10,1,12____,38031,1,0,0,0,0,1,0,0,0,0,0,NovelLightCues_Acquisition_Day2,CRFNovelLightAcquisitionDay2D
C,Marios,80,326,10,1,12____,38158,1,0,0,0,0,0,0,0,0,1,0,NovelLightCues_Acquisition_Day2,CRFNovelLightAcquisitionDay2D
C,Marios,80,326,10,1,12____,38326,1,0,0,0,0,1,0,0,0,0,0,NovelLightCues_Acquisition_Day2,CRFNovelLightAcquisitionDay2D
C,Marios,80,326,10,1,12____,38335,1,0,0,0,0,0,0,0,0,1,0,NovelLightCues_Acquisition_Day2,CRFNovelLightAcquisitionDay2D
C,Marios,80,326,10,1,12____,38343,1,0,0,0,0,1,0,0,0,0,0,NovelLightCues_Acquisition_Day2,CRFNovelLightAcquisitionDay2D
C,Marios,80,326,10,1,12____,38349,1,0,0,0,0,0,0,0,0,1,0,NovelLightCues_Acquisition_Day2,CRFNovelLightAcquisitionDay2D
C,Marios,80,326,10,1,12____,38590,1,0,0,0,0,1,0,0,0,0,0,NovelLightCues_Acquisition_Day2,CRFNovelLightAcquisitionDay2D
C,Marios,80,326,10,1,12____,38662,1,0,0,0,0,0,0,0,0,1,0,NovelLightCues_Acquisition_Day2,CRFNovelLightAcquisitionDay2D
C,Marios,80,326,10,1,12____,38770,1,0,0,0,0,1,0,0,0,0,0,NovelLightCues_Acquisition_Day2,CRFNovelLightAcquisitionDay2D
C,Marios,80,326,10,1,12____,38907,1,0,0,0,0,0,0,0,0,1,0,NovelLightCues_Acquisition_Day2,CRFNovelLightAcquisitionDay2D
C,Marios,80,326,10,1,12____,39556,1,0,0,0,0,1,0,0,0,0,0,NovelLightCues_Acquisition_Day2,CRFNovelLightAcquisitionDay2D
C,Marios,80,326,10,1,12____,39599,1,0,0,0,0,1,0,0,0,1,0,NovelLightCues_Acquisition_Day2,CRFNovelLightAcquisitionDay2D
C,Marios,80,326,10,1,12____,39606,1,0,0,0,0,0,0,0,0,1,0,NovelLightCues_Acquisition_Day2,CRFNovelLightAcquisitionDay2D
C,Marios,80,326,10,1,12____,39695,1,0,0,0,0,1,0,0,0,0,0,NovelLightCues_Acquisition_Day2,CRFNovelLightAcquisitionDay2D
C,Marios,80,326,10,1,12____,39744,1,0,0,0,0,0,0,0,0,1,0,NovelLightCues_Acquisition_Day2,CRFNovelLightAcquisitionDay2D
C,Marios,80,326,10,1,12____,40853,1,0,0,0,0,1,0,0,0,0,0,NovelLightCues_Acquisition_Day2,CRFNovelLightAcquisitionDay2D
C,Marios,80,326,10,1,12____,40895,1,0,0,0,0,0,0,0,0,1,0,NovelLightCues_Acquisition_Day2,CRFNovelLightAcquisitionDay2D
C,Marios,80,326,10,1,12____,41270,1,0,0,0,0,1,0,0,0,0,0,NovelLightCues_Acquisition_Day2,CRFNovelLightAcquisitionDay2D
C,Marios,80,326,10,1,12____,41487,1,0,0,0,0,0,0,0,0,1,0,NovelLightCues_Acquisition_Day2,CRFNovelLightAcquisitionDay2D
C,Marios,80,326,10,1,12____,41755,1,0,0,0,0,1,0,0,0,0,0,NovelLightCues_Acquisition_Day2,CRFNovelLightAcquisitionDay2D
C,Marios,80,326,10,1,12____,41957,1,0,0,0,0,0,0,0,0,1,0,NovelLightCues_Acquisition_Day2,CRFNovelLightAcquisitionDay2D
C,Marios,80,326,10,1,12____,42000,1,2,0,0,0,0,0,0,0,0,0,NovelLightCues_Acquisition_Day2,CRFNovelLightAcquisitionDay2D
C,Marios,80,326,10,1,12____,42271,2,0,0,0,0,1,0,0,0,0,0,NovelLightCues_Acquisition_Day2,CRFNovelLightAcquisitionDay2D
C,Marios,80,326,10,1,12____,42500,2,5,0,0,0,0,0,0,0,0,0,NovelLightCues_Acquisition_Day2,CRFNovelLightAcquisitionDay2D
C,Marios,80,326,10,1,12____,42514,5,0,0,0,0,0,0,0,0,1,0,NovelLightCues_Acquisition_Day2,CRFNovelLightAcquisitionDay2D
C,Marios,80,326,10,1,12____,43000,5,8,0,0,0,0,0,0,0,0,0,NovelLightCues_Acquisition_Day2,CRFNovelLightAcquisitionDay2D
C,Marios,80,326,10,1,12____,43137,8,0,0,0,0,1,0,0,0,0,0,NovelLightCues_Acquisition_Day2,CRFNovelLightAcquisitionDay2D
C,Marios,80,326,10,1,12____,43371,8,0,0,0,0,0,0,0,0,1,0,NovelLightCues_Acquisition_Day2,CRFNovelLightAcquisitionDay2D
C,Marios,80,326,10,1,12____,43466,8,0,0,0,0,1,0,0,0,0,0,NovelLightCues_Acquisition_Day2,CRFNovelLightAcquisitionDay2D
C,Marios,80,326,10,1,12____,43500,8,1,0,0,0,0,0,0,0,0,0,NovelLightCues_Acquisition_Day2,CRFNovelLightAcquisitionDay2D
C,Marios,80,326,10,1,12____,43682,1,0,0,0,0,0,0,0,0,1,0,NovelLightCues_Acquisition_Day2,CRFNovelLightAcquisitionDay2D
C,Marios,80,326,10,1,12____,43696,1,0,0,0,0,1,0,0,0,0,0,NovelLightCues_Acquisition_Day2,CRFNovelLightAcquisitionDay2D
C,Marios,80,326,10,1,12____,43742,1,0,0,0,0,0,0,0,0,1,0,NovelLightCues_Acquisition_Day2,CRFNovelLightAcquisitionDay2D
C,Marios,80,326,10,1,12____,44826,1,0,0,0,0,1,0,0,0,0,0,NovelLightCues_Acquisition_Day2,CRFNovelLightAcquisitionDay2D
C,Marios,80,326,10,1,12____,44833,1,0,0,0,0,0,0,0,0,1,0,NovelLightCues_Acquisition_Day2,CRFNovelLightAcquisitionDay2D
C,Marios,80,326,10,1,12____,45954,1,0,0,0,0,1,0,0,0,0,0,NovelLightCues_Acquisition_Day2,CRFNovelLightAcquisitionDay2D
C,Marios,80,326,10,1,12____,45961,1,0,0,0,0,0,0,0,0,1,0,NovelLightCues_Acquisition_Day2,CRFNovelLightAcquisitionDay2D
C,Marios,80,326,10,1,12____,45964,1,0,0,0,0,1,0,0,0,0,0,NovelLightCues_Acquisition_Day2,CRFNovelLightAcquisitionDay2D
C,Marios,80,326,10,1,12____,46097,1,0,0,0,0,0,0,0,0,1,0,NovelLightCues_Acquisition_Day2,CRFNovelLightAcquisitionDay2D
C,Marios,80,326,10,1,12____,46679,1,0,0,0,0,1,0,0,0,0,0,NovelLightCues_Acquisition_Day2,CRFNovelLightAcquisitionDay2D
C,Marios,80,326,10,1,12____,46858,1,0,0,0,0,0,0,0,0,1,0,NovelLightCues_Acquisition_Day2,CRFNovelLightAcquisitionDay2D
C,Marios,80,326,10,1,12____,46994,1,0,0,0,0,1,0,0,0,0,0,NovelLightCues_Acquisition_Day2,CRFNovelLightAcquisitionDay2D
C,Marios,80,326,10,1,12____,47000,1,2,0,0,0,0,0,0,0,0,0,NovelLightCues_Acquisition_Day2,CRFNovelLightAcquisitionDay2D
C,Marios,80,326,10,1,12____,47038,2,0,0,0,0,0,0,0,0,1,0,NovelLightCues_Acquisition_Day2,CRFNovelLightAcquisitionDay2D
C,Marios,80,326,10,1,12____,47339,2,0,0,0,0,1,0,0,0,0,0,NovelLightCues_Acquisition_Day2,CRFNovelLightAcquisitionDay2D
C,Marios,80,326,10,1,12____,47489,2,0,0,0,0,0,0,0,0,1,0,NovelLightCues_Acquisition_Day2,CRFNovelLightAcquisitionDay2D
C,Marios,80,326,10,1,12____,47500,2,4,0,0,0,0,0,0,0,0,0,NovelLightCues_Acquisition_Day2,CRFNovelLightAcquisitionDay2D
C,Marios,80,326,10,1,12____,48000,4,9,0,0,0,0,0,0,0,0,0,NovelLightCues_Acquisition_Day2,CRFNovelLightAcquisitionDay2D
C,Marios,80,326,10,1,12____,48090,9,0,0,0,0,1,0,0,0,0,0,NovelLightCues_Acquisition_Day2,CRFNovelLightAcquisitionDay2D
C,Marios,80,326,10,1,12____,48158,9,0,0,0,0,0,0,0,0,1,0,NovelLightCues_Acquisition_Day2,CRFNovelLightAcquisitionDay2D
C,Marios,80,326,10,1,12____,48348,9,0,0,0,0,1,0,0,0,0,0,NovelLightCues_Acquisition_Day2,CRFNovelLightAcquisitionDay2D
C,Marios,80,326,10,1,12____,48361,9,0,0,0,0,0,0,0,0,1,0,NovelLightCues_Acquisition_Day2,CRFNovelLightAcquisitionDay2D
C,Marios,80,326,10,1,12____,48500,9,1,0,0,0,0,0,0,0,0,0,NovelLightCues_Acquisition_Day2,CRFNovelLightAcquisitionDay2D
C,Marios,80,326,10,1,12____,49643,1,0,0,0,0,1,0,0,0,0,0,NovelLightCues_Acquisition_Day2,CRFNovelLightAcquisitionDay2D
C,Marios,80,326,10,1,12____,49722,1,0,0,0,0,0,0,0,0,1,0,NovelLightCues_Acquisition_Day2,CRFNovelLightAcquisitionDay2D
C,Marios,80,326,10,1,12____,50299,1,0,0,0,0,1,0,0,0,0,0,NovelLightCues_Acquisition_Day2,CRFNovelLightAcquisitionDay2D
C,Marios,80,326,10,1,12____,50413,1,0,0,0,0,0,0,0,0,1,0,NovelLightCues_Acquisition_Day2,CRFNovelLightAcquisitionDay2D
C,Marios,80,326,10,1,12____,50750,1,2,0,0,0,0,0,0,0,0,0,NovelLightCues_Acquisition_Day2,CRFNovelLightAcquisitionDay2D
C,Marios,80,326,10,1,12____,50946,2,0,0,0,0,1,0,0,0,0,0,NovelLightCues_Acquisition_Day2,CRFNovelLightAcquisitionDay2D
C,Marios,80,326,10,1,12____,50965,2,0,0,0,0,0,0,0,0,1,0,NovelLightCues_Acquisition_Day2,CRFNovelLightAcquisitionDay2D
C,Marios,80,326,10,1,12____,51250,2,4,0,0,0,0,0,0,0,0,0,NovelLightCues_Acquisition_Day2,CRFNovelLightAcquisitionDay2D
C,Marios,80,326,10,1,12____,51750,4,9,0,0,0,0,0,0,0,0,0,NovelLightCues_Acquisition_Day2,CRFNovelLightAcquisitionDay2D
C,Marios,80,326,10,1,12____,52232,9,0,0,0,0,1,0,0,0,0,0,NovelLightCues_Acquisition_Day2,CRFNovelLightAcquisitionDay2D
C,Marios,80,326,10,1,12____,52250,9,1,0,0,0,0,0,0,0,0,0,NovelLightCues_Acquisition_Day2,CRFNovelLightAcquisitionDay2D
C,Marios,80,326,10,1,12____,52292,1,0,0,0,0,0,0,0,0,1,0,NovelLightCues_Acquisition_Day2,CRFNovelLightAcquisitionDay2D
C,Marios,80,326,10,1,12____,52543,1,0,0,0,0,1,0,0,0,0,0,NovelLightCues_Acquisition_Day2,CRFNovelLightAcquisitionDay2D
C,Marios,80,326,10,1,12____,52649,1,0,0,0,0,0,0,0,0,1,0,NovelLightCues_Acquisition_Day2,CRFNovelLightAcquisitionDay2D
C,Marios,80,326,10,1,12____,52797,1,0,0,0,0,1,0,0,0,0,0,NovelLightCues_Acquisition_Day2,CRFNovelLightAcquisitionDay2D
C,Marios,80,326,10,1,12____,52965,1,0,0,0,0,0,0,0,0,1,0,NovelLightCues_Acquisition_Day2,CRFNovelLightAcquisitionDay2D
C,Marios,80,326,10,1,12____,53196,1,0,0,0,0,1,0,0,0,0,0,NovelLightCues_Acquisition_Day2,CRFNovelLightAcquisitionDay2D
C,Marios,80,326,10,1,12____,53198,1,0,0,0,0,0,0,0,0,1,0,NovelLightCues_Acquisition_Day2,CRFNovelLightAcquisitionDay2D
C,Marios,80,326,10,1,12____,53202,1,0,0,0,0,1,0,0,0,0,0,NovelLightCues_Acquisition_Day2,CRFNovelLightAcquisitionDay2D
C,Marios,80,326,10,1,12____,53204,1,0,0,0,0,0,0,0,0,1,0,NovelLightCues_Acquisition_Day2,CRFNovelLightAcquisitionDay2D
C,Marios,80,326,10,1,12____,53767,1,0,0,0,0,1,0,0,0,0,0,NovelLightCues_Acquisition_Day2,CRFNovelLightAcquisitionDay2D
C,Marios,80,326,10,1,12____,53917,1,0,0,0,0,0,0,0,0,1,0,NovelLightCues_Acquisition_Day2,CRFNovelLightAcquisitionDay2D
C,Marios,80,326,10,1,12____,54261,1,0,0,0,0,1,0,0,0,0,0,NovelLightCues_Acquisition_Day2,CRFNovelLightAcquisitionDay2D
C,Marios,80,326,10,1,12____,54329,1,0,0,0,0,0,0,0,0,1,0,NovelLightCues_Acquisition_Day2,CRFNovelLightAcquisitionDay2D
C,Marios,80,326,10,1,12____,54433,1,0,0,0,0,1,0,0,0,0,0,NovelLightCues_Acquisition_Day2,CRFNovelLightAcquisitionDay2D
C,Marios,80,326,10,1,12____,54545,1,0,0,0,0,0,0,0,0,1,0,NovelLightCues_Acquisition_Day2,CRFNovelLightAcquisitionDay2D
C,Marios,80,326,10,1,12____,54581,1,0,0,0,0,1,0,0,0,0,0,NovelLightCues_Acquisition_Day2,CRFNovelLightAcquisitionDay2D
C,Marios,80,326,10,1,12____,54584,1,0,0,0,0,0,0,0,0,1,0,NovelLightCues_Acquisition_Day2,CRFNovelLightAcquisitionDay2D
C,Marios,80,326,10,1,12____,54619,1,0,0,0,0,1,0,0,0,0,0,NovelLightCues_Acquisition_Day2,CRFNovelLightAcquisitionDay2D
C,Marios,80,326,10,1,12____,54670,1,0,0,0,0,0,0,0,0,1,0,NovelLightCues_Acquisition_Day2,CRFNovelLightAcquisitionDay2D
C,Marios,80,326,10,1,12____,55335,1,0,0,0,0,1,0,0,0,0,0,NovelLightCues_Acquisition_Day2,CRFNovelLightAcquisitionDay2D
C,Marios,80,326,10,1,12____,55487,1,0,0,0,0,0,0,0,0,1,0,NovelLightCues_Acquisition_Day2,CRFNovelLightAcquisitionDay2D
C,Marios,80,326,10,1,12____,56251,1,0,0,0,0,1,0,0,0,0,0,NovelLightCues_Acquisition_Day2,CRFNovelLightAcquisitionDay2D
C,Marios,80,326,10,1,12____,56305,1,0,0,0,0,0,0,0,0,1,0,NovelLightCues_Acquisition_Day2,CRFNovelLightAcquisitionDay2D
C,Marios,80,326,10,1,12____,56498,1,0,0,0,0,1,0,0,0,0,0,NovelLightCues_Acquisition_Day2,CRFNovelLightAcquisitionDay2D
C,Marios,80,326,10,1,12____,56686,1,0,0,0,0,1,0,0,0,1,0,NovelLightCues_Acquisition_Day2,CRFNovelLightAcquisitionDay2D
C,Marios,80,326,10,1,12____,56694,1,0,0,0,0,0,0,0,0,1,0,NovelLightCues_Acquisition_Day2,CRFNovelLightAcquisitionDay2D
C,Marios,80,326,10,1,12____,56696,1,0,0,0,0,1,0,0,0,0,0,NovelLightCues_Acquisition_Day2,CRFNovelLightAcquisitionDay2D
C,Marios,80,326,10,1,12____,56700,1,0,0,0,0,0,0,0,0,1,0,NovelLightCues_Acquisition_Day2,CRFNovelLightAcquisitionDay2D
C,Marios,80,326,10,1,12____,56813,1,0,0,0,0,1,0,0,0,0,0,NovelLightCues_Acquisition_Day2,CRFNovelLightAcquisitionDay2D
C,Marios,80,326,10,1,12____,56867,1,0,0,0,0,0,0,0,0,1,0,NovelLightCues_Acquisition_Day2,CRFNovelLightAcquisitionDay2D
C,Marios,80,326,10,1,12____,57452,1,0,0,0,0,1,0,0,0,0,0,NovelLightCues_Acquisition_Day2,CRFNovelLightAcquisitionDay2D
C,Marios,80,326,10,1,12____,57750,1,2,0,0,0,0,0,0,0,0,0,NovelLightCues_Acquisition_Day2,CRFNovelLightAcquisitionDay2D
C,Marios,80,326,10,1,12____,57884,2,0,0,0,0,0,0,0,0,1,0,NovelLightCues_Acquisition_Day2,CRFNovelLightAcquisitionDay2D
C,Marios,80,326,10,1,12____,58250,2,5,0,0,0,0,0,0,0,0,0,NovelLightCues_Acquisition_Day2,CRFNovelLightAcquisitionDay2D
C,Marios,80,326,10,1,12____,58750,5,8,0,0,0,0,0,0,0,0,0,NovelLightCues_Acquisition_Day2,CRFNovelLightAcquisitionDay2D
C,Marios,80,326,10,1,12____,58784,8,0,0,0,0,1,0,0,0,0,0,NovelLightCues_Acquisition_Day2,CRFNovelLightAcquisitionDay2D
C,Marios,80,326,10,1,12____,58966,8,0,0,0,0,0,0,0,0,1,0,NovelLightCues_Acquisition_Day2,CRFNovelLightAcquisitionDay2D
C,Marios,80,326,10,1,12____,58974,8,0,0,0,0,1,0,0,0,0,0,NovelLightCues_Acquisition_Day2,CRFNovelLightAcquisitionDay2D
C,Marios,80,326,10,1,12____,59054,8,0,0,0,0,0,0,0,0,1,0,NovelLightCues_Acquisition_Day2,CRFNovelLightAcquisitionDay2D
C,Marios,80,326,10,1,12____,59100,8,0,0,0,0,1,0,0,0,0,0,NovelLightCues_Acquisition_Day2,CRFNovelLightAcquisitionDay2D
C,Marios,80,326,10,1,12____,59147,8,0,0,0,0,0,0,0,0,1,0,NovelLightCues_Acquisition_Day2,CRFNovelLightAcquisitionDay2D
C,Marios,80,326,10,1,12____,59160,8,0,0,0,0,1,0,0,0,0,0,NovelLightCues_Acquisition_Day2,CRFNovelLightAcquisitionDay2D
C,Marios,80,326,10,1,12____,59221,8,0,0,0,0,0,0,0,0,1,0,NovelLightCues_Acquisition_Day2,CRFNovelLightAcquisitionDay2D
C,Marios,80,326,10,1,12____,59250,8,1,0,0,0,0,0,0,0,0,0,NovelLightCues_Acquisition_Day2,CRFNovelLightAcquisitionDay2D
C,Marios,80,326,10,1,12____,59305,1,0,0,0,0,1,0,0,0,0,0,NovelLightCues_Acquisition_Day2,CRFNovelLightAcquisitionDay2D
C,Marios,80,326,10,1,12____,59442,1,0,0,0,0,0,0,0,0,1,0,NovelLightCues_Acquisition_Day2,CRFNovelLightAcquisitionDay2D
C,Marios,80,326,10,1,12____,59458,1,0,0,0,0,1,0,0,0,0,0,NovelLightCues_Acquisition_Day2,CRFNovelLightAcquisitionDay2D
C,Marios,80,326,10,1,12____,59468,1,0,0,0,0,0,0,0,0,1,0,NovelLightCues_Acquisition_Day2,CRFNovelLightAcquisitionDay2D
C,Marios,80,326,10,1,12____,59530,1,0,0,0,0,1,0,0,0,0,0,NovelLightCues_Acquisition_Day2,CRFNovelLightAcquisitionDay2D
C,Marios,80,326,10,1,12____,59562,1,0,0,0,0,0,0,0,0,1,0,NovelLightCues_Acquisition_Day2,CRFNovelLightAcquisitionDay2D
C,Marios,80,326,10,1,12____,60153,1,0,0,0,0,1,0,0,0,0,0,NovelLightCues_Acquisition_Day2,CRFNovelLightAcquisitionDay2D
C,Marios,80,326,10,1,12____,60192,1,0,0,0,0,0,0,0,0,1,0,NovelLightCues_Acquisition_Day2,CRFNovelLightAcquisitionDay2D
C,Marios,80,326,10,1,12____,61101,1,0,0,0,0,1,0,0,0,0,0,NovelLightCues_Acquisition_Day2,CRFNovelLightAcquisitionDay2D
C,Marios,80,326,10,1,12____,61233,1,0,0,0,0,0,0,0,0,1,0,NovelLightCues_Acquisition_Day2,CRFNovelLightAcquisitionDay2D
C,Marios,80,326,10,1,12____,61344,1,0,0,0,0,1,0,0,0,0,0,NovelLightCues_Acquisition_Day2,CRFNovelLightAcquisitionDay2D
C,Marios,80,326,10,1,12____,61465,1,0,0,0,0,0,0,0,0,1,0,NovelLightCues_Acquisition_Day2,CRFNovelLightAcquisitionDay2D
C,Marios,80,326,10,1,12____,61548,1,0,0,0,0,1,0,0,0,0,0,NovelLightCues_Acquisition_Day2,CRFNovelLightAcquisitionDay2D
C,Marios,80,326,10,1,12____,61587,1,0,0,0,0,0,0,0,0,1,0,NovelLightCues_Acquisition_Day2,CRFNovelLightAcquisitionDay2D
C,Marios,80,326,10,1,12____,62148,1,0,0,0,0,1,0,0,0,0,0,NovelLightCues_Acquisition_Day2,CRFNovelLightAcquisitionDay2D
C,Marios,80,326,10,1,12____,62381,1,0,0,0,0,0,0,0,0,1,0,NovelLightCues_Acquisition_Day2,CRFNovelLightAcquisitionDay2D
C,Marios,80,326,10,1,12____,62509,1,0,0,0,0,1,0,0,0,0,0,NovelLightCues_Acquisition_Day2,CRFNovelLightAcquisitionDay2D
C,Marios,80,326,10,1,12____,62554,1,0,0,0,0,0,0,0,0,1,0,NovelLightCues_Acquisition_Day2,CRFNovelLightAcquisitionDay2D
C,Marios,80,326,10,1,12____,62902,1,0,0,0,0,1,0,0,0,0,0,NovelLightCues_Acquisition_Day2,CRFNovelLightAcquisitionDay2D
C,Marios,80,326,10,1,12____,62974,1,0,0,0,0,0,0,0,0,1,0,NovelLightCues_Acquisition_Day2,CRFNovelLightAcquisitionDay2D
C,Marios,80,326,10,1,12____,63000,1,2,0,0,0,0,0,0,0,0,0,NovelLightCues_Acquisition_Day2,CRFNovelLightAcquisitionDay2D
C,Marios,80,326,10,1,12____,63497,2,0,0,0,0,1,0,0,0,0,0,NovelLightCues_Acquisition_Day2,CRFNovelLightAcquisitionDay2D
C,Marios,80,326,10,1,12____,63500,2,6,0,0,0,0,0,0,0,0,0,NovelLightCues_Acquisition_Day2,CRFNovelLightAcquisitionDay2D
C,Marios,80,326,10,1,12____,63501,6,0,0,0,0,0,0,0,0,1,0,NovelLightCues_Acquisition_Day2,CRFNovelLightAcquisitionDay2D
C,Marios,80,326,10,1,12____,63503,6,0,0,0,0,1,0,0,0,0,0,NovelLightCues_Acquisition_Day2,CRFNovelLightAcquisitionDay2D
C,Marios,80,326,10,1,12____,63511,6,0,0,0,0,0,0,0,0,1,0,NovelLightCues_Acquisition_Day2,CRFNovelLightAcquisitionDay2D
C,Marios,80,326,10,1,12____,64000,6,8,0,0,0,0,0,0,0,0,0,NovelLightCues_Acquisition_Day2,CRFNovelLightAcquisitionDay2D
C,Marios,80,326,10,1,12____,64059,8,0,0,0,0,1,0,0,0,0,0,NovelLightCues_Acquisition_Day2,CRFNovelLightAcquisitionDay2D
C,Marios,80,326,10,1,12____,64248,8,0,0,0,0,0,0,0,0,1,0,NovelLightCues_Acquisition_Day2,CRFNovelLightAcquisitionDay2D
C,Marios,80,326,10,1,12____,64500,8,1,0,0,0,0,0,0,0,0,0,NovelLightCues_Acquisition_Day2,CRFNovelLightAcquisitionDay2D
C,Marios,80,326,10,1,12____,65616,1,0,0,0,0,1,0,0,0,0,0,NovelLightCues_Acquisition_Day2,CRFNovelLightAcquisitionDay2D
C,Marios,80,326,10,1,12____,65687,1,0,0,0,0,0,0,0,0,1,0,NovelLightCues_Acquisition_Day2,CRFNovelLightAcquisitionDay2D
C,Marios,80,326,10,1,12____,66830,1,0,0,0,0,1,0,0,0,0,0,NovelLightCues_Acquisition_Day2,CRFNovelLightAcquisitionDay2D
C,Marios,80,326,10,1,12____,67112,1,0,0,0,0,0,0,0,0,1,0,NovelLightCues_Acquisition_Day2,CRFNovelLightAcquisitionDay2D
C,Marios,80,326,10,1,12____,67298,1,0,0,0,0,1,0,0,0,0,0,NovelLightCues_Acquisition_Day2,CRFNovelLightAcquisitionDay2D
C,Marios,80,326,10,1,12____,67363,1,0,0,0,0,0,0,0,0,1,0,NovelLightCues_Acquisition_Day2,CRFNovelLightAcquisitionDay2D
C,Marios,80,326,10,1,12____,67454,1,0,0,0,0,1,0,0,0,0,0,NovelLightCues_Acquisition_Day2,CRFNovelLightAcquisitionDay2D
C,Marios,80,326,10,1,12____,67573,1,0,0,0,0,0,0,0,0,1,0,NovelLightCues_Acquisition_Day2,CRFNovelLightAcquisitionDay2D
C,Marios,80,326,10,1,12____,68065,1,0,0,0,0,1,0,0,0,0,0,NovelLightCues_Acquisition_Day2,CRFNovelLightAcquisitionDay2D
C,Marios,80,326,10,1,12____,68117,1,0,0,0,0,0,0,0,0,1,0,NovelLightCues_Acquisition_Day2,CRFNovelLightAcquisitionDay2D
C,Marios,80,326,10,1,12____,70136,1,0,0,0,0,1,0,0,0,0,0,NovelLightCues_Acquisition_Day2,CRFNovelLightAcquisitionDay2D
C,Marios,80,326,10,1,12____,70170,1,0,0,0,0,0,0,0,0,1,0,NovelLightCues_Acquisition_Day2,CRFNovelLightAcquisitionDay2D
C,Marios,80,326,10,1,12____,70500,1,2,0,0,0,0,0,0,0,0,0,NovelLightCues_Acquisition_Day2,CRFNovelLightAcquisitionDay2D
C,Marios,80,326,10,1,12____,71000,2,3,0,0,0,0,0,0,0,0,0,NovelLightCues_Acquisition_Day2,CRFNovelLightAcquisitionDay2D
C,Marios,80,326,10,1,12____,71500,3,9,0,0,0,0,0,0,0,0,0,NovelLightCues_Acquisition_Day2,CRFNovelLightAcquisitionDay2D
C,Marios,80,326,10,1,12____,71545,9,0,0,0,0,1,0,0,0,0,0,NovelLightCues_Acquisition_Day2,CRFNovelLightAcquisitionDay2D
C,Marios,80,326,10,1,12____,71627,9,0,0,0,0,0,0,0,0,1,0,NovelLightCues_Acquisition_Day2,CRFNovelLightAcquisitionDay2D
C,Marios,80,326,10,1,12____,71640,9,0,0,0,0,1,0,0,0,0,0,NovelLightCues_Acquisition_Day2,CRFNovelLightAcquisitionDay2D
C,Marios,80,326,10,1,12____,71666,9,0,0,0,0,0,0,0,0,1,0,NovelLightCues_Acquisition_Day2,CRFNovelLightAcquisitionDay2D
C,Marios,80,326,10,1,12____,72000,9,1,0,0,0,0,0,0,0,0,0,NovelLightCues_Acquisition_Day2,CRFNovelLightAcquisitionDay2D
C,Marios,80,326,10,1,12____,72894,1,0,0,0,0,1,0,0,0,0,0,NovelLightCues_Acquisition_Day2,CRFNovelLightAcquisitionDay2D
C,Marios,80,326,10,1,12____,72912,1,0,0,0,0,0,0,0,0,1,0,NovelLightCues_Acquisition_Day2,CRFNovelLightAcquisitionDay2D
C,Marios,80,326,10,1,12____,73338,1,0,0,0,0,1,0,0,0,0,0,NovelLightCues_Acquisition_Day2,CRFNovelLightAcquisitionDay2D
C,Marios,80,326,10,1,12____,73370,1,0,0,0,0,0,0,0,0,1,0,NovelLightCues_Acquisition_Day2,CRFNovelLightAcquisitionDay2D
C,Marios,80,326,10,1,12____,74150,1,0,0,0,0,1,0,0,0,0,0,NovelLightCues_Acquisition_Day2,CRFNovelLightAcquisitionDay2D
C,Marios,80,326,10,1,12____,74324,1,0,0,0,0,0,0,0,0,1,0,NovelLightCues_Acquisition_Day2,CRFNovelLightAcquisitionDay2D
C,Marios,80,326,10,1,12____,74395,1,0,0,0,0,1,0,0,0,0,0,NovelLightCues_Acquisition_Day2,CRFNovelLightAcquisitionDay2D
C,Marios,80,326,10,1,12____,74433,1,0,0,0,0,0,0,0,0,1,0,NovelLightCues_Acquisition_Day2,CRFNovelLightAcquisitionDay2D
C,Marios,80,326,10,1,12____,74437,1,0,0,0,0,1,0,0,0,0,0,NovelLightCues_Acquisition_Day2,CRFNovelLightAcquisitionDay2D
C,Marios,80,326,10,1,12____,74474,1,0,0,0,0,0,0,0,0,1,0,NovelLightCues_Acquisition_Day2,CRFNovelLightAcquisitionDay2D
C,Marios,80,326,10,1,12____,75000,1,2,0,0,0,0,0,0,0,0,0,NovelLightCues_Acquisition_Day2,CRFNovelLightAcquisitionDay2D
C,Marios,80,326,10,1,12____,75460,2,0,0,0,0,1,0,0,0,0,0,NovelLightCues_Acquisition_Day2,CRFNovelLightAcquisitionDay2D
C,Marios,80,326,10,1,12____,75500,2,6,0,0,0,0,0,0,0,0,0,NovelLightCues_Acquisition_Day2,CRFNovelLightAcquisitionDay2D
C,Marios,80,326,10,1,12____,75513,6,0,0,0,0,0,0,0,0,1,0,NovelLightCues_Acquisition_Day2,CRFNovelLightAcquisitionDay2D
C,Marios,80,326,10,1,12____,75691,6,0,0,0,0,1,0,0,0,0,0,NovelLightCues_Acquisition_Day2,CRFNovelLightAcquisitionDay2D
C,Marios,80,326,10,1,12____,75737,6,0,0,0,0,0,0,0,0,1,0,NovelLightCues_Acquisition_Day2,CRFNovelLightAcquisitionDay2D
C,Marios,80,326,10,1,12____,75963,6,0,0,0,0,1,0,0,0,0,0,NovelLightCues_Acquisition_Day2,CRFNovelLightAcquisitionDay2D
C,Marios,80,326,10,1,12____,76000,6,8,0,0,0,0,0,0,0,0,0,NovelLightCues_Acquisition_Day2,CRFNovelLightAcquisitionDay2D
C,Marios,80,326,10,1,12____,76189,8,0,0,0,0,0,0,0,0,1,0,NovelLightCues_Acquisition_Day2,CRFNovelLightAcquisitionDay2D
C,Marios,80,326,10,1,12____,76193,8,0,0,0,0,1,0,0,0,0,0,NovelLightCues_Acquisition_Day2,CRFNovelLightAcquisitionDay2D
C,Marios,80,326,10,1,12____,76195,8,0,0,0,0,1,0,0,0,1,0,NovelLightCues_Acquisition_Day2,CRFNovelLightAcquisitionDay2D
C,Marios,80,326,10,1,12____,76198,8,0,0,0,0,0,0,0,0,1,0,NovelLightCues_Acquisition_Day2,CRFNovelLightAcquisitionDay2D
C,Marios,80,326,10,1,12____,76201,8,0,0,0,0,1,0,0,0,0,0,NovelLightCues_Acquisition_Day2,CRFNovelLightAcquisitionDay2D
C,Marios,80,326,10,1,12____,76262,8,0,0,0,0,0,0,0,0,1,0,NovelLightCues_Acquisition_Day2,CRFNovelLightAcquisitionDay2D
C,Marios,80,326,10,1,12____,76303,8,0,0,0,0,1,0,0,0,0,0,NovelLightCues_Acquisition_Day2,CRFNovelLightAcquisitionDay2D
C,Marios,80,326,10,1,12____,76343,8,0,0,0,0,0,0,0,0,1,0,NovelLightCues_Acquisition_Day2,CRFNovelLightAcquisitionDay2D
C,Marios,80,326,10,1,12____,76391,8,0,0,0,0,1,0,0,0,0,0,NovelLightCues_Acquisition_Day2,CRFNovelLightAcquisitionDay2D
C,Marios,80,326,10,1,12____,76452,8,0,0,0,0,0,0,0,0,1,0,NovelLightCues_Acquisition_Day2,CRFNovelLightAcquisitionDay2D
C,Marios,80,326,10,1,12____,76488,8,0,0,0,0,1,0,0,0,0,0,NovelLightCues_Acquisition_Day2,CRFNovelLightAcquisitionDay2D
C,Marios,80,326,10,1,12____,76500,8,1,0,0,0,0,0,0,0,0,0,NovelLightCues_Acquisition_Day2,CRFNovelLightAcquisitionDay2D
C,Marios,80,326,10,1,12____,76542,1,0,0,0,0,0,0,0,0,1,0,NovelLightCues_Acquisition_Day2,CRFNovelLightAcquisitionDay2D
C,Marios,80,326,10,1,12____,77029,1,0,0,0,0,1,0,0,0,0,0,NovelLightCues_Acquisition_Day2,CRFNovelLightAcquisitionDay2D
C,Marios,80,326,10,1,12____,77042,1,0,0,0,0,0,0,0,0,1,0,NovelLightCues_Acquisition_Day2,CRFNovelLightAcquisitionDay2D
C,Marios,80,326,10,1,12____,77378,1,0,0,0,0,1,0,0,0,0,0,NovelLightCues_Acquisition_Day2,CRFNovelLightAcquisitionDay2D
C,Marios,80,326,10,1,12____,77393,1,0,0,0,0,0,0,0,0,1,0,NovelLightCues_Acquisition_Day2,CRFNovelLightAcquisitionDay2D
C,Marios,80,326,10,1,12____,80053,1,0,0,0,0,1,0,0,0,0,0,NovelLightCues_Acquisition_Day2,CRFNovelLightAcquisitionDay2D
C,Marios,80,326,10,1,12____,80229,1,0,0,0,0,0,0,0,0,1,0,NovelLightCues_Acquisition_Day2,CRFNovelLightAcquisitionDay2D
C,Marios,80,326,10,1,12____,80250,1,2,0,0,0,0,0,0,0,0,0,NovelLightCues_Acquisition_Day2,CRFNovelLightAcquisitionDay2D
C,Marios,80,326,10,1,12____,80381,2,0,0,0,0,1,0,0,0,0,0,NovelLightCues_Acquisition_Day2,CRFNovelLightAcquisitionDay2D
C,Marios,80,326,10,1,12____,80432,2,0,0,0,0,0,0,0,0,1,0,NovelLightCues_Acquisition_Day2,CRFNovelLightAcquisitionDay2D
C,Marios,80,326,10,1,12____,80692,2,0,0,0,0,1,0,0,0,0,0,NovelLightCues_Acquisition_Day2,CRFNovelLightAcquisitionDay2D
C,Marios,80,326,10,1,12____,80750,2,3,0,0,0,0,0,0,0,0,0,NovelLightCues_Acquisition_Day2,CRFNovelLightAcquisitionDay2D
C,Marios,80,326,10,1,12____,80764,3,0,0,0,0,0,0,0,0,1,0,NovelLightCues_Acquisition_Day2,CRFNovelLightAcquisitionDay2D
C,Marios,80,326,10,1,12____,81250,3,9,0,0,0,0,0,0,0,0,0,NovelLightCues_Acquisition_Day2,CRFNovelLightAcquisitionDay2D
C,Marios,80,326,10,1,12____,81432,9,0,0,0,0,1,0,0,0,0,0,NovelLightCues_Acquisition_Day2,CRFNovelLightAcquisitionDay2D
C,Marios,80,326,10,1,12____,81750,9,1,0,0,0,0,0,0,0,0,0,NovelLightCues_Acquisition_Day2,CRFNovelLightAcquisitionDay2D
C,Marios,80,326,10,1,12____,81870,1,0,0,0,0,0,0,0,0,1,0,NovelLightCues_Acquisition_Day2,CRFNovelLightAcquisitionDay2D
C,Marios,80,326,10,1,12____,81984,1,0,0,0,0,1,0,0,0,0,0,NovelLightCues_Acquisition_Day2,CRFNovelLightAcquisitionDay2D
C,Marios,80,326,10,1,12____,82007,1,0,0,0,0,0,0,0,0,1,0,NovelLightCues_Acquisition_Day2,CRFNovelLightAcquisitionDay2D
C,Marios,80,326,10,1,12____,82161,1,0,0,0,0,1,0,0,0,0,0,NovelLightCues_Acquisition_Day2,CRFNovelLightAcquisitionDay2D
C,Marios,80,326,10,1,12____,82231,1,0,0,0,0,0,0,0,0,1,0,NovelLightCues_Acquisition_Day2,CRFNovelLightAcquisitionDay2D
C,Marios,80,326,10,1,12____,82332,1,0,0,0,0,1,0,0,0,0,0,NovelLightCues_Acquisition_Day2,CRFNovelLightAcquisitionDay2D
C,Marios,80,326,10,1,12____,82430,1,0,0,0,0,0,0,0,0,1,0,NovelLightCues_Acquisition_Day2,CRFNovelLightAcquisitionDay2D
C,Marios,80,326,10,1,12____,82795,1,0,0,0,0,1,0,0,0,0,0,NovelLightCues_Acquisition_Day2,CRFNovelLightAcquisitionDay2D
C,Marios,80,326,10,1,12____,82953,1,0,0,0,0,0,0,0,0,1,0,NovelLightCues_Acquisition_Day2,CRFNovelLightAcquisitionDay2D
C,Marios,80,326,10,1,12____,83051,1,0,0,0,0,1,0,0,0,0,0,NovelLightCues_Acquisition_Day2,CRFNovelLightAcquisitionDay2D
C,Marios,80,326,10,1,12____,83401,1,0,0,0,0,0,0,0,0,1,0,NovelLightCues_Acquisition_Day2,CRFNovelLightAcquisitionDay2D
C,Marios,80,326,10,1,12____,83529,1,0,0,0,0,1,0,0,0,0,0,NovelLightCues_Acquisition_Day2,CRFNovelLightAcquisitionDay2D
C,Marios,80,326,10,1,12____,83655,1,0,0,0,0,0,0,0,0,1,0,NovelLightCues_Acquisition_Day2,CRFNovelLightAcquisitionDay2D
C,Marios,80,326,10,1,12____,83920,1,0,0,0,0,1,0,0,0,0,0,NovelLightCues_Acquisition_Day2,CRFNovelLightAcquisitionDay2D
C,Marios,80,326,10,1,12____,84030,1,0,0,0,0,0,0,0,0,1,0,NovelLightCues_Acquisition_Day2,CRFNovelLightAcquisitionDay2D
C,Marios,80,326,10,1,12____,84286,1,0,0,0,0,1,0,0,0,0,0,NovelLightCues_Acquisition_Day2,CRFNovelLightAcquisitionDay2D
C,Marios,80,326,10,1,12____,84298,1,0,0,0,0,0,0,0,0,1,0,NovelLightCues_Acquisition_Day2,CRFNovelLightAcquisitionDay2D
C,Marios,80,326,10,1,12____,84916,1,0,0,0,0,1,0,0,0,0,0,NovelLightCues_Acquisition_Day2,CRFNovelLightAcquisitionDay2D
C,Marios,80,326,10,1,12____,85040,1,0,0,0,0,0,0,0,0,1,0,NovelLightCues_Acquisition_Day2,CRFNovelLightAcquisitionDay2D
C,Marios,80,326,10,1,12____,85144,1,0,0,0,0,1,0,0,0,0,0,NovelLightCues_Acquisition_Day2,CRFNovelLightAcquisitionDay2D
C,Marios,80,326,10,1,12____,85293,1,0,0,0,0,0,0,0,0,1,0,NovelLightCues_Acquisition_Day2,CRFNovelLightAcquisitionDay2D
C,Marios,80,326,10,1,12____,85528,1,0,0,0,0,1,0,0,0,0,0,NovelLightCues_Acquisition_Day2,CRFNovelLightAcquisitionDay2D
C,Marios,80,326,10,1,12____,85879,1,0,0,0,0,0,0,0,0,1,0,NovelLightCues_Acquisition_Day2,CRFNovelLightAcquisitionDay2D
C,Marios,80,326,10,1,12____,86101,1,0,0,0,0,1,0,0,0,0,0,NovelLightCues_Acquisition_Day2,CRFNovelLightAcquisitionDay2D
C,Marios,80,326,10,1,12____,86474,1,0,0,0,0,0,0,0,0,1,0,NovelLightCues_Acquisition_Day2,CRFNovelLightAcquisitionDay2D
C,Marios,80,326,10,1,12____,87322,1,0,0,0,0,1,0,0,0,0,0,NovelLightCues_Acquisition_Day2,CRFNovelLightAcquisitionDay2D
C,Marios,80,326,10,1,12____,87750,1,2,0,0,0,0,0,0,0,0,0,NovelLightCues_Acquisition_Day2,CRFNovelLightAcquisitionDay2D
C,Marios,80,326,10,1,12____,87776,2,0,0,0,0,0,0,0,0,1,0,NovelLightCues_Acquisition_Day2,CRFNovelLightAcquisitionDay2D
C,Marios,80,326,10,1,12____,87949,2,0,0,0,0,1,0,0,0,0,0,NovelLightCues_Acquisition_Day2,CRFNovelLightAcquisitionDay2D
C,Marios,80,326,10,1,12____,88173,2,0,0,0,0,0,0,0,0,1,0,NovelLightCues_Acquisition_Day2,CRFNovelLightAcquisitionDay2D
C,Marios,80,326,10,1,12____,88250,2,4,0,0,0,0,0,0,0,0,0,NovelLightCues_Acquisition_Day2,CRFNovelLightAcquisitionDay2D
C,Marios,80,326,10,1,12____,88750,4,9,0,0,0,0,0,0,0,0,0,NovelLightCues_Acquisition_Day2,CRFNovelLightAcquisitionDay2D
C,Marios,80,326,10,1,12____,89250,9,1,0,0,0,0,0,0,0,0,0,NovelLightCues_Acquisition_Day2,CRFNovelLightAcquisitionDay2D
C,Marios,80,326,10,1,12____,91500,1,2,0,0,0,0,0,0,0,0,0,NovelLightCues_Acquisition_Day2,CRFNovelLightAcquisitionDay2D
C,Marios,80,326,10,1,12____,92000,2,5,0,0,0,0,0,0,0,0,0,NovelLightCues_Acquisition_Day2,CRFNovelLightAcquisitionDay2D
C,Marios,80,326,10,1,12____,92193,5,0,0,0,0,1,0,0,0,0,0,NovelLightCues_Acquisition_Day2,CRFNovelLightAcquisitionDay2D
C,Marios,80,326,10,1,12____,92215,5,0,0,0,0,0,0,0,0,1,0,NovelLightCues_Acquisition_Day2,CRFNovelLightAcquisitionDay2D
C,Marios,80,326,10,1,12____,92343,5,0,0,0,0,1,0,0,0,0,0,NovelLightCues_Acquisition_Day2,CRFNovelLightAcquisitionDay2D
C,Marios,80,326,10,1,12____,92356,5,0,0,0,0,0,0,0,0,1,0,NovelLightCues_Acquisition_Day2,CRFNovelLightAcquisitionDay2D
C,Marios,80,326,10,1,12____,92381,5,0,0,0,0,1,0,0,0,0,0,NovelLightCues_Acquisition_Day2,CRFNovelLightAcquisitionDay2D
C,Marios,80,326,10,1,12____,92416,5,0,0,0,0,0,0,0,0,1,0,NovelLightCues_Acquisition_Day2,CRFNovelLightAcquisitionDay2D
C,Marios,80,326,10,1,12____,92500,5,8,0,0,0,0,0,0,0,0,0,NovelLightCues_Acquisition_Day2,CRFNovelLightAcquisitionDay2D
C,Marios,80,326,10,1,12____,92597,8,0,0,0,0,1,0,0,0,0,0,NovelLightCues_Acquisition_Day2,CRFNovelLightAcquisitionDay2D
C,Marios,80,326,10,1,12____,92733,8,0,0,0,0,0,0,0,0,1,0,NovelLightCues_Acquisition_Day2,CRFNovelLightAcquisitionDay2D
C,Marios,80,326,10,1,12____,92874,8,0,0,0,0,1,0,0,0,0,0,NovelLightCues_Acquisition_Day2,CRFNovelLightAcquisitionDay2D
C,Marios,80,326,10,1,12____,92888,8,0,0,0,0,0,0,0,0,1,0,NovelLightCues_Acquisition_Day2,CRFNovelLightAcquisitionDay2D
C,Marios,80,326,10,1,12____,92978,8,0,0,0,0,1,0,0,0,0,0,NovelLightCues_Acquisition_Day2,CRFNovelLightAcquisitionDay2D
C,Marios,80,326,10,1,12____,93000,8,1,0,0,0,0,0,0,0,0,0,NovelLightCues_Acquisition_Day2,CRFNovelLightAcquisitionDay2D
C,Marios,80,326,10,1,12____,93015,1,0,0,0,0,0,0,0,0,1,0,NovelLightCues_Acquisition_Day2,CRFNovelLightAcquisitionDay2D
C,Marios,80,326,10,1,12____,96500,1,2,0,0,0,0,0,0,0,0,0,NovelLightCues_Acquisition_Day2,CRFNovelLightAcquisitionDay2D
C,Marios,80,326,10,1,12____,96638,2,0,0,0,0,1,0,0,0,0,0,NovelLightCues_Acquisition_Day2,CRFNovelLightAcquisitionDay2D
C,Marios,80,326,10,1,12____,96727,2,0,0,0,0,0,0,0,0,1,0,NovelLightCues_Acquisition_Day2,CRFNovelLightAcquisitionDay2D
C,Marios,80,326,10,1,12____,96799,2,0,0,0,0,1,0,0,0,0,0,NovelLightCues_Acquisition_Day2,CRFNovelLightAcquisitionDay2D
C,Marios,80,326,10,1,12____,96825,2,0,0,0,0,0,0,0,0,1,0,NovelLightCues_Acquisition_Day2,CRFNovelLightAcquisitionDay2D
C,Marios,80,326,10,1,12____,97000,2,5,0,0,0,0,0,0,0,0,0,NovelLightCues_Acquisition_Day2,CRFNovelLightAcquisitionDay2D
C,Marios,80,326,10,1,12____,97500,5,8,0,0,0,0,0,0,0,0,0,NovelLightCues_Acquisition_Day2,CRFNovelLightAcquisitionDay2D
C,Marios,80,326,10,1,12____,97546,8,0,0,0,0,1,0,0,0,0,0,NovelLightCues_Acquisition_Day2,CRFNovelLightAcquisitionDay2D
C,Marios,80,326,10,1,12____,97672,8,0,0,0,0,0,0,0,0,1,0,NovelLightCues_Acquisition_Day2,CRFNovelLightAcquisitionDay2D
C,Marios,80,326,10,1,12____,97675,8,0,0,0,0,1,0,0,0,0,0,NovelLightCues_Acquisition_Day2,CRFNovelLightAcquisitionDay2D
C,Marios,80,326,10,1,12____,97694,8,0,0,0,0,0,0,0,0,1,0,NovelLightCues_Acquisition_Day2,CRFNovelLightAcquisitionDay2D
C,Marios,80,326,10,1,12____,97843,8,0,0,0,0,1,0,0,0,0,0,NovelLightCues_Acquisition_Day2,CRFNovelLightAcquisitionDay2D
C,Marios,80,326,10,1,12____,97845,8,0,0,0,0,0,0,0,0,1,0,NovelLightCues_Acquisition_Day2,CRFNovelLightAcquisitionDay2D
C,Marios,80,326,10,1,12____,97846,8,0,0,0,0,1,0,0,0,0,0,NovelLightCues_Acquisition_Day2,CRFNovelLightAcquisitionDay2D
C,Marios,80,326,10,1,12____,97868,8,0,0,0,0,0,0,0,0,1,0,NovelLightCues_Acquisition_Day2,CRFNovelLightAcquisitionDay2D
C,Marios,80,326,10,1,12____,97870,8,0,0,0,0,1,0,0,0,0,0,NovelLightCues_Acquisition_Day2,CRFNovelLightAcquisitionDay2D
C,Marios,80,326,10,1,12____,97873,8,0,0,0,0,0,0,0,0,1,0,NovelLightCues_Acquisition_Day2,CRFNovelLightAcquisitionDay2D
C,Marios,80,326,10,1,12____,97880,8,0,0,0,0,1,0,0,0,0,0,NovelLightCues_Acquisition_Day2,CRFNovelLightAcquisitionDay2D
C,Marios,80,326,10,1,12____,97886,8,0,0,0,0,0,0,0,0,1,0,NovelLightCues_Acquisition_Day2,CRFNovelLightAcquisitionDay2D
C,Marios,80,326,10,1,12____,97887,8,0,0,0,0,1,0,0,0,0,0,NovelLightCues_Acquisition_Day2,CRFNovelLightAcquisitionDay2D
C,Marios,80,326,10,1,12____,97896,8,0,0,0,0,0,0,0,0,1,0,NovelLightCues_Acquisition_Day2,CRFNovelLightAcquisitionDay2D
C,Marios,80,326,10,1,12____,97898,8,0,0,0,0,1,0,0,0,0,0,NovelLightCues_Acquisition_Day2,CRFNovelLightAcquisitionDay2D
C,Marios,80,326,10,1,12____,97925,8,0,0,0,0,0,0,0,0,1,0,NovelLightCues_Acquisition_Day2,CRFNovelLightAcquisitionDay2D
C,Marios,80,326,10,1,12____,97928,8,0,0,0,0,1,0,0,0,0,0,NovelLightCues_Acquisition_Day2,CRFNovelLightAcquisitionDay2D
C,Marios,80,326,10,1,12____,97932,8,0,0,0,0,0,0,0,0,1,0,NovelLightCues_Acquisition_Day2,CRFNovelLightAcquisitionDay2D
C,Marios,80,326,10,1,12____,98000,8,1,0,0,0,0,0,0,0,0,0,NovelLightCues_Acquisition_Day2,CRFNovelLightAcquisitionDay2D
C,Marios,80,326,10,1,12____,99063,1,0,0,0,0,1,0,0,0,0,0,NovelLightCues_Acquisition_Day2,CRFNovelLightAcquisitionDay2D
C,Marios,80,326,10,1,12____,99146,1,0,0,0,0,0,0,0,0,1,0,NovelLightCues_Acquisition_Day2,CRFNovelLightAcquisitionDay2D
C,Marios,80,326,10,1,12____,99462,1,0,0,0,0,1,0,0,0,0,0,NovelLightCues_Acquisition_Day2,CRFNovelLightAcquisitionDay2D
C,Marios,80,326,10,1,12____,99493,1,0,0,0,0,0,0,0,0,1,0,NovelLightCues_Acquisition_Day2,CRFNovelLightAcquisitionDay2D
C,Marios,80,326,10,1,12____,99500,1,2,0,0,0,0,0,0,0,0,0,NovelLightCues_Acquisition_Day2,CRFNovelLightAcquisitionDay2D
C,Marios,80,326,10,1,12____,99588,2,0,0,0,0,1,0,0,0,0,0,NovelLightCues_Acquisition_Day2,CRFNovelLightAcquisitionDay2D
C,Marios,80,326,10,1,12____,99654,2,0,0,0,0,0,0,0,0,1,0,NovelLightCues_Acquisition_Day2,CRFNovelLightAcquisitionDay2D
C,Marios,80,326,10,1,12____,99709,2,0,0,0,0,1,0,0,0,0,0,NovelLightCues_Acquisition_Day2,CRFNovelLightAcquisitionDay2D
C,Marios,80,326,10,1,12____,99724,2,0,0,0,0,0,0,0,0,1,0,NovelLightCues_Acquisition_Day2,CRFNovelLightAcquisitionDay2D
C,Marios,80,326,10,1,12____,100000,2,4,0,0,0,0,0,0,0,0,0,NovelLightCues_Acquisition_Day2,CRFNovelLightAcquisitionDay2D
C,Marios,80,326,10,1,12____,100500,4,9,0,0,0,0,0,0,0,0,0,NovelLightCues_Acquisition_Day2,CRFNovelLightAcquisitionDay2D
C,Marios,80,326,10,1,12____,100657,9,0,0,0,0,1,0,0,0,0,0,NovelLightCues_Acquisition_Day2,CRFNovelLightAcquisitionDay2D
C,Marios,80,326,10,1,12____,100820,9,0,0,0,0,0,0,0,0,1,0,NovelLightCues_Acquisition_Day2,CRFNovelLightAcquisitionDay2D
C,Marios,80,326,10,1,12____,100991,9,0,0,0,0,1,0,0,0,0,0,NovelLightCues_Acquisition_Day2,CRFNovelLightAcquisitionDay2D
C,Marios,80,326,10,1,12____,101000,9,1,0,0,0,0,0,0,0,0,0,NovelLightCues_Acquisition_Day2,CRFNovelLightAcquisitionDay2D
C,Marios,80,326,10,1,12____,101022,1,0,0,0,0,0,0,0,0,1,0,NovelLightCues_Acquisition_Day2,CRFNovelLightAcquisitionDay2D
C,Marios,80,326,10,1,12____,101529,1,0,0,0,0,1,0,0,0,0,0,NovelLightCues_Acquisition_Day2,CRFNovelLightAcquisitionDay2D
C,Marios,80,326,10,1,12____,101538,1,0,0,0,0,0,0,0,0,1,0,NovelLightCues_Acquisition_Day2,CRFNovelLightAcquisitionDay2D
C,Marios,80,326,10,1,12____,102699,1,0,0,0,0,1,0,0,0,0,0,NovelLightCues_Acquisition_Day2,CRFNovelLightAcquisitionDay2D
C,Marios,80,326,10,1,12____,102980,1,0,0,0,0,0,0,0,0,1,0,NovelLightCues_Acquisition_Day2,CRFNovelLightAcquisitionDay2D
C,Marios,80,326,10,1,12____,103076,1,0,0,0,0,1,0,0,0,0,0,NovelLightCues_Acquisition_Day2,CRFNovelLightAcquisitionDay2D
C,Marios,80,326,10,1,12____,103210,1,0,0,0,0,0,0,0,0,1,0,NovelLightCues_Acquisition_Day2,CRFNovelLightAcquisitionDay2D
C,Marios,80,326,10,1,12____,103374,1,0,0,0,0,1,0,0,0,0,0,NovelLightCues_Acquisition_Day2,CRFNovelLightAcquisitionDay2D
C,Marios,80,326,10,1,12____,103529,1,0,0,0,0,0,0,0,0,1,0,NovelLightCues_Acquisition_Day2,CRFNovelLightAcquisitionDay2D
C,Marios,80,326,10,1,12____,103791,1,0,0,0,0,1,0,0,0,0,0,NovelLightCues_Acquisition_Day2,CRFNovelLightAcquisitionDay2D
C,Marios,80,326,10,1,12____,103922,1,0,0,0,0,0,0,0,0,1,0,NovelLightCues_Acquisition_Day2,CRFNovelLightAcquisitionDay2D
C,Marios,80,326,10,1,12____,104267,1,0,0,0,0,1,0,0,0,0,0,NovelLightCues_Acquisition_Day2,CRFNovelLightAcquisitionDay2D
C,Marios,80,326,10,1,12____,104520,1,0,0,0,0,0,0,0,0,1,0,NovelLightCues_Acquisition_Day2,CRFNovelLightAcquisitionDay2D
C,Marios,80,326,10,1,12____,104736,1,0,0,0,0,1,0,0,0,0,0,NovelLightCues_Acquisition_Day2,CRFNovelLightAcquisitionDay2D
C,Marios,80,326,10,1,12____,104925,1,0,0,0,0,0,0,0,0,1,0,NovelLightCues_Acquisition_Day2,CRFNovelLightAcquisitionDay2D
C,Marios,80,326,10,1,12____,105012,1,0,0,0,0,1,0,0,0,0,0,NovelLightCues_Acquisition_Day2,CRFNovelLightAcquisitionDay2D
C,Marios,80,326,10,1,12____,105086,1,0,0,0,0,0,0,0,0,1,0,NovelLightCues_Acquisition_Day2,CRFNovelLightAcquisitionDay2D
C,Marios,80,326,10,1,12____,105270,1,0,0,0,0,1,0,0,0,0,0,NovelLightCues_Acquisition_Day2,CRFNovelLightAcquisitionDay2D
C,Marios,80,326,10,1,12____,105794,1,0,0,0,0,0,0,0,0,1,0,NovelLightCues_Acquisition_Day2,CRFNovelLightAcquisitionDay2D
C,Marios,80,326,10,1,12____,105896,1,0,0,0,0,1,0,0,0,0,0,NovelLightCues_Acquisition_Day2,CRFNovelLightAcquisitionDay2D
C,Marios,80,326,10,1,12____,106048,1,0,0,0,0,0,0,0,0,1,0,NovelLightCues_Acquisition_Day2,CRFNovelLightAcquisitionDay2D
C,Marios,80,326,10,1,12____,106179,1,0,0,0,0,1,0,0,0,0,0,NovelLightCues_Acquisition_Day2,CRFNovelLightAcquisitionDay2D
C,Marios,80,326,10,1,12____,106338,1,0,0,0,0,0,0,0,0,1,0,NovelLightCues_Acquisition_Day2,CRFNovelLightAcquisitionDay2D
C,Marios,80,326,10,1,12____,108500,1,2,0,0,0,0,0,0,0,0,0,NovelLightCues_Acquisition_Day2,CRFNovelLightAcquisitionDay2D
C,Marios,80,326,10,1,12____,109000,2,3,0,0,0,0,0,0,0,0,0,NovelLightCues_Acquisition_Day2,CRFNovelLightAcquisitionDay2D
C,Marios,80,326,10,1,12____,109366,3,0,0,0,0,1,0,0,0,0,0,NovelLightCues_Acquisition_Day2,CRFNovelLightAcquisitionDay2D
C,Marios,80,326,10,1,12____,109435,3,0,0,0,0,0,0,0,0,1,0,NovelLightCues_Acquisition_Day2,CRFNovelLightAcquisitionDay2D
C,Marios,80,326,10,1,12____,109500,3,9,0,0,0,0,0,0,0,0,0,NovelLightCues_Acquisition_Day2,CRFNovelLightAcquisitionDay2D
C,Marios,80,326,10,1,12____,109550,9,0,0,0,0,1,0,0,0,0,0,NovelLightCues_Acquisition_Day2,CRFNovelLightAcquisitionDay2D
C,Marios,80,326,10,1,12____,109589,9,0,0,0,0,0,0,0,0,1,0,NovelLightCues_Acquisition_Day2,CRFNovelLightAcquisitionDay2D
C,Marios,80,326,10,1,12____,109646,9,0,0,0,0,1,0,0,0,0,0,NovelLightCues_Acquisition_Day2,CRFNovelLightAcquisitionDay2D
C,Marios,80,326,10,1,12____,109683,9,0,0,0,0,0,0,0,0,1,0,NovelLightCues_Acquisition_Day2,CRFNovelLightAcquisitionDay2D
C,Marios,80,326,10,1,12____,109742,9,0,0,0,0,1,0,0,0,0,0,NovelLightCues_Acquisition_Day2,CRFNovelLightAcquisitionDay2D
C,Marios,80,326,10,1,12____,109793,9,0,0,0,0,0,0,0,0,1,0,NovelLightCues_Acquisition_Day2,CRFNovelLightAcquisitionDay2D
C,Marios,80,326,10,1,12____,109883,9,0,0,0,0,1,0,0,0,0,0,NovelLightCues_Acquisition_Day2,CRFNovelLightAcquisitionDay2D
C,Marios,80,326,10,1,12____,109970,9,0,0,0,0,0,0,0,0,1,0,NovelLightCues_Acquisition_Day2,CRFNovelLightAcquisitionDay2D
C,Marios,80,326,10,1,12____,110000,9,1,0,0,0,0,0,0,0,0,0,NovelLightCues_Acquisition_Day2,CRFNovelLightAcquisitionDay2D
C,Marios,80,326,10,1,12____,110056,1,0,0,0,0,1,0,0,0,0,0,NovelLightCues_Acquisition_Day2,CRFNovelLightAcquisitionDay2D
C,Marios,80,326,10,1,12____,110117,1,0,0,0,0,0,0,0,0,1,0,NovelLightCues_Acquisition_Day2,CRFNovelLightAcquisitionDay2D
C,Marios,80,326,10,1,12____,110196,1,0,0,0,0,1,0,0,0,0,0,NovelLightCues_Acquisition_Day2,CRFNovelLightAcquisitionDay2D
C,Marios,80,326,10,1,12____,110343,1,0,0,0,0,0,0,0,0,1,0,NovelLightCues_Acquisition_Day2,CRFNovelLightAcquisitionDay2D
C,Marios,80,326,10,1,12____,111230,1,0,0,0,0,1,0,0,0,0,0,NovelLightCues_Acquisition_Day2,CRFNovelLightAcquisitionDay2D
C,Marios,80,326,10,1,12____,111459,1,0,0,0,0,0,0,0,0,1,0,NovelLightCues_Acquisition_Day2,CRFNovelLightAcquisitionDay2D
C,Marios,80,326,10,1,12____,111537,1,0,0,0,0,1,0,0,0,0,0,NovelLightCues_Acquisition_Day2,CRFNovelLightAcquisitionDay2D
C,Marios,80,326,10,1,12____,111581,1,0,0,0,0,0,0,0,0,1,0,NovelLightCues_Acquisition_Day2,CRFNovelLightAcquisitionDay2D
C,Marios,80,326,10,1,12____,111628,1,0,0,0,0,1,0,0,0,0,0,NovelLightCues_Acquisition_Day2,CRFNovelLightAcquisitionDay2D
C,Marios,80,326,10,1,12____,111678,1,0,0,0,0,0,0,0,0,1,0,NovelLightCues_Acquisition_Day2,CRFNovelLightAcquisitionDay2D
C,Marios,80,326,10,1,12____,112555,1,0,0,0,0,1,0,0,0,0,0,NovelLightCues_Acquisition_Day2,CRFNovelLightAcquisitionDay2D
C,Marios,80,326,10,1,12____,112797,1,0,0,0,0,0,0,0,0,1,0,NovelLightCues_Acquisition_Day2,CRFNovelLightAcquisitionDay2D
C,Marios,80,326,10,1,12____,112931,1,0,0,0,0,1,0,0,0,0,0,NovelLightCues_Acquisition_Day2,CRFNovelLightAcquisitionDay2D
C,Marios,80,326,10,1,12____,113200,1,0,0,0,0,0,0,0,0,1,0,NovelLightCues_Acquisition_Day2,CRFNovelLightAcquisitionDay2D
C,Marios,80,326,10,1,12____,113302,1,0,0,0,0,1,0,0,0,0,0,NovelLightCues_Acquisition_Day2,CRFNovelLightAcquisitionDay2D
C,Marios,80,326,10,1,12____,113411,1,0,0,0,0,0,0,0,0,1,0,NovelLightCues_Acquisition_Day2,CRFNovelLightAcquisitionDay2D
C,Marios,80,326,10,1,12____,113485,1,0,0,0,0,1,0,0,0,0,0,NovelLightCues_Acquisition_Day2,CRFNovelLightAcquisitionDay2D
C,Marios,80,326,10,1,12____,113513,1,0,0,0,0,0,0,0,0,1,0,NovelLightCues_Acquisition_Day2,CRFNovelLightAcquisitionDay2D
C,Marios,80,326,10,1,12____,113687,1,0,0,0,0,1,0,0,0,0,0,NovelLightCues_Acquisition_Day2,CRFNovelLightAcquisitionDay2D
C,Marios,80,326,10,1,12____,113760,1,0,0,0,0,0,0,0,0,1,0,NovelLightCues_Acquisition_Day2,CRFNovelLightAcquisitionDay2D
C,Marios,80,326,10,1,12____,113923,1,0,0,0,0,1,0,0,0,0,0,NovelLightCues_Acquisition_Day2,CRFNovelLightAcquisitionDay2D
C,Marios,80,326,10,1,12____,113929,1,0,0,0,0,0,0,0,0,1,0,NovelLightCues_Acquisition_Day2,CRFNovelLightAcquisitionDay2D
C,Marios,80,326,10,1,12____,113930,1,0,0,0,0,1,0,0,0,0,0,NovelLightCues_Acquisition_Day2,CRFNovelLightAcquisitionDay2D
C,Marios,80,326,10,1,12____,114059,1,0,0,0,0,0,0,0,0,1,0,NovelLightCues_Acquisition_Day2,CRFNovelLightAcquisitionDay2D
C,Marios,80,326,10,1,12____,114258,1,0,0,0,0,1,0,0,0,0,0,NovelLightCues_Acquisition_Day2,CRFNovelLightAcquisitionDay2D
C,Marios,80,326,10,1,12____,114286,1,0,0,0,0,0,0,0,0,1,0,NovelLightCues_Acquisition_Day2,CRFNovelLightAcquisitionDay2D
C,Marios,80,326,10,1,12____,115250,1,2,0,0,0,0,0,0,0,0,0,NovelLightCues_Acquisition_Day2,CRFNovelLightAcquisitionDay2D
C,Marios,80,326,10,1,12____,115750,2,6,0,0,0,0,0,0,0,0,0,NovelLightCues_Acquisition_Day2,CRFNovelLightAcquisitionDay2D
C,Marios,80,326,10,1,12____,116250,6,8,0,0,0,0,0,0,0,0,0,NovelLightCues_Acquisition_Day2,CRFNovelLightAcquisitionDay2D
C,Marios,80,326,10,1,12____,116304,8,0,0,0,0,1,0,0,0,0,0,NovelLightCues_Acquisition_Day2,CRFNovelLightAcquisitionDay2D
C,Marios,80,326,10,1,12____,116450,8,0,0,0,0,0,0,0,0,1,0,NovelLightCues_Acquisition_Day2,CRFNovelLightAcquisitionDay2D
C,Marios,80,326,10,1,12____,116487,8,0,0,0,0,1,0,0,0,0,0,NovelLightCues_Acquisition_Day2,CRFNovelLightAcquisitionDay2D
C,Marios,80,326,10,1,12____,116505,8,0,0,0,0,0,0,0,0,1,0,NovelLightCues_Acquisition_Day2,CRFNovelLightAcquisitionDay2D
C,Marios,80,326,10,1,12____,116574,8,0,0,0,0,1,0,0,0,0,0,NovelLightCues_Acquisition_Day2,CRFNovelLightAcquisitionDay2D
C,Marios,80,326,10,1,12____,116580,8,0,0,0,0,0,0,0,0,1,0,NovelLightCues_Acquisition_Day2,CRFNovelLightAcquisitionDay2D
C,Marios,80,326,10,1,12____,116585,8,0,0,0,0,1,0,0,0,0,0,NovelLightCues_Acquisition_Day2,CRFNovelLightAcquisitionDay2D
C,Marios,80,326,10,1,12____,116589,8,0,0,0,0,0,0,0,0,1,0,NovelLightCues_Acquisition_Day2,CRFNovelLightAcquisitionDay2D
C,Marios,80,326,10,1,12____,116661,8,0,0,0,0,1,0,0,0,0,0,NovelLightCues_Acquisition_Day2,CRFNovelLightAcquisitionDay2D
C,Marios,80,326,10,1,12____,116681,8,0,0,0,0,0,0,0,0,1,0,NovelLightCues_Acquisition_Day2,CRFNovelLightAcquisitionDay2D
C,Marios,80,326,10,1,12____,116750,8,1,0,0,0,0,0,0,0,0,0,NovelLightCues_Acquisition_Day2,CRFNovelLightAcquisitionDay2D
C,Marios,80,326,10,1,12____,117916,1,0,0,0,0,1,0,0,0,0,0,NovelLightCues_Acquisition_Day2,CRFNovelLightAcquisitionDay2D
C,Marios,80,326,10,1,12____,117959,1,0,0,0,0,0,0,0,0,1,0,NovelLightCues_Acquisition_Day2,CRFNovelLightAcquisitionDay2D
C,Marios,80,326,10,1,12____,118205,1,0,0,0,0,1,0,0,0,0,0,NovelLightCues_Acquisition_Day2,CRFNovelLightAcquisitionDay2D
C,Marios,80,326,10,1,12____,118223,1,0,0,0,0,0,0,0,0,1,0,NovelLightCues_Acquisition_Day2,CRFNovelLightAcquisitionDay2D
C,Marios,80,326,10,1,12____,119022,1,0,0,0,0,1,0,0,0,0,0,NovelLightCues_Acquisition_Day2,CRFNovelLightAcquisitionDay2D
C,Marios,80,326,10,1,12____,119035,1,0,0,0,0,0,0,0,0,1,0,NovelLightCues_Acquisition_Day2,CRFNovelLightAcquisitionDay2D
C,Marios,80,326,10,1,12____,120089,1,0,0,0,0,1,0,0,0,0,0,NovelLightCues_Acquisition_Day2,CRFNovelLightAcquisitionDay2D
C,Marios,80,326,10,1,12____,120200,1,0,0,0,0,0,0,0,0,1,0,NovelLightCues_Acquisition_Day2,CRFNovelLightAcquisitionDay2D
C,Marios,80,326,10,1,12____,120292,1,0,0,0,0,1,0,0,0,0,0,NovelLightCues_Acquisition_Day2,CRFNovelLightAcquisitionDay2D
C,Marios,80,326,10,1,12____,120372,1,0,0,0,0,0,0,0,0,1,0,NovelLightCues_Acquisition_Day2,CRFNovelLightAcquisitionDay2D
C,Marios,80,326,10,1,12____,120516,1,0,0,0,0,1,0,0,0,0,0,NovelLightCues_Acquisition_Day2,CRFNovelLightAcquisitionDay2D
C,Marios,80,326,10,1,12____,120600,1,0,0,0,0,0,0,0,0,1,0,NovelLightCues_Acquisition_Day2,CRFNovelLightAcquisitionDay2D
C,Marios,80,326,10,1,12____,120694,1,0,0,0,0,1,0,0,0,0,0,NovelLightCues_Acquisition_Day2,CRFNovelLightAcquisitionDay2D
C,Marios,80,326,10,1,12____,120784,1,0,0,0,0,0,0,0,0,1,0,NovelLightCues_Acquisition_Day2,CRFNovelLightAcquisitionDay2D
C,Marios,80,326,10,1,12____,120867,1,0,0,0,0,1,0,0,0,0,0,NovelLightCues_Acquisition_Day2,CRFNovelLightAcquisitionDay2D
C,Marios,80,326,10,1,12____,120875,1,0,0,0,0,0,0,0,0,1,0,NovelLightCues_Acquisition_Day2,CRFNovelLightAcquisitionDay2D
C,Marios,80,326,10,1,12____,121342,1,0,0,0,0,1,0,0,0,0,0,NovelLightCues_Acquisition_Day2,CRFNovelLightAcquisitionDay2D
C,Marios,80,326,10,1,12____,121354,1,0,0,0,0,0,0,0,0,1,0,NovelLightCues_Acquisition_Day2,CRFNovelLightAcquisitionDay2D
C,Marios,80,326,10,1,12____,121463,1,0,0,0,0,1,0,0,0,0,0,NovelLightCues_Acquisition_Day2,CRFNovelLightAcquisitionDay2D
C,Marios,80,326,10,1,12____,121486,1,0,0,0,0,0,0,0,0,1,0,NovelLightCues_Acquisition_Day2,CRFNovelLightAcquisitionDay2D
C,Marios,80,326,10,1,12____,121530,1,0,0,0,0,1,0,0,0,0,0,NovelLightCues_Acquisition_Day2,CRFNovelLightAcquisitionDay2D
C,Marios,80,326,10,1,12____,121578,1,0,0,0,0,0,0,0,0,1,0,NovelLightCues_Acquisition_Day2,CRFNovelLightAcquisitionDay2D
C,Marios,80,326,10,1,12____,122144,1,0,0,0,0,1,0,0,0,0,0,NovelLightCues_Acquisition_Day2,CRFNovelLightAcquisitionDay2D
C,Marios,80,326,10,1,12____,122147,1,0,0,0,0,0,0,0,0,1,0,NovelLightCues_Acquisition_Day2,CRFNovelLightAcquisitionDay2D
C,Marios,80,326,10,1,12____,122250,1,2,0,0,0,0,0,0,0,0,0,NovelLightCues_Acquisition_Day2,CRFNovelLightAcquisitionDay2D
C,Marios,80,326,10,1,12____,122274,2,0,0,0,0,1,0,0,0,0,0,NovelLightCues_Acquisition_Day2,CRFNovelLightAcquisitionDay2D
C,Marios,80,326,10,1,12____,122365,2,0,0,0,0,0,0,0,0,1,0,NovelLightCues_Acquisition_Day2,CRFNovelLightAcquisitionDay2D
C,Marios,80,326,10,1,12____,122507,2,0,0,0,0,1,0,0,0,0,0,NovelLightCues_Acquisition_Day2,CRFNovelLightAcquisitionDay2D
C,Marios,80,326,10,1,12____,122565,2,0,0,0,0,0,0,0,0,1,0,NovelLightCues_Acquisition_Day2,CRFNovelLightAcquisitionDay2D
C,Marios,80,326,10,1,12____,122750,2,5,0,0,0,0,0,0,0,0,0,NovelLightCues_Acquisition_Day2,CRFNovelLightAcquisitionDay2D
C,Marios,80,326,10,1,12____,123176,5,0,0,0,0,1,0,0,0,0,0,NovelLightCues_Acquisition_Day2,CRFNovelLightAcquisitionDay2D
C,Marios,80,326,10,1,12____,123214,5,0,0,0,0,0,0,0,0,1,0,NovelLightCues_Acquisition_Day2,CRFNovelLightAcquisitionDay2D
C,Marios,80,326,10,1,12____,123250,5,8,0,0,0,0,0,0,0,0,0,NovelLightCues_Acquisition_Day2,CRFNovelLightAcquisitionDay2D
C,Marios,80,326,10,1,12____,123268,8,0,0,0,0,1,0,0,0,0,0,NovelLightCues_Acquisition_Day2,CRFNovelLightAcquisitionDay2D
C,Marios,80,326,10,1,12____,123501,8,0,0,0,0,0,0,0,0,1,0,NovelLightCues_Acquisition_Day2,CRFNovelLightAcquisitionDay2D
C,Marios,80,326,10,1,12____,123505,8,0,0,0,0,1,0,0,0,0,0,NovelLightCues_Acquisition_Day2,CRFNovelLightAcquisitionDay2D
C,Marios,80,326,10,1,12____,123510,8,0,0,0,0,0,0,0,0,1,0,NovelLightCues_Acquisition_Day2,CRFNovelLightAcquisitionDay2D
C,Marios,80,326,10,1,12____,123750,8,1,0,0,0,0,0,0,0,0,0,NovelLightCues_Acquisition_Day2,CRFNovelLightAcquisitionDay2D
C,Marios,80,326,10,1,12____,123781,1,0,0,0,0,1,0,0,0,0,0,NovelLightCues_Acquisition_Day2,CRFNovelLightAcquisitionDay2D
C,Marios,80,326,10,1,12____,123799,1,0,0,0,0,0,0,0,0,1,0,NovelLightCues_Acquisition_Day2,CRFNovelLightAcquisitionDay2D
C,Marios,80,326,10,1,12____,123806,1,0,0,0,0,1,0,0,0,0,0,NovelLightCues_Acquisition_Day2,CRFNovelLightAcquisitionDay2D
C,Marios,80,326,10,1,12____,123812,1,0,0,0,0,0,0,0,0,1,0,NovelLightCues_Acquisition_Day2,CRFNovelLightAcquisitionDay2D
C,Marios,80,326,10,1,12____,124351,1,0,0,0,0,1,0,0,0,0,0,NovelLightCues_Acquisition_Day2,CRFNovelLightAcquisitionDay2D
C,Marios,80,326,10,1,12____,124364,1,0,0,0,0,0,0,0,0,1,0,NovelLightCues_Acquisition_Day2,CRFNovelLightAcquisitionDay2D
C,Marios,80,326,10,1,12____,124415,1,0,0,0,0,1,0,0,0,0,0,NovelLightCues_Acquisition_Day2,CRFNovelLightAcquisitionDay2D
C,Marios,80,326,10,1,12____,124447,1,0,0,0,0,0,0,0,0,1,0,NovelLightCues_Acquisition_Day2,CRFNovelLightAcquisitionDay2D
C,Marios,80,326,10,1,12____,124557,1,0,0,0,0,1,0,0,0,0,0,NovelLightCues_Acquisition_Day2,CRFNovelLightAcquisitionDay2D
C,Marios,80,326,10,1,12____,124600,1,0,0,0,0,0,0,0,0,1,0,NovelLightCues_Acquisition_Day2,CRFNovelLightAcquisitionDay2D
C,Marios,80,326,10,1,12____,125374,1,0,0,0,0,1,0,0,0,0,0,NovelLightCues_Acquisition_Day2,CRFNovelLightAcquisitionDay2D
C,Marios,80,326,10,1,12____,125405,1,0,0,0,0,0,0,0,0,1,0,NovelLightCues_Acquisition_Day2,CRFNovelLightAcquisitionDay2D
C,Marios,80,326,10,1,12____,126137,1,0,0,0,0,1,0,0,0,0,0,NovelLightCues_Acquisition_Day2,CRFNovelLightAcquisitionDay2D
C,Marios,80,326,10,1,12____,126139,1,0,0,0,0,1,0,0,0,1,0,NovelLightCues_Acquisition_Day2,CRFNovelLightAcquisitionDay2D
C,Marios,80,326,10,1,12____,126176,1,0,0,0,0,0,0,0,0,1,0,NovelLightCues_Acquisition_Day2,CRFNovelLightAcquisitionDay2D
C,Marios,80,326,10,1,12____,126625,1,0,0,0,0,1,0,0,0,0,0,NovelLightCues_Acquisition_Day2,CRFNovelLightAcquisitionDay2D
C,Marios,80,326,10,1,12____,126650,1,0,0,0,0,0,0,0,0,1,0,NovelLightCues_Acquisition_Day2,CRFNovelLightAcquisitionDay2D
C,Marios,80,326,10,1,12____,127040,1,0,0,0,0,1,0,0,0,0,0,NovelLightCues_Acquisition_Day2,CRFNovelLightAcquisitionDay2D
C,Marios,80,326,10,1,12____,127131,1,0,0,0,0,0,0,0,0,1,0,NovelLightCues_Acquisition_Day2,CRFNovelLightAcquisitionDay2D
C,Marios,80,326,10,1,12____,127483,1,0,0,0,0,1,0,0,0,0,0,NovelLightCues_Acquisition_Day2,CRFNovelLightAcquisitionDay2D
C,Marios,80,326,10,1,12____,127559,1,0,0,0,0,0,0,0,0,1,0,NovelLightCues_Acquisition_Day2,CRFNovelLightAcquisitionDay2D
C,Marios,80,326,10,1,12____,128000,1,0,0,0,0,1,0,0,0,0,0,NovelLightCues_Acquisition_Day2,CRFNovelLightAcquisitionDay2D
C,Marios,80,326,10,1,12____,128254,1,0,0,0,0,0,0,0,0,1,0,NovelLightCues_Acquisition_Day2,CRFNovelLightAcquisitionDay2D
C,Marios,80,326,10,1,12____,128310,1,0,0,0,0,1,0,0,0,0,0,NovelLightCues_Acquisition_Day2,CRFNovelLightAcquisitionDay2D
C,Marios,80,326,10,1,12____,128323,1,0,0,0,0,0,0,0,0,1,0,NovelLightCues_Acquisition_Day2,CRFNovelLightAcquisitionDay2D
C,Marios,80,326,10,1,12____,128356,1,0,0,0,0,1,0,0,0,0,0,NovelLightCues_Acquisition_Day2,CRFNovelLightAcquisitionDay2D
C,Marios,80,326,10,1,12____,128367,1,0,0,0,0,0,0,0,0,1,0,NovelLightCues_Acquisition_Day2,CRFNovelLightAcquisitionDay2D
C,Marios,80,326,10,1,12____,128396,1,0,0,0,0,1,0,0,0,0,0,NovelLightCues_Acquisition_Day2,CRFNovelLightAcquisitionDay2D
C,Marios,80,326,10,1,12____,128532,1,0,0,0,0,0,0,0,0,1,0,NovelLightCues_Acquisition_Day2,CRFNovelLightAcquisitionDay2D
C,Marios,80,326,10,1,12____,128656,1,0,0,0,0,1,0,0,0,0,0,NovelLightCues_Acquisition_Day2,CRFNovelLightAcquisitionDay2D
C,Marios,80,326,10,1,12____,128780,1,0,0,0,0,0,0,0,0,1,0,NovelLightCues_Acquisition_Day2,CRFNovelLightAcquisitionDay2D
C,Marios,80,326,10,1,12____,128981,1,0,0,0,0,1,0,0,0,0,0,NovelLightCues_Acquisition_Day2,CRFNovelLightAcquisitionDay2D
C,Marios,80,326,10,1,12____,129278,1,0,0,0,0,0,0,0,0,1,0,NovelLightCues_Acquisition_Day2,CRFNovelLightAcquisitionDay2D
C,Marios,80,326,10,1,12____,130500,1,2,0,0,0,0,0,0,0,0,0,NovelLightCues_Acquisition_Day2,CRFNovelLightAcquisitionDay2D
C,Marios,80,326,10,1,12____,131000,2,4,0,0,0,0,0,0,0,0,0,NovelLightCues_Acquisition_Day2,CRFNovelLightAcquisitionDay2D
C,Marios,80,326,10,1,12____,131478,4,0,0,0,0,1,0,0,0,0,0,NovelLightCues_Acquisition_Day2,CRFNovelLightAcquisitionDay2D
C,Marios,80,326,10,1,12____,131500,4,9,0,0,0,0,0,0,0,0,0,NovelLightCues_Acquisition_Day2,CRFNovelLightAcquisitionDay2D
C,Marios,80,326,10,1,12____,131502,9,0,0,0,0,0,0,0,0,1,0,NovelLightCues_Acquisition_Day2,CRFNovelLightAcquisitionDay2D
C,Marios,80,326,10,1,12____,131591,9,0,0,0,0,1,0,0,0,0,0,NovelLightCues_Acquisition_Day2,CRFNovelLightAcquisitionDay2D
C,Marios,80,326,10,1,12____,131635,9,0,0,0,0,0,0,0,0,1,0,NovelLightCues_Acquisition_Day2,CRFNovelLightAcquisitionDay2D
C,Marios,80,326,10,1,12____,131683,9,0,0,0,0,1,0,0,0,0,0,NovelLightCues_Acquisition_Day2,CRFNovelLightAcquisitionDay2D
C,Marios,80,326,10,1,12____,131721,9,0,0,0,0,0,0,0,0,1,0,NovelLightCues_Acquisition_Day2,CRFNovelLightAcquisitionDay2D
C,Marios,80,326,10,1,12____,131791,9,0,0,0,0,1,0,0,0,0,0,NovelLightCues_Acquisition_Day2,CRFNovelLightAcquisitionDay2D
C,Marios,80,326,10,1,12____,131821,9,0,0,0,0,0,0,0,0,1,0,NovelLightCues_Acquisition_Day2,CRFNovelLightAcquisitionDay2D
C,Marios,80,326,10,1,12____,132000,9,1,0,0,0,0,0,0,0,0,0,NovelLightCues_Acquisition_Day2,CRFNovelLightAcquisitionDay2D
C,Marios,80,326,10,1,12____,135145,1,0,0,0,0,1,0,0,0,0,0,NovelLightCues_Acquisition_Day2,CRFNovelLightAcquisitionDay2D
C,Marios,80,326,10,1,12____,135170,1,0,0,0,0,0,0,0,0,1,0,NovelLightCues_Acquisition_Day2,CRFNovelLightAcquisitionDay2D
C,Marios,80,326,10,1,12____,135266,1,0,0,0,0,1,0,0,0,0,0,NovelLightCues_Acquisition_Day2,CRFNovelLightAcquisitionDay2D
C,Marios,80,326,10,1,12____,135324,1,0,0,0,0,0,0,0,0,1,0,NovelLightCues_Acquisition_Day2,CRFNovelLightAcquisitionDay2D
C,Marios,80,326,10,1,12____,136250,1,0,0,0,0,1,0,0,0,0,0,NovelLightCues_Acquisition_Day2,CRFNovelLightAcquisitionDay2D
C,Marios,80,326,10,1,12____,136437,1,0,0,0,0,0,0,0,0,1,0,NovelLightCues_Acquisition_Day2,CRFNovelLightAcquisitionDay2D
C,Marios,80,326,10,1,12____,136500,1,2,0,0,0,0,0,0,0,0,0,NovelLightCues_Acquisition_Day2,CRFNovelLightAcquisitionDay2D
C,Marios,80,326,10,1,12____,136929,2,0,0,0,0,1,0,0,0,0,0,NovelLightCues_Acquisition_Day2,CRFNovelLightAcquisitionDay2D
C,Marios,80,326,10,1,12____,136954,2,0,0,0,0,0,0,0,0,1,0,NovelLightCues_Acquisition_Day2,CRFNovelLightAcquisitionDay2D
C,Marios,80,326,10,1,12____,137000,2,6,0,0,0,0,0,0,0,0,0,NovelLightCues_Acquisition_Day2,CRFNovelLightAcquisitionDay2D
C,Marios,80,326,10,1,12____,137073,6,0,0,0,0,1,0,0,0,0,0,NovelLightCues_Acquisition_Day2,CRFNovelLightAcquisitionDay2D
C,Marios,80,326,10,1,12____,137094,6,0,0,0,0,0,0,0,0,1,0,NovelLightCues_Acquisition_Day2,CRFNovelLightAcquisitionDay2D
C,Marios,80,326,10,1,12____,137500,6,8,0,0,0,0,0,0,0,0,0,NovelLightCues_Acquisition_Day2,CRFNovelLightAcquisitionDay2D
C,Marios,80,326,10,1,12____,137623,8,0,0,0,0,1,0,0,0,0,0,NovelLightCues_Acquisition_Day2,CRFNovelLightAcquisitionDay2D
C,Marios,80,326,10,1,12____,137766,8,0,0,0,0,0,0,0,0,1,0,NovelLightCues_Acquisition_Day2,CRFNovelLightAcquisitionDay2D
C,Marios,80,326,10,1,12____,138000,8,1,0,0,0,0,0,0,0,0,0,NovelLightCues_Acquisition_Day2,CRFNovelLightAcquisitionDay2D
C,Marios,80,326,10,1,12____,138464,1,0,0,0,0,1,0,0,0,0,0,NovelLightCues_Acquisition_Day2,CRFNovelLightAcquisitionDay2D
C,Marios,80,326,10,1,12____,138524,1,0,0,0,0,0,0,0,0,1,0,NovelLightCues_Acquisition_Day2,CRFNovelLightAcquisitionDay2D
C,Marios,80,326,10,1,12____,138598,1,0,0,0,0,1,0,0,0,0,0,NovelLightCues_Acquisition_Day2,CRFNovelLightAcquisitionDay2D
C,Marios,80,326,10,1,12____,138716,1,0,0,0,0,0,0,0,0,1,0,NovelLightCues_Acquisition_Day2,CRFNovelLightAcquisitionDay2D
C,Marios,80,326,10,1,12____,138748,1,0,0,0,0,1,0,0,0,0,0,NovelLightCues_Acquisition_Day2,CRFNovelLightAcquisitionDay2D
C,Marios,80,326,10,1,12____,138767,1,0,0,0,0,0,0,0,0,1,0,NovelLightCues_Acquisition_Day2,CRFNovelLightAcquisitionDay2D
C,Marios,80,326,10,1,12____,139299,1,0,0,0,0,1,0,0,0,0,0,NovelLightCues_Acquisition_Day2,CRFNovelLightAcquisitionDay2D
C,Marios,80,326,10,1,12____,139320,1,0,0,0,0,0,0,0,0,1,0,NovelLightCues_Acquisition_Day2,CRFNovelLightAcquisitionDay2D
C,Marios,80,326,10,1,12____,140680,1,0,0,0,0,1,0,0,0,0,0,NovelLightCues_Acquisition_Day2,CRFNovelLightAcquisitionDay2D
C,Marios,80,326,10,1,12____,140936,1,0,0,0,0,0,0,0,0,1,0,NovelLightCues_Acquisition_Day2,CRFNovelLightAcquisitionDay2D
C,Marios,80,326,10,1,12____,141041,1,0,0,0,0,1,0,0,0,0,0,NovelLightCues_Acquisition_Day2,CRFNovelLightAcquisitionDay2D
C,Marios,80,326,10,1,12____,141135,1,0,0,0,0,0,0,0,0,1,0,NovelLightCues_Acquisition_Day2,CRFNovelLightAcquisitionDay2D
C,Marios,80,326,10,1,12____,141273,1,0,0,0,0,1,0,0,0,0,0,NovelLightCues_Acquisition_Day2,CRFNovelLightAcquisitionDay2D
C,Marios,80,326,10,1,12____,141294,1,0,0,0,0,0,0,0,0,1,0,NovelLightCues_Acquisition_Day2,CRFNovelLightAcquisitionDay2D
C,Marios,80,326,10,1,12____,141737,1,0,0,0,0,1,0,0,0,0,0,NovelLightCues_Acquisition_Day2,CRFNovelLightAcquisitionDay2D
C,Marios,80,326,10,1,12____,141973,1,0,0,0,0,0,0,0,0,1,0,NovelLightCues_Acquisition_Day2,CRFNovelLightAcquisitionDay2D
C,Marios,80,326,10,1,12____,142066,1,0,0,0,0,1,0,0,0,0,0,NovelLightCues_Acquisition_Day2,CRFNovelLightAcquisitionDay2D
C,Marios,80,326,10,1,12____,142194,1,0,0,0,0,0,0,0,0,1,0,NovelLightCues_Acquisition_Day2,CRFNovelLightAcquisitionDay2D
C,Marios,80,326,10,1,12____,142500,1,2,0,0,0,0,0,0,0,0,0,NovelLightCues_Acquisition_Day2,CRFNovelLightAcquisitionDay2D
C,Marios,80,326,10,1,12____,143000,2,3,0,0,0,0,0,0,0,0,0,NovelLightCues_Acquisition_Day2,CRFNovelLightAcquisitionDay2D
C,Marios,80,326,10,1,12____,143500,3,9,0,0,0,0,0,0,0,0,0,NovelLightCues_Acquisition_Day2,CRFNovelLightAcquisitionDay2D
C,Marios,80,326,10,1,12____,143809,9,0,0,0,0,1,0,0,0,0,0,NovelLightCues_Acquisition_Day2,CRFNovelLightAcquisitionDay2D
C,Marios,80,326,10,1,12____,143930,9,0,0,0,0,0,0,0,0,1,0,NovelLightCues_Acquisition_Day2,CRFNovelLightAcquisitionDay2D
C,Marios,80,326,10,1,12____,143948,9,0,0,0,0,1,0,0,0,0,0,NovelLightCues_Acquisition_Day2,CRFNovelLightAcquisitionDay2D
C,Marios,80,326,10,1,12____,143951,9,0,0,0,0,0,0,0,0,1,0,NovelLightCues_Acquisition_Day2,CRFNovelLightAcquisitionDay2D
C,Marios,80,326,10,1,12____,143983,9,0,0,0,0,1,0,0,0,0,0,NovelLightCues_Acquisition_Day2,CRFNovelLightAcquisitionDay2D
C,Marios,80,326,10,1,12____,143989,9,0,0,0,0,0,0,0,0,1,0,NovelLightCues_Acquisition_Day2,CRFNovelLightAcquisitionDay2D
C,Marios,80,326,10,1,12____,144000,9,10,0,0,0,0,0,0,0,0,0,NovelLightCues_Acquisition_Day2,CRFNovelLightAcquisitionDay2D
C,Marios,80,326,10,1,12____,144005,10,0,0,0,0,1,0,0,0,0,0,NovelLightCues_Acquisition_Day2,CRFNovelLightAcquisitionDay2D
C,Marios,80,326,10,1,12____,144165,10,0,0,0,0,0,0,0,0,1,0,NovelLightCues_Acquisition_Day2,CRFNovelLightAcquisitionDay2D
C,Marios,80,326,10,1,12____,145371,10,0,0,0,0,1,0,0,0,0,0,NovelLightCues_Acquisition_Day2,CRFNovelLightAcquisitionDay2D
C,Marios,80,326,10,1,12____,145429,10,0,0,0,0,0,0,0,0,1,0,NovelLightCues_Acquisition_Day2,CRFNovelLightAcquisitionDay2D
C,Marios,80,326,10,1,12____,145598,10,0,0,0,0,1,0,0,0,0,0,NovelLightCues_Acquisition_Day2,CRFNovelLightAcquisitionDay2D
C,Marios,80,326,10,1,12____,145799,10,0,0,0,0,0,0,0,0,1,0,NovelLightCues_Acquisition_Day2,CRFNovelLightAcquisitionDay2D
C,Marios,80,326,10,1,12____,145892,10,0,0,0,0,1,0,0,0,0,0,NovelLightCues_Acquisition_Day2,CRFNovelLightAcquisitionDay2D
C,Marios,80,326,10,1,12____,145934,10,0,0,0,0,0,0,0,0,1,0,NovelLightCues_Acquisition_Day2,CRFNovelLightAcquisitionDay2D
C,Marios,80,326,10,1,12____,146003,10,0,0,0,0,1,0,0,0,0,0,NovelLightCues_Acquisition_Day2,CRFNovelLightAcquisitionDay2D
C,Marios,80,326,10,1,12____,146031,10,0,0,0,0,0,0,0,0,1,0,NovelLightCues_Acquisition_Day2,CRFNovelLightAcquisitionDay2D
C,Marios,80,326,10,1,12____,146586,10,0,0,0,0,1,0,0,0,0,0,NovelLightCues_Acquisition_Day2,CRFNovelLightAcquisitionDay2D
C,Marios,80,326,10,1,12____,146713,10,0,0,0,0,0,0,0,0,1,0,NovelLightCues_Acquisition_Day2,CRFNovelLightAcquisitionDay2D
C,Marios,80,326,10,1,12____,147000,10,-1,0,0,0,0,0,0,0,0,0,NovelLightCues_Acquisition_Day2,CRFNovelLightAcquisitionDay2D
